{
    "train_avg_precision": {
        "best_results": [
            1.0,
            0.9835051546391752,
            1.0,
            1.0,
            1.0
        ],
        "all_results": [
            [
                1.0,
                0.9835051546391752,
                1.0,
                1.0,
                1.0
            ],
            [
                1.0,
                0.0,
                1.0,
                0.0,
                0.0
            ],
            [
                1.0,
                0.9835051546391752,
                1.0,
                0.0,
                0.0
            ]
        ],
        "epoches": [
            0,
            10,
            20
        ]
    },
    "train_avg_recall": {
        "best_results": [
            0.8895104895104895,
            0.6933139534883721,
            0.9566433566433566,
            0.4825174825174825,
            0.6251748251748251
        ],
        "all_results": [
            [
                0.8895104895104895,
                0.6933139534883721,
                0.9566433566433566,
                0.4825174825174825,
                0.6251748251748251
            ],
            [
                0.8895104895104895,
                0.0,
                0.9566433566433566,
                0.0,
                0.0
            ],
            [
                0.8895104895104895,
                0.6933139534883721,
                0.9566433566433566,
                0.0,
                0.0
            ]
        ],
        "epoches": [
            0,
            10,
            20
        ]
    },
    "train_avg_f1": {
        "best_results": [
            0.9415247964470762,
            0.8132992327365728,
            0.9778413152251608,
            0.6509433962264151,
            0.7693631669535284
        ],
        "all_results": [
            [
                0.9415247964470762,
                0.8132992327365728,
                0.9778413152251608,
                0.6509433962264151,
                0.7693631669535284
            ],
            [
                0.9415247964470762,
                0.0,
                0.9778413152251608,
                0.0,
                0.0
            ],
            [
                0.9415247964470762,
                0.8132992327365728,
                0.9778413152251608,
                0.0,
                0.0
            ]
        ],
        "epoches": [
            0,
            10,
            20
        ]
    },
    "train_avg_accuracy": {
        "best_results": [
            0.8895105123519897,
            0.6937062740325928,
            0.9566433429718018,
            0.5174825191497803,
            0.6251748204231262
        ],
        "all_results": [
            [
                0.8895105123519897,
                0.6937062740325928,
                0.9566433429718018,
                0.5174825191497803,
                0.6251748204231262
            ],
            [
                0.8895105123519897,
                0.3216783106327057,
                0.9566433429718018,
                0.5174825191497803,
                0.3748251795768738
            ],
            [
                0.8895105123519897,
                0.6937062740325928,
                0.9566433429718018,
                0.5174825191497803,
                0.3748251795768738
            ]
        ],
        "epoches": [
            0,
            10,
            20
        ]
    },
    "val_avg_precision": {
        "best_results": [
            1.0,
            0.9343065693430657,
            1.0,
            1.0,
            1.0
        ],
        "all_results": [
            [
                1.0,
                0.9343065693430657,
                1.0,
                1.0,
                1.0
            ],
            [
                1.0,
                0.0,
                1.0,
                0.0,
                0.0
            ],
            [
                1.0,
                0.9343065693430657,
                1.0,
                0.0,
                0.0
            ]
        ],
        "epoches": [
            0,
            10,
            20
        ]
    },
    "val_avg_recall": {
        "best_results": [
            0.9874476987447699,
            0.6368159203980099,
            0.9414225941422594,
            0.4435146443514644,
            0.6401673640167364
        ],
        "all_results": [
            [
                0.9874476987447699,
                0.6368159203980099,
                0.9414225941422594,
                0.4435146443514644,
                0.6401673640167364
            ],
            [
                0.9874476987447699,
                0.0,
                0.9414225941422594,
                0.0,
                0.0
            ],
            [
                0.9874476987447699,
                0.6368159203980099,
                0.9414225941422594,
                0.0,
                0.0
            ]
        ],
        "epoches": [
            0,
            10,
            20
        ]
    },
    "val_avg_f1": {
        "best_results": [
            0.9936842105263157,
            0.757396449704142,
            0.9698275862068966,
            0.6144927536231884,
            0.7806122448979592
        ],
        "all_results": [
            [
                0.9936842105263157,
                0.757396449704142,
                0.9698275862068966,
                0.6144927536231884,
                0.7806122448979592
            ],
            [
                0.9936842105263157,
                0.0,
                0.9698275862068966,
                0.0,
                0.0
            ],
            [
                0.9936842105263157,
                0.757396449704142,
                0.9698275862068966,
                0.0,
                0.0
            ]
        ],
        "epoches": [
            0,
            10,
            20
        ]
    },
    "val_avg_accuracy": {
        "best_results": [
            0.9874476790428162,
            0.6569037437438965,
            0.9414225816726685,
            0.5564853549003601,
            0.6401673555374146
        ],
        "all_results": [
            [
                0.9874476790428162,
                0.6569037437438965,
                0.9414225816726685,
                0.5564853549003601,
                0.6401673555374146
            ],
            [
                0.9874476790428162,
                0.42677825689315796,
                0.9414225816726685,
                0.5564853549003601,
                0.35983264446258545
            ],
            [
                0.9874476790428162,
                0.6569037437438965,
                0.9414225816726685,
                0.5564853549003601,
                0.35983264446258545
            ]
        ],
        "epoches": [
            0,
            10,
            20
        ]
    },
    "test_avg_precision": {
        "best_results": [
            1.0,
            0.7419354838709677,
            1.0,
            0.6782608695652174,
            0.8016528925619835
        ],
        "all_results": [
            [
                1.0,
                0.7419354838709677,
                1.0,
                0.6782608695652174,
                0.8016528925619835
            ],
            [
                1.0,
                0.0,
                1.0,
                0.0,
                0.0
            ],
            [
                1.0,
                0.7419354838709677,
                1.0,
                0.0,
                0.0
            ]
        ],
        "epoches": [
            0,
            10,
            20
        ]
    },
    "test_avg_recall": {
        "best_results": [
            1.0,
            0.756578947368421,
            0.7689075630252101,
            0.42162162162162165,
            0.5243243243243243
        ],