{
    "train_avg_precision": {
        "best_results": [
            1.0,
            0.0,
            1.0,
            1.0,
            1.0
        ],
        "all_results": [
            [
                1.0,
                0.0,
                1.0,
                1.0,
                1.0
            ],
            [
                1.0,
                0.0,
                1.0,
                0.0,
                0.0
            ],
            [
                1.0,
                0.0,
                1.0,
                0.0,
                0.0
            ]
        ],
        "epoches": [
            0,
            10,
            20
        ]
    },
    "train_avg_recall": {
        "best_results": [
            0.7945670628183361,
            0.0,
            0.9762308998302207,
            0.42784380305602715,
            0.5772495755517827
        ],
        "all_results": [
            [
                0.7945670628183361,
                0.0,
                0.9762308998302207,
                0.42784380305602715,
                0.5772495755517827
            ],
            [
                0.7945670628183361,
                0.0,
                0.9762308998302207,
                0.0,
                0.0
            ],
            [
                0.7945670628183361,
                0.0,
                0.9762308998302207,
                0.0,
                0.0
            ]
        ],
        "epoches": [
            0,
            10,
            20
        ]
    },
    "train_avg_f1": {
        "best_results": [
            0.8855250709555345,
            0.0,
            0.9879725085910653,
            0.5992865636147443,
            0.7319698600645855
        ],
        "all_results": [
            [
                0.8855250709555345,
                0.0,
                0.9879725085910653,
                0.5992865636147443,
                0.7319698600645855
            ],
            [
                0.8855250709555345,
                0.0,
                0.9879725085910653,
                0.0,
                0.0
            ],
            [
                0.8855250709555345,
                0.0,
                0.9879725085910653,
                0.0,
                0.0
            ]
        ],
        "epoches": [
            0,
            10,
            20
        ]
    },
    "train_avg_accuracy": {
        "best_results": [
            0.7945670485496521,
            0.38030558824539185,
            0.9762309193611145,
            0.5721561908721924,
            0.5772495865821838
        ],
        "all_results": [
            [
                0.7945670485496521,
                0.38030558824539185,
                0.9762309193611145,
                0.5721561908721924,
                0.5772495865821838
            ],
            [
                0.7945670485496521,
                0.38030558824539185,
                0.9762309193611145,
                0.5721561908721924,
                0.42275041341781616
            ],
            [
                0.7945670485496521,
                0.38030558824539185,
                0.9762309193611145,
                0.5721561908721924,
                0.42275041341781616
            ]
        ],
        "epoches": [
            0,
            10,
            20
        ]
    },
    "val_avg_precision": {
        "best_results": [
            1.0,
            0.0,
            1.0,
            1.0,
            1.0
        ],
        "all_results": [
            [
                1.0,
                0.0,
                1.0,
                1.0,
                1.0
            ],
            [
                1.0,
                0.0,
                1.0,
                0.0,
                0.0
            ],
            [
                1.0,
                0.0,
                1.0,
                0.0,
                0.0
            ]
        ],
        "epoches": [
            0,
            10,
            20
        ]
    },
    "val_avg_recall": {
        "best_results": [
            0.8883248730964467,
            0.0,
            0.9086294416243654,
            0.5329949238578681,
            0.5989847715736041
        ],
        "all_results": [
            [
                0.8883248730964467,
                0.0,
                0.9086294416243654,
                0.5329949238578681,
                0.5989847715736041
            ],
            [
                0.8883248730964467,
                0.0,
                0.9086294416243654,
                0.0,
                0.0
            ],
            [
                0.8883248730964467,
                0.0,
                0.9086294416243654,
                0.0,
                0.0
            ]
        ],
        "epoches": [
            0,
            10,
            20
        ]
    },
    "val_avg_f1": {
        "best_results": [
            0.9408602150537635,
            0.0,
            0.9521276595744681,
            0.6953642384105961,
            0.7492063492063492
        ],
        "all_results": [
            [
                0.9408602150537635,
                0.0,
                0.9521276595744681,
                0.6953642384105961,
                0.7492063492063492
            ],
            [
                0.9408602150537635,
                0.0,
                0.9521276595744681,
                0.0,
                0.0
            ],
            [
                0.9408602150537635,
                0.0,
                0.9521276595744681,
                0.0,
                0.0
            ]
        ],
        "epoches": [
            0,
            10,
            20
        ]
    },
    "val_avg_accuracy": {
        "best_results": [
            0.8883248567581177,
            0.3604061007499695,
            0.9086294174194336,
            0.5329949259757996,
            0.5989847779273987
        ],
        "all_results": [
            [
                0.8883248567581177,
                0.3604061007499695,
                0.9086294174194336,
                0.5329949259757996,
                0.5989847779273987
            ],
            [
                0.8883248567581177,
                0.3604061007499695,
                0.9086294174194336,
                0.46700507402420044,
                0.4010152220726013
            ],
            [
                0.8883248567581177,
                0.3604061007499695,
                0.9086294174194336,
                0.46700507402420044,
                0.4010152220726013
            ]
        ],
        "epoches": [
            0,
            10,
            20
        ]
    },
    "test_avg_precision": {
        "best_results": [
            1.0,
            0.0,
            1.0,
            1.0,
            1.0
        ],
        "all_results": [
            [
                1.0,
                0.0,
                1.0,
                1.0,
                1.0
            ],
            [
                1.0,
                0.0,
                1.0,
                0.0,
                0.0
            ],
            [
                1.0,
                0.0,
                1.0,
                0.0,
                0.0
            ]
        ],
        "epoches": [
            0,
            10,
            20
        ]
    },
    "test_avg_recall": {
        "best_results": [
            0.9543147208121827,
            0.0,
            0.8578680203045685,
            0.3604060913705584,
            0.5989847715736041
        ],