{
    "train_avg_precision": {
        "best_results": [
            1.0,
            1.0,
            1.0,
            0.0,
            0.0
        ],
        "all_results": [
            [
                1.0,
                1.0,
                1.0,
                0.0,
                0.0
            ],
            [
                1.0,
                0.0,
                1.0,
                0.0,
                0.0
            ]
        ],
        "epoches": [
            0,
            10
        ]
    },
    "train_avg_recall": {
        "best_results": [
            0.7378378378378379,
            0.5837837837837838,
            0.9594594594594594,
            0.0,
            0.0
        ],
        "all_results": [
            [
                0.7378378378378379,
                0.5837837837837838,
                0.9594594594594594,
                0.0,
                0.0
            ],
            [
                0.7378378378378379,
                0.0,
                0.9594594594594594,
                0.0,
                0.0
            ]
        ],
        "epoches": [
            0,
            10
        ]
    },
    "train_avg_f1": {
        "best_results": [
            0.849144634525661,
            0.7372013651877133,
            0.9793103448275862,
            0.0,
            0.0
        ],
        "all_results": [
            [
                0.849144634525661,
                0.7372013651877133,
                0.9793103448275862,
                0.0,
                0.0
            ],
            [
                0.849144634525661,
                0.0,
                0.9793103448275862,
                0.0,
                0.0
            ]
        ],
        "epoches": [
            0,
            10
        ]
    },
    "train_avg_accuracy": {
        "best_results": [
            0.7378378510475159,
            0.5837838053703308,
            0.9594594836235046,
            0.49189189076423645,
            0.5513513684272766
        ],
        "all_results": [
            [
                0.7378378510475159,
                0.5837838053703308,
                0.9594594836235046,
                0.49189189076423645,
                0.5513513684272766
            ],
            [
                0.7378378510475159,
                0.4162162244319916,
                0.9594594836235046,
                0.49189189076423645,
                0.5513513684272766
            ]
        ],
        "epoches": [
            0,
            10
        ]
    },
    "val_avg_precision": {
        "best_results": [
            1.0,
            1.0,
            1.0,
            0.0,
            0.0
        ],
        "all_results": [
            [
                1.0,
                1.0,
                1.0,
                0.0,
                0.0
            ],
            [
                1.0,
                0.0,
                1.0,
                0.0,
                0.0
            ]
        ],
        "epoches": [
            0,
            10
        ]
    },
    "val_avg_recall": {
        "best_results": [
            0.7419354838709677,
            0.717741935483871,
            0.9274193548387096,
            0.0,
            0.0
        ],
        "all_results": [
            [
                0.7419354838709677,
                0.717741935483871,
                0.9274193548387096,
                0.0,
                0.0
            ],
            [
                0.7419354838709677,
                0.0,
                0.9274193548387096,
                0.0,
                0.0
            ]
        ],
        "epoches": [
            0,
            10
        ]
    },
    "val_avg_f1": {
        "best_results": [
            0.8518518518518519,
            0.835680751173709,
            0.9623430962343097,
            0.0,
            0.0
        ],
        "all_results": [
            [
                0.8518518518518519,
                0.835680751173709,
                0.9623430962343097,
                0.0,
                0.0
            ],
            [
                0.8518518518518519,
                0.0,
                0.9623430962343097,
                0.0,
                0.0
            ]
        ],
        "epoches": [
            0,
            10
        ]
    },
    "val_avg_accuracy": {
        "best_results": [
            0.7419354915618896,
            0.7177419066429138,
            0.9274193644523621,
            0.3629032373428345,
            0.4516128897666931
        ],
        "all_results": [
            [
                0.7419354915618896,
                0.7177419066429138,
                0.9274193644523621,
                0.3629032373428345,
                0.4516128897666931
            ],
            [
                0.7419354915618896,
                0.2822580635547638,
                0.9274193644523621,
                0.3629032373428345,
                0.4516128897666931
            ]
        ],
        "epoches": [
            0,
            10
        ]
    },
    "test_avg_precision": {
        "best_results": [
            1.0,
            1.0,
            1.0,
            0.0,
            0.0
        ],
        "all_results": [
            [
                1.0,
                1.0,
                1.0,
                0.0,
                0.0
            ],
            [
                1.0,
                0.0,
                1.0,
                0.0,
                0.0
            ]
        ],
        "epoches": [
            0,
            10
        ]
    },
    "test_avg_recall": {
        "best_results": [
            0.8617886178861789,
            0.7154471544715447,
            0.7886178861788617,
            0.0,
            0.0
        ],
        "all_results": [
            [
                0.8617886178861789,
                0.7154471544715447,
                0.7886178861788617,
                0.0,
                0.0
            ],
            [
                0.8617886178861789,
                0.0,
                0.7886178861788617,
                0.0,
                0.0
            ]
        ],
        "epoches": [
            0,
            10
        ]
    },
    "test_avg_f1": {
        "best_results": [
            0.925764192139738,
            0.8341232227488152,
            0.8818181818181818,
            0.0,
            0.0
        ],
        "all_results": [
            [
                0.925764192139738,
                0.8341232227488152,
                0.8818181818181818,
                0.0,
                0.0
            ],
            [
                0.925764192139738,
                0.0,
                0.8818181818181818,
                0.0,
                0.0
            ]
        ],
        "epoches": [
            0,
            10
        ]
    },
    "test_avg_accuracy": {
        "best_results": [
            0.8617886304855347,
            0.7154471278190613,
            0.7886179089546204,
            0.3658536672592163,
            0.4878048896789551
        ],
        "all_results": [
            [
                0.8617886304855347,
                0.7154471278190613,
                0.7886179089546204,
                0.3658536672592163,
                0.4878048896789551
            ],
            [
                0.8617886304855347,
                0.28455284237861633,
                0.7886179089546204,
                0.3658536672592163,
                0.4878048896789551
            ]
        ],
        "epoches": [
            0,
            10
        ]
    }
}