{
    "train_avg_precision": {
        "best_results": [
            1.0,
            1.0,
            1.0,
            1.0,
            1.0
        ],
        "all_results": [
            [
                1.0,
                1.0,
                1.0,
                1.0,
                1.0
            ],
            [
                1.0,
                1.0,
                1.0,
                0.0,
                0.0
            ],
            [
                1.0,
                1.0,
                1.0,
                0.0,
                0.0
            ],
            [
                1.0,
                1.0,
                1.0,
                1.0,
                0.0
            ]
        ],
        "epoches": [
            0,
            10,
            20,
            30
        ]
    },
    "train_avg_recall": {
        "best_results": [
            0.6925566343042071,
            0.6440129449838188,
            0.9773462783171522,
            0.5704918032786885,
            0.32362459546925565
        ],
        "all_results": [
            [
                0.6925566343042071,
                0.6440129449838188,
                0.9773462783171522,
                0.5704918032786885,
                0.32362459546925565
            ],
            [
                0.6925566343042071,
                0.6440129449838188,
                0.9773462783171522,
                0.0,
                0.0
            ],
            [
                0.6925566343042071,
                0.6440129449838188,
                0.9773462783171522,
                0.0,
                0.0
            ],
            [
                0.6925566343042071,
                0.6440129449838188,
                0.9773462783171522,
                0.5704918032786885,
                0.0
            ]
        ],
        "epoches": [
            0,
            10,
            20,
            30
        ]
    },
    "train_avg_f1": {
        "best_results": [
            0.8183556405353728,
            0.7834645669291339,
            0.9885433715220949,
            0.7265135699373695,
            0.4889975550122249
        ],
        "all_results": [
            [
                0.8183556405353728,
                0.7834645669291339,
                0.9885433715220949,
                0.7265135699373695,
                0.4889975550122249
            ],
            [
                0.8183556405353728,
                0.7834645669291339,
                0.9885433715220949,
                0.0,
                0.0
            ],
            [
                0.8183556405353728,
                0.7834645669291339,
                0.9885433715220949,
                0.0,
                0.0
            ],
            [
                0.8183556405353728,
                0.7834645669291339,
                0.9885433715220949,
                0.7265135699373695,
                0.0
            ]
        ],
        "epoches": [
            0,
            10,
            20,
            30
        ]
    },
    "train_avg_accuracy": {
        "best_results": [
            0.692556619644165,
            0.6440129280090332,
            0.9773463010787964,
            0.5760517716407776,
            0.6763753890991211
        ],
        "all_results": [
            [
                0.692556619644165,
                0.6440129280090332,
                0.9773463010787964,
                0.5760517716407776,
                0.6763753890991211
            ],
            [
                0.692556619644165,
                0.6440129280090332,
                0.9773463010787964,
                0.43689319491386414,
                0.6763753890991211
            ],
            [
                0.692556619644165,
                0.6440129280090332,
                0.9773463010787964,
                0.43689319491386414,
                0.6763753890991211
            ],
            [
                0.692556619644165,
                0.6440129280090332,
                0.9773463010787964,
                0.5760517716407776,
                0.6763753890991211
            ]
        ],
        "epoches": [
            0,
            10,
            20,
            30
        ]
    },
    "val_avg_precision": {
        "best_results": [
            1.0,
            1.0,
            1.0,
            1.0,
            1.0
        ],
        "all_results": [
            [
                1.0,
                1.0,
                1.0,
                1.0,
                1.0
            ],
            [
                1.0,
                1.0,
                1.0,
                0.0,
                0.0
            ],
            [
                1.0,
                1.0,
                1.0,
                0.0,
                0.0
            ],
            [
                1.0,
                1.0,
                1.0,
                1.0,
                0.0
            ]
        ],
        "epoches": [
            0,
            10,
            20,
            30
        ]
    },
    "val_avg_recall": {
        "best_results": [
            0.75,
            0.7307692307692307,
            0.9519230769230769,
            0.6176470588235294,
            0.5480769230769231
        ],
        "all_results": [
            [
                0.75,
                0.7307692307692307,
                0.9519230769230769,
                0.6176470588235294,
                0.5480769230769231
            ],
            [
                0.75,
                0.7307692307692307,
                0.9519230769230769,
                0.0,
                0.0
            ],
            [
                0.75,
                0.7307692307692307,
                0.9519230769230769,
                0.0,
                0.0
            ],
            [
                0.75,
                0.7307692307692307,
                0.9519230769230769,
                0.6176470588235294,
                0.0
            ]
        ],
        "epoches": [
            0,
            10,
            20,
            30
        ]
    },
    "val_avg_f1": {
        "best_results": [
            0.8571428571428571,
            0.8444444444444443,
            0.9753694581280787,
            0.7636363636363637,
            0.7080745341614907
        ],
        "all_results": [
            [
                0.8571428571428571,
                0.8444444444444443,
                0.9753694581280787,
                0.7636363636363637,
                0.7080745341614907
            ],
            [
                0.8571428571428571,
                0.8444444444444443,
                0.9753694581280787,
                0.0,
                0.0
            ],
            [
                0.8571428571428571,
                0.8444444444444443,
                0.9753694581280787,
                0.0,
                0.0
            ],
            [
                0.8571428571428571,
                0.8444444444444443,
                0.9753694581280787,
                0.7636363636363637,
                0.0
            ]
        ],
        "epoches": [
            0,
            10,
            20,
            30
        ]
    },
    "val_avg_accuracy": {
        "best_results": [
            0.75,
            0.7307692170143127,
            0.9519230723381042,
            0.625,
            0.5480769276618958
        ],