{
    "train_avg_precision": {
        "best_results": [
            1.0,
            0.0,
            1.0,
            0.0,
            0.0
        ],
        "all_results": [
            [
                1.0,
                0.0,
                1.0,
                0.0,
                0.0
            ],
            [
                1.0,
                0.0,
                1.0,
                0.0,
                0.0
            ],
            [
                1.0,
                0.0,
                1.0,
                0.0,
                0.0
            ]
        ],
        "epoches": [
            0,
            10,
            20
        ]
    },
    "train_avg_recall": {
        "best_results": [
            0.7346938775510204,
            0.0,
            0.9737609329446064,
            0.0,
            0.0
        ],
        "all_results": [
            [
                0.7346938775510204,
                0.0,
                0.9737609329446064,
                0.0,
                0.0
            ],
            [
                0.7346938775510204,
                0.0,
                0.9737609329446064,
                0.0,
                0.0
            ],
            [
                0.7346938775510204,
                0.0,
                0.9737609329446064,
                0.0,
                0.0
            ]
        ],
        "epoches": [
            0,
            10,
            20
        ]
    },
    "train_avg_f1": {
        "best_results": [
            0.8470588235294119,
            0.0,
            0.9867060561299852,
            0.0,
            0.0
        ],
        "all_results": [
            [
                0.8470588235294119,
                0.0,
                0.9867060561299852,
                0.0,
                0.0
            ],
            [
                0.8470588235294119,
                0.0,
                0.9867060561299852,
                0.0,
                0.0
            ],
            [
                0.8470588235294119,
                0.0,
                0.9867060561299852,
                0.0,
                0.0
            ]
        ],
        "epoches": [
            0,
            10,
            20
        ]
    },
    "train_avg_accuracy": {
        "best_results": [
            0.7346938848495483,
            0.3906705677509308,
            0.9737609624862671,
            0.44606414437294006,
            0.5685130953788757
        ],
        "all_results": [
            [
                0.7346938848495483,
                0.3906705677509308,
                0.9737609624862671,
                0.44606414437294006,
                0.5685130953788757
            ],
            [
                0.7346938848495483,
                0.3906705677509308,
                0.9737609624862671,
                0.44606414437294006,
                0.5685130953788757
            ],
            [
                0.7346938848495483,
                0.3906705677509308,
                0.9737609624862671,
                0.44606414437294006,
                0.5685130953788757
            ]
        ],
        "epoches": [
            0,
            10,
            20
        ]
    },
    "val_avg_precision": {
        "best_results": [
            1.0,
            0.0,
            1.0,
            0.0,
            0.0
        ],
        "all_results": [
            [
                1.0,
                0.0,
                1.0,
                0.0,
                0.0
            ],
            [
                1.0,
                0.0,
                1.0,
                0.0,
                0.0
            ],
            [
                1.0,
                0.0,
                1.0,
                0.0,
                0.0
            ]
        ],
        "epoches": [
            0,
            10,
            20
        ]
    },
    "val_avg_recall": {
        "best_results": [
            0.782608695652174,
            0.0,
            0.9478260869565217,
            0.0,
            0.0
        ],
        "all_results": [
            [
                0.782608695652174,
                0.0,
                0.9478260869565217,
                0.0,
                0.0
            ],
            [
                0.782608695652174,
                0.0,
                0.9478260869565217,
                0.0,
                0.0
            ],
            [
                0.782608695652174,
                0.0,
                0.9478260869565217,
                0.0,
                0.0
            ]
        ],
        "epoches": [
            0,
            10,
            20
        ]
    },
    "val_avg_f1": {
        "best_results": [
            0.878048780487805,
            0.0,
            0.9732142857142857,
            0.0,
            0.0
        ],
        "all_results": [
            [
                0.878048780487805,
                0.0,
                0.9732142857142857,
                0.0,
                0.0
            ],
            [
                0.878048780487805,
                0.0,
                0.9732142857142857,
                0.0,
                0.0
            ],
            [
                0.878048780487805,
                0.0,
                0.9732142857142857,
                0.0,
                0.0
            ]
        ],
        "epoches": [
            0,
            10,
            20
        ]
    },
    "val_avg_accuracy": {
        "best_results": [
            0.782608687877655,
            0.260869562625885,
            0.947826087474823,
            0.4434782564640045,
            0.4434782564640045
        ],
        "all_results": [
            [
                0.782608687877655,
                0.260869562625885,
                0.947826087474823,
                0.4434782564640045,
                0.4434782564640045
            ],
            [
                0.782608687877655,
                0.260869562625885,
                0.947826087474823,
                0.4434782564640045,
                0.4434782564640045
            ],
            [
                0.782608687877655,
                0.260869562625885,
                0.947826087474823,
                0.4434782564640045,
                0.4434782564640045
            ]
        ],
        "epoches": [
            0,
            10,
            20
        ]
    },
    "test_avg_precision": {
        "best_results": [
            1.0,
            0.0,
            1.0,
            0.0,
            0.0
        ],
        "all_results": [
            [
                1.0,
                0.0,
                1.0,
                0.0,
                0.0
            ],
            [
                1.0,
                0.0,
                1.0,
                0.0,
                0.0
            ],
            [
                1.0,
                0.0,
                1.0,
                0.0,
                0.0
            ]
        ],
        "epoches": [
            0,
            10,
            20
        ]
    },
    "test_avg_recall": {
        "best_results": [
            0.8608695652173913,
            0.0,
            0.782608695652174,
            0.0,
            0.0
        ],
        "all_results": [
            [
                0.8608695652173913,
                0.0,
                0.782608695652174,
                0.0,
                0.0
            ],
            [
                0.8608695652173913,
                0.0,
                0.782608695652174,
                0.0,
                0.0
            ],
            [
                0.8608695652173913,
                0.0,
                0.782608695652174,
                0.0,
                0.0
            ]
        ],
        "epoches": [
            0,
            10,
            20
        ]
    },
    "test_avg_f1": {
        "best_results": [
            0.9252336448598132,
            0.0,
            0.878048780487805,
            0.0,
            0.0
        ],