{
    "train_avg_precision": {
        "best_results": [
            1.0,
            1.0,
            1.0,
            1.0,
            0.0
        ],
        "all_results": [
            [
                1.0,
                1.0,
                1.0,
                1.0,
                0.0
            ],
            [
                1.0,
                1.0,
                0.0,
                0.0,
                0.0
            ],
            [
                1.0,
                1.0,
                0.0,
                0.0,
                0.0
            ]
        ],
        "epoches": [
            0,
            10,
            20
        ]
    },
    "train_avg_recall": {
        "best_results": [
            0.7275204359673024,
            0.9618528610354223,
            0.37057220708446864,
            0.5204359673024523,
            0.0
        ],
        "all_results": [
            [
                0.7275204359673024,
                0.9618528610354223,
                0.37057220708446864,
                0.5204359673024523,
                0.0
            ],
            [
                0.7275204359673024,
                0.9618528610354223,
                0.0,
                0.0,
                0.0
            ],
            [
                0.7275204359673024,
                0.9618528610354223,
                0.0,
                0.0,
                0.0
            ]
        ],
        "epoches": [
            0,
            10,
            20
        ]
    },
    "train_avg_f1": {
        "best_results": [
            0.8422712933753943,
            0.9805555555555555,
            0.5407554671968191,
            0.6845878136200717,
            0.0
        ],
        "all_results": [
            [
                0.8422712933753943,
                0.9805555555555555,
                0.5407554671968191,
                0.6845878136200717,
                0.0
            ],
            [
                0.8422712933753943,
                0.9805555555555555,
                0.0,
                0.0,
                0.0
            ],
            [
                0.8422712933753943,
                0.9805555555555555,
                0.0,
                0.0,
                0.0
            ]
        ],
        "epoches": [
            0,
            10,
            20
        ]
    },
    "train_avg_accuracy": {
        "best_results": [
            0.7275204062461853,
            0.9618528485298157,
            0.6294277906417847,
            0.5204359889030457,
            0.46049046516418457
        ],
        "all_results": [
            [
                0.7275204062461853,
                0.9618528485298157,
                0.6294277906417847,
                0.5204359889030457,
                0.46049046516418457
            ],
            [
                0.7275204062461853,
                0.9618528485298157,
                0.6294277906417847,
                0.47956404089927673,
                0.46049046516418457
            ],
            [
                0.7275204062461853,
                0.9618528485298157,
                0.6294277906417847,
                0.47956404089927673,
                0.46049046516418457
            ]
        ],
        "epoches": [
            0,
            10,
            20
        ]
    },
    "val_avg_precision": {
        "best_results": [
            1.0,
            1.0,
            1.0,
            1.0,
            0.0
        ],
        "all_results": [
            [
                1.0,
                1.0,
                1.0,
                1.0,
                0.0
            ],
            [
                1.0,
                1.0,
                0.0,
                0.0,
                0.0
            ],
            [
                1.0,
                1.0,
                0.0,
                0.0,
                0.0
            ]
        ],
        "epoches": [
            0,
            10,
            20
        ]
    },
    "val_avg_recall": {
        "best_results": [
            0.8130081300813008,
            0.9105691056910569,
            0.6016260162601627,
            0.7073170731707317,
            0.0
        ],
        "all_results": [
            [
                0.8130081300813008,
                0.9105691056910569,
                0.6016260162601627,
                0.7073170731707317,
                0.0
            ],
            [
                0.8130081300813008,
                0.9105691056910569,
                0.0,
                0.0,
                0.0
            ],
            [
                0.8130081300813008,
                0.9105691056910569,
                0.0,
                0.0,
                0.0
            ]
        ],
        "epoches": [
            0,
            10,
            20
        ]
    },
    "val_avg_f1": {
        "best_results": [
            0.8968609865470852,
            0.9531914893617021,
            0.7512690355329951,
            0.8285714285714285,
            0.0
        ],
        "all_results": [
            [
                0.8968609865470852,
                0.9531914893617021,
                0.7512690355329951,
                0.8285714285714285,
                0.0
            ],
            [
                0.8968609865470852,
                0.9531914893617021,
                0.0,
                0.0,
                0.0
            ],
            [
                0.8968609865470852,
                0.9531914893617021,
                0.0,
                0.0,
                0.0
            ]
        ],
        "epoches": [
            0,
            10,
            20
        ]
    },
    "val_avg_accuracy": {
        "best_results": [
            0.8130081295967102,
            0.9105691313743591,
            0.6016260385513306,
            0.707317054271698,
            0.3739837408065796
        ],
        "all_results": [
            [
                0.8130081295967102,
                0.9105691313743591,
                0.6016260385513306,
                0.707317054271698,
                0.3739837408065796
            ],
            [
                0.8130081295967102,
                0.9105691313743591,
                0.3983739912509918,
                0.2926829159259796,
                0.3739837408065796
            ],
            [
                0.8130081295967102,
                0.9105691313743591,
                0.3983739912509918,
                0.2926829159259796,
                0.3739837408065796
            ]
        ],
        "epoches": [
            0,
            10,
            20
        ]
    },
    "test_avg_precision": {
        "best_results": [
            1.0,
            1.0,
            1.0,
            1.0,
            0.0
        ],
        "all_results": [
            [
                1.0,
                1.0,
                1.0,
                1.0,
                0.0
            ],
            [
                1.0,
                1.0,
                0.0,
                0.0,
                0.0
            ],
            [
                1.0,
                1.0,
                0.0,
                0.0,
                0.0
            ]
        ],
        "epoches": [
            0,
            10,
            20
        ]
    },
    "test_avg_recall": {
        "best_results": [
            0.8442622950819673,
            0.7950819672131147,
            0.4672131147540984,
            0.5327868852459017,
            0.0
        ],