{
    "train_avg_precision": {
        "best_results": [
            1.0,
            1.0,
            1.0,
            0.0,
            0.0
        ],
        "all_results": [
            [
                1.0,
                1.0,
                1.0,
                0.0,
                0.0
            ],
            [
                1.0,
                1.0,
                0.0,
                0.0,
                0.0
            ],
            [
                1.0,
                1.0,
                0.0,
                0.0,
                0.0
            ]
        ],
        "epoches": [
            0,
            10,
            20
        ]
    },
    "train_avg_recall": {
        "best_results": [
            0.7593123209169055,
            0.9484240687679083,
            0.4269340974212034,
            0.0,
            0.0
        ],
        "all_results": [
            [
                0.7593123209169055,
                0.9484240687679083,
                0.4269340974212034,
                0.0,
                0.0
            ],
            [
                0.7593123209169055,
                0.9484240687679083,
                0.0,
                0.0,
                0.0
            ],
            [
                0.7593123209169055,
                0.9484240687679083,
                0.0,
                0.0,
                0.0
            ]
        ],
        "epoches": [
            0,
            10,
            20
        ]
    },
    "train_avg_f1": {
        "best_results": [
            0.8631921824104235,
            0.9735294117647059,
            0.5983935742971888,
            0.0,
            0.0
        ],
        "all_results": [
            [
                0.8631921824104235,
                0.9735294117647059,
                0.5983935742971888,
                0.0,
                0.0
            ],
            [
                0.8631921824104235,
                0.9735294117647059,
                0.0,
                0.0,
                0.0
            ],
            [
                0.8631921824104235,
                0.9735294117647059,
                0.0,
                0.0,
                0.0
            ]
        ],
        "epoches": [
            0,
            10,
            20
        ]
    },
    "train_avg_accuracy": {
        "best_results": [
            0.7593123316764832,
            0.9484240412712097,
            0.5730658769607544,
            0.4613180458545685,
            0.39255014061927795
        ],
        "all_results": [
            [
                0.7593123316764832,
                0.9484240412712097,
                0.5730658769607544,
                0.4613180458545685,
                0.39255014061927795
            ],
            [
                0.7593123316764832,
                0.9484240412712097,
                0.5730658769607544,
                0.4613180458545685,
                0.39255014061927795
            ],
            [
                0.7593123316764832,
                0.9484240412712097,
                0.5730658769607544,
                0.4613180458545685,
                0.39255014061927795
            ]
        ],
        "epoches": [
            0,
            10,
            20
        ]
    },
    "val_avg_precision": {
        "best_results": [
            1.0,
            1.0,
            1.0,
            0.0,
            0.0
        ],
        "all_results": [
            [
                1.0,
                1.0,
                1.0,
                0.0,
                0.0
            ],
            [
                1.0,
                1.0,
                0.0,
                0.0,
                0.0
            ],
            [
                1.0,
                1.0,
                0.0,
                0.0,
                0.0
            ]
        ],
        "epoches": [
            0,
            10,
            20
        ]
    },
    "val_avg_recall": {
        "best_results": [
            0.7606837606837606,
            0.9316239316239316,
            0.5042735042735043,
            0.0,
            0.0
        ],
        "all_results": [
            [
                0.7606837606837606,
                0.9316239316239316,
                0.5042735042735043,
                0.0,
                0.0
            ],
            [
                0.7606837606837606,
                0.9316239316239316,
                0.0,
                0.0,
                0.0
            ],
            [
                0.7606837606837606,
                0.9316239316239316,
                0.0,
                0.0,
                0.0
            ]
        ],
        "epoches": [
            0,
            10,
            20
        ]
    },
    "val_avg_f1": {
        "best_results": [
            0.8640776699029126,
            0.9646017699115045,
            0.6704545454545454,
            0.0,
            0.0
        ],
        "all_results": [
            [
                0.8640776699029126,
                0.9646017699115045,
                0.6704545454545454,
                0.0,
                0.0
            ],
            [
                0.8640776699029126,
                0.9646017699115045,
                0.0,
                0.0,
                0.0
            ],
            [
                0.8640776699029126,
                0.9646017699115045,
                0.0,
                0.0,
                0.0
            ]
        ],
        "epoches": [
            0,
            10,
            20
        ]
    },
    "val_avg_accuracy": {
        "best_results": [
            0.7606837749481201,
            0.9316239356994629,
            0.504273533821106,
            0.3504273593425751,
            0.23076923191547394
        ],
        "all_results": [
            [
                0.7606837749481201,
                0.9316239356994629,
                0.504273533821106,
                0.3504273593425751,
                0.23076923191547394
            ],
            [
                0.7606837749481201,
                0.9316239356994629,
                0.49572649598121643,
                0.3504273593425751,
                0.23076923191547394
            ],
            [
                0.7606837749481201,
                0.9316239356994629,
                0.49572649598121643,
                0.3504273593425751,
                0.23076923191547394
            ]
        ],
        "epoches": [
            0,
            10,
            20
        ]
    },
    "test_avg_precision": {
        "best_results": [
            1.0,
            1.0,
            1.0,
            0.0,
            0.0
        ],
        "all_results": [
            [
                1.0,
                1.0,
                1.0,
                0.0,
                0.0
            ],
            [
                1.0,
                1.0,
                0.0,
                0.0,
                0.0
            ],
            [
                1.0,
                1.0,
                0.0,
                0.0,
                0.0
            ]
        ],
        "epoches": [
            0,
            10,
            20
        ]
    },
    "test_avg_recall": {
        "best_results": [
            0.8290598290598291,
            0.8803418803418803,
            0.4358974358974359,
            0.0,
            0.0
        ],
        "all_results": [
            [
                0.8290598290598291,
                0.8803418803418803,
                0.4358974358974359,
                0.0,
                0.0
            ],
            [
                0.8290598290598291,
                0.8803418803418803,
                0.0,
                0.0,
                0.0
            ],
            [
                0.8290598290598291,
                0.8803418803418803,
                0.0,
                0.0,
                0.0
            ]
        ],