{
    "train_avg_precision": {
        "best_results": [
            1.0,
            1.0,
            1.0,
            1.0,
            0.0
        ],
        "all_results": [
            [
                1.0,
                1.0,
                1.0,
                1.0,
                0.0
            ],
            [
                0.3242009132420091,
                1.0,
                1.0,
                0.0,
                0.0
            ],
            [
                1.0,
                1.0,
                1.0,
                0.0,
                0.0
            ]
        ],
        "epoches": [
            0,
            10,
            20
        ]
    },
    "train_avg_recall": {
        "best_results": [
            0.6283185840707964,
            0.9856733524355301,
            0.7564469914040115,
            0.45272206303724927,
            0.0
        ],
        "all_results": [
            [
                0.6283185840707964,
                0.9856733524355301,
                0.7564469914040115,
                0.45272206303724927,
                0.0
            ],
            [
                0.6283185840707964,
                0.9856733524355301,
                0.7564469914040115,
                0.0,
                0.0
            ],
            [
                0.6275071633237822,
                0.9856733524355301,
                0.7564469914040115,
                0.0,
                0.0
            ]
        ],
        "epoches": [
            0,
            10,
            20
        ]
    },
    "train_avg_f1": {
        "best_results": [
            0.7711267605633804,
            0.9927849927849928,
            0.8613376835236541,
            0.6232741617357002,
            0.0
        ],
        "all_results": [
            [
                0.7711267605633804,
                0.9927849927849928,
                0.8613376835236541,
                0.6232741617357002,
                0.0
            ],
            [
                0.42771084337349397,
                0.9927849927849928,
                0.8613376835236541,
                0.0,
                0.0
            ],
            [
                0.7711267605633804,
                0.9927849927849928,
                0.8613376835236541,
                0.0,
                0.0
            ]
        ],
        "epoches": [
            0,
            10,
            20
        ]
    },
    "train_avg_accuracy": {
        "best_results": [
            0.6275071501731873,
            0.9856733679771423,
            0.7564470171928406,
            0.5472779273986816,
            0.4899713397026062
        ],
        "all_results": [
            [
                0.6275071501731873,
                0.9856733679771423,
                0.7564470171928406,
                0.5472779273986816,
                0.4899713397026062
            ],
            [
                0.45558738708496094,
                0.9856733679771423,
                0.7564470171928406,
                0.5472779273986816,
                0.4899713397026062
            ],
            [
                0.6275071501731873,
                0.9856733679771423,
                0.7564470171928406,
                0.5472779273986816,
                0.4899713397026062
            ]
        ],
        "epoches": [
            0,
            10,
            20
        ]
    },
    "val_avg_precision": {
        "best_results": [
            1.0,
            1.0,
            1.0,
            1.0,
            0.0
        ],
        "all_results": [
            [
                1.0,
                1.0,
                1.0,
                1.0,
                0.0
            ],
            [
                0.14634146341463414,
                1.0,
                1.0,
                0.0,
                0.0
            ],
            [
                1.0,
                1.0,
                1.0,
                0.0,
                0.0
            ]
        ],
        "epoches": [
            0,
            10,
            20
        ]
    },
    "val_avg_recall": {
        "best_results": [
            0.7008547008547008,
            0.9145299145299145,
            0.811965811965812,
            0.49572649572649574,
            0.0
        ],
        "all_results": [
            [
                0.7008547008547008,
                0.9145299145299145,
                0.811965811965812,
                0.49572649572649574,
                0.0
            ],
            [
                0.631578947368421,
                0.9145299145299145,
                0.811965811965812,
                0.0,
                0.0
            ],
            [
                0.7008547008547008,
                0.9145299145299145,
                0.811965811965812,
                0.0,
                0.0
            ]
        ],
        "epoches": [
            0,
            10,
            20
        ]
    },
    "val_avg_f1": {
        "best_results": [
            0.8241206030150754,
            0.9553571428571429,
            0.8962264150943396,
            0.6628571428571429,
            0.0
        ],
        "all_results": [
            [
                0.8241206030150754,
                0.9553571428571429,
                0.8962264150943396,
                0.6628571428571429,
                0.0
            ],
            [
                0.23762376237623759,
                0.9553571428571429,
                0.8962264150943396,
                0.0,
                0.0
            ],
            [
                0.8241206030150754,
                0.9553571428571429,
                0.8962264150943396,
                0.0,
                0.0
            ]
        ],
        "epoches": [
            0,
            10,
            20
        ]
    },
    "val_avg_accuracy": {
        "best_results": [
            0.7008547186851501,
            0.9145299196243286,
            0.811965823173523,
            0.504273533821106,
            0.34188035130500793
        ],
        "all_results": [
            [
                0.7008547186851501,
                0.9145299196243286,
                0.811965823173523,
                0.504273533821106,
                0.34188035130500793
            ],
            [
                0.34188035130500793,
                0.9145299196243286,
                0.811965823173523,
                0.504273533821106,
                0.34188035130500793
            ],
            [
                0.7008547186851501,
                0.9145299196243286,
                0.811965823173523,
                0.504273533821106,
                0.34188035130500793
            ]
        ],
        "epoches": [
            0,
            10,
            20
        ]
    },
    "test_avg_precision": {
        "best_results": [
            1.0,
            1.0,
            1.0,
            1.0,
            0.0
        ],
        "all_results": [
            [
                1.0,
                1.0,
                1.0,
                1.0,
                0.0
            ],
            [
                0.16666666666666666,
                1.0,
                1.0,
                0.0,
                0.0
            ],
            [
                1.0,
                1.0,
                1.0,
                0.0,
                0.0
            ]
        ],
        "epoches": [
            0,
            10,
            20
        ]
    },
    "test_avg_recall": {
        "best_results": [
            0.8,
            0.7844827586206896,
            0.8620689655172413,
            0.5948275862068966,
            0.0
        ],