{
    "train_avg_precision": {
        "best_results": [
            1.0,
            0.0,
            1.0,
            1.0,
            1.0
        ],
        "all_results": [
            [
                1.0,
                0.0,
                1.0,
                1.0,
                1.0
            ],
            [
                1.0,
                0.0,
                1.0,
                1.0,
                0.0
            ]
        ],
        "epoches": [
            0,
            10
        ]
    },
    "train_avg_recall": {
        "best_results": [
            0.9832214765100671,
            0.0,
            0.7214765100671141,
            0.6308724832214765,
            0.5469798657718121
        ],
        "all_results": [
            [
                0.9832214765100671,
                0.0,
                0.7214765100671141,
                0.6308724832214765,
                0.5469798657718121
            ],
            [
                0.9832214765100671,
                0.0,
                0.7214765100671141,
                0.6308724832214765,
                0.0
            ]
        ],
        "epoches": [
            0,
            10
        ]
    },
    "train_avg_f1": {
        "best_results": [
            0.9915397631133671,
            0.0,
            0.838206627680312,
            0.7736625514403292,
            0.7071583514099783
        ],
        "all_results": [
            [
                0.9915397631133671,
                0.0,
                0.838206627680312,
                0.7736625514403292,
                0.7071583514099783
            ],
            [
                0.9915397631133671,
                0.0,
                0.838206627680312,
                0.7736625514403292,
                0.0
            ]
        ],
        "epoches": [
            0,
            10
        ]
    },
    "train_avg_accuracy": {
        "best_results": [
            0.9832214713096619,
            0.536912739276886,
            0.7214764952659607,
            0.6308724880218506,
            0.5469798445701599
        ],
        "all_results": [
            [
                0.9832214713096619,
                0.536912739276886,
                0.7214764952659607,
                0.6308724880218506,
                0.5469798445701599
            ],
            [
                0.9832214713096619,
                0.536912739276886,
                0.7214764952659607,
                0.6308724880218506,
                0.4530201256275177
            ]
        ],
        "epoches": [
            0,
            10
        ]
    },
    "val_avg_precision": {
        "best_results": [
            1.0,
            0.0,
            1.0,
            1.0,
            1.0
        ],
        "all_results": [
            [
                1.0,
                0.0,
                1.0,
                1.0,
                1.0
            ],
            [
                1.0,
                0.0,
                1.0,
                1.0,
                0.0
            ]
        ],
        "epoches": [
            0,
            10
        ]
    },
    "val_avg_recall": {
        "best_results": [
            0.92,
            0.0,
            0.77,
            0.56,
            0.59
        ],
        "all_results": [
            [
                0.92,
                0.0,
                0.77,
                0.56,
                0.59
            ],
            [
                0.92,
                0.0,
                0.77,
                0.56,
                0.0
            ]
        ],
        "epoches": [
            0,
            10
        ]
    },
    "val_avg_f1": {
        "best_results": [
            0.9583333333333334,
            0.0,
            0.8700564971751412,
            0.717948717948718,
            0.7421383647798743
        ],
        "all_results": [
            [
                0.9583333333333334,
                0.0,
                0.8700564971751412,
                0.717948717948718,
                0.7421383647798743
            ],
            [
                0.9583333333333334,
                0.0,
                0.8700564971751412,
                0.717948717948718,
                0.0
            ]
        ],
        "epoches": [
            0,
            10
        ]
    },
    "val_avg_accuracy": {
        "best_results": [
            0.9200000166893005,
            0.5099999904632568,
            0.7699999809265137,
            0.5600000023841858,
            0.5899999737739563
        ],
        "all_results": [
            [
                0.9200000166893005,
                0.5099999904632568,
                0.7699999809265137,
                0.5600000023841858,
                0.5899999737739563
            ],
            [
                0.9200000166893005,
                0.5099999904632568,
                0.7699999809265137,
                0.5600000023841858,
                0.4099999964237213
            ]
        ],
        "epoches": [
            0,
            10
        ]
    },
    "test_avg_precision": {
        "best_results": [
            1.0,
            0.0,
            1.0,
            1.0,
            1.0
        ],
        "all_results": [
            [
                1.0,
                0.0,
                1.0,
                1.0,
                1.0
            ],
            [
                1.0,
                0.0,
                1.0,
                1.0,
                0.0
            ]
        ],
        "epoches": [
            0,
            10
        ]
    },
    "test_avg_recall": {
        "best_results": [
            0.6262626262626263,
            0.0,
            0.9292929292929293,
            0.8383838383838383,
            0.6060606060606061
        ],
        "all_results": [
            [
                0.6262626262626263,
                0.0,
                0.9292929292929293,
                0.8383838383838383,
                0.6060606060606061
            ],
            [
                0.6262626262626263,
                0.0,
                0.9292929292929293,
                0.8383838383838383,
                0.0
            ]
        ],
        "epoches": [
            0,
            10
        ]
    },
    "test_avg_f1": {
        "best_results": [
            0.7701863354037267,
            0.0,
            0.9633507853403142,
            0.9120879120879121,
            0.7547169811320755
        ],
        "all_results": [
            [
                0.7701863354037267,
                0.0,
                0.9633507853403142,
                0.9120879120879121,
                0.7547169811320755
            ],
            [
                0.7701863354037267,
                0.0,
                0.9633507853403142,
                0.9120879120879121,
                0.0
            ]
        ],
        "epoches": [
            0,
            10
        ]
    },
    "test_avg_accuracy": {
        "best_results": [
            0.6262626051902771,
            0.5151515007019043,
            0.9292929172515869,
            0.8383838534355164,
            0.6060606241226196
        ],
        "all_results": [
            [
                0.6262626051902771,
                0.5151515007019043,
                0.9292929172515869,
                0.8383838534355164,
                0.6060606241226196
            ],
            [
                0.6262626051902771,
                0.5151515007019043,
                0.9292929172515869,
                0.8383838534355164,
                0.39393940567970276
            ]
        ],
        "epoches": [
            0,
            10
        ]
    }
}