{
    "train_avg_precision": {
        "best_results": [
            1.0,
            1.0,
            1.0,
            1.0,
            0.0
        ],
        "all_results": [
            [
                1.0,
                1.0,
                1.0,
                1.0,
                0.0
            ],
            [
                1.0,
                1.0,
                1.0,
                0.0,
                0.0
            ],
            [
                1.0,
                1.0,
                1.0,
                0.0,
                0.0
            ]
        ],
        "epoches": [
            0,
            10,
            20
        ]
    },
    "train_avg_recall": {
        "best_results": [
            0.7222222222222222,
            0.6604938271604939,
            0.9567901234567902,
            0.5,
            0.0
        ],
        "all_results": [
            [
                0.7222222222222222,
                0.6604938271604939,
                0.9567901234567902,
                0.5,
                0.0
            ],
            [
                0.7222222222222222,
                0.6604938271604939,
                0.9567901234567902,
                0.0,
                0.0
            ],
            [
                0.7222222222222222,
                0.6604938271604939,
                0.9567901234567902,
                0.0,
                0.0
            ]
        ],
        "epoches": [
            0,
            10,
            20
        ]
    },
    "train_avg_f1": {
        "best_results": [
            0.8387096774193548,
            0.7955390334572491,
            0.9779179810725552,
            0.6666666666666666,
            0.0
        ],
        "all_results": [
            [
                0.8387096774193548,
                0.7955390334572491,
                0.9779179810725552,
                0.6666666666666666,
                0.0
            ],
            [
                0.8387096774193548,
                0.7955390334572491,
                0.9779179810725552,
                0.0,
                0.0
            ],
            [
                0.8387096774193548,
                0.7955390334572491,
                0.9779179810725552,
                0.0,
                0.0
            ]
        ],
        "epoches": [
            0,
            10,
            20
        ]
    },
    "train_avg_accuracy": {
        "best_results": [
            0.7222222089767456,
            0.6604938507080078,
            0.9567901492118835,
            0.5,
            0.6666666865348816
        ],
        "all_results": [
            [
                0.7222222089767456,
                0.6604938507080078,
                0.9567901492118835,
                0.5,
                0.6666666865348816
            ],
            [
                0.7222222089767456,
                0.6604938507080078,
                0.9567901492118835,
                0.5,
                0.6666666865348816
            ],
            [
                0.7222222089767456,
                0.6604938507080078,
                0.9567901492118835,
                0.5,
                0.6666666865348816
            ]
        ],
        "epoches": [
            0,
            10,
            20
        ]
    },
    "val_avg_precision": {
        "best_results": [
            1.0,
            1.0,
            1.0,
            1.0,
            0.0
        ],
        "all_results": [
            [
                1.0,
                1.0,
                1.0,
                1.0,
                0.0
            ],
            [
                1.0,
                1.0,
                1.0,
                0.0,
                0.0
            ],
            [
                1.0,
                1.0,
                1.0,
                0.0,
                0.0
            ]
        ],
        "epoches": [
            0,
            10,
            20
        ]
    },
    "val_avg_recall": {
        "best_results": [
            0.8518518518518519,
            0.6851851851851852,
            0.8240740740740741,
            0.5462962962962963,
            0.0
        ],
        "all_results": [
            [
                0.8518518518518519,
                0.6851851851851852,
                0.8240740740740741,
                0.5462962962962963,
                0.0
            ],
            [
                0.8518518518518519,
                0.6851851851851852,
                0.8240740740740741,
                0.0,
                0.0
            ],
            [
                0.8518518518518519,
                0.6851851851851852,
                0.8240740740740741,
                0.0,
                0.0
            ]
        ],
        "epoches": [
            0,
            10,
            20
        ]
    },
    "val_avg_f1": {
        "best_results": [
            0.92,
            0.8131868131868133,
            0.9035532994923858,
            0.7065868263473054,
            0.0
        ],
        "all_results": [
            [
                0.92,
                0.8131868131868133,
                0.9035532994923858,
                0.7065868263473054,
                0.0
            ],
            [
                0.92,
                0.8131868131868133,
                0.9035532994923858,
                0.0,
                0.0
            ],
            [
                0.92,
                0.8131868131868133,
                0.9035532994923858,
                0.0,
                0.0
            ]
        ],
        "epoches": [
            0,
            10,
            20
        ]
    },
    "val_avg_accuracy": {
        "best_results": [
            0.8518518805503845,
            0.6851851940155029,
            0.8240740895271301,
            0.5462962985038757,
            0.49074074625968933
        ],
        "all_results": [
            [
                0.8518518805503845,
                0.6851851940155029,
                0.8240740895271301,
                0.5462962985038757,
                0.49074074625968933
            ],
            [
                0.8518518805503845,
                0.6851851940155029,
                0.8240740895271301,
                0.45370370149612427,
                0.49074074625968933
            ],
            [
                0.8518518805503845,
                0.6851851940155029,
                0.8240740895271301,
                0.45370370149612427,
                0.49074074625968933
            ]
        ],
        "epoches": [
            0,
            10,
            20
        ]
    },
    "test_avg_precision": {
        "best_results": [
            1.0,
            1.0,
            1.0,
            1.0,
            0.0
        ],
        "all_results": [
            [
                1.0,
                1.0,
                1.0,
                1.0,
                0.0
            ],
            [
                1.0,
                1.0,
                1.0,
                0.0,
                0.0
            ],
            [
                1.0,
                1.0,
                1.0,
                0.0,
                0.0
            ]
        ],
        "epoches": [
            0,
            10,
            20
        ]
    },
    "test_avg_recall": {
        "best_results": [
            0.9351851851851852,
            0.7129629629629629,
            0.8425925925925926,
            0.5925925925925926,
            0.0
        ],