{
    "train_avg_precision": {
        "best_results": [
            1.0,
            1.0,
            0.0,
            1.0,
            0.0
        ],
        "all_results": [
            [
                1.0,
                1.0,
                0.0,
                1.0,
                0.0
            ],
            [
                1.0,
                1.0,
                0.0,
                0.0,
                0.0
            ],
            [
                1.0,
                1.0,
                0.0,
                0.0,
                0.0
            ]
        ],
        "epoches": [
            0,
            10,
            20
        ]
    },
    "train_avg_recall": {
        "best_results": [
            0.7777777777777778,
            0.9722222222222222,
            0.0,
            0.6284722222222222,
            0.0
        ],
        "all_results": [
            [
                0.7777777777777778,
                0.9722222222222222,
                0.0,
                0.6284722222222222,
                0.0
            ],
            [
                0.7777777777777778,
                0.9722222222222222,
                0.0,
                0.0,
                0.0
            ],
            [
                0.7777777777777778,
                0.9722222222222222,
                0.0,
                0.0,
                0.0
            ]
        ],
        "epoches": [
            0,
            10,
            20
        ]
    },
    "train_avg_f1": {
        "best_results": [
            0.8750000000000001,
            0.9859154929577464,
            0.0,
            0.7718550106609807,
            0.0
        ],
        "all_results": [
            [
                0.8750000000000001,
                0.9859154929577464,
                0.0,
                0.7718550106609807,
                0.0
            ],
            [
                0.8750000000000001,
                0.9859154929577464,
                0.0,
                0.0,
                0.0
            ],
            [
                0.8750000000000001,
                0.9859154929577464,
                0.0,
                0.0,
                0.0
            ]
        ],
        "epoches": [
            0,
            10,
            20
        ]
    },
    "train_avg_accuracy": {
        "best_results": [
            0.7777777910232544,
            0.9722222089767456,
            0.4097222089767456,
            0.6284722089767456,
            0.5833333134651184
        ],
        "all_results": [
            [
                0.7777777910232544,
                0.9722222089767456,
                0.4097222089767456,
                0.6284722089767456,
                0.5833333134651184
            ],
            [
                0.7777777910232544,
                0.9722222089767456,
                0.4097222089767456,
                0.3715277910232544,
                0.5833333134651184
            ],
            [
                0.7777777910232544,
                0.9722222089767456,
                0.4097222089767456,
                0.3715277910232544,
                0.5833333134651184
            ]
        ],
        "epoches": [
            0,
            10,
            20
        ]
    },
    "val_avg_precision": {
        "best_results": [
            1.0,
            1.0,
            0.0,
            1.0,
            0.0
        ],
        "all_results": [
            [
                1.0,
                1.0,
                0.0,
                1.0,
                0.0
            ],
            [
                1.0,
                1.0,
                0.0,
                0.0,
                0.0
            ],
            [
                1.0,
                1.0,
                0.0,
                0.0,
                0.0
            ]
        ],
        "epoches": [
            0,
            10,
            20
        ]
    },
    "val_avg_recall": {
        "best_results": [
            0.7010309278350515,
            0.8762886597938144,
            0.0,
            0.7216494845360825,
            0.0
        ],
        "all_results": [
            [
                0.7010309278350515,
                0.8762886597938144,
                0.0,
                0.7216494845360825,
                0.0
            ],
            [
                0.7010309278350515,
                0.8762886597938144,
                0.0,
                0.0,
                0.0
            ],
            [
                0.7010309278350515,
                0.8762886597938144,
                0.0,
                0.0,
                0.0
            ]
        ],
        "epoches": [
            0,
            10,
            20
        ]
    },
    "val_avg_f1": {
        "best_results": [
            0.8242424242424242,
            0.9340659340659341,
            0.0,
            0.8383233532934131,
            0.0
        ],
        "all_results": [
            [
                0.8242424242424242,
                0.9340659340659341,
                0.0,
                0.8383233532934131,
                0.0
            ],
            [
                0.8242424242424242,
                0.9340659340659341,
                0.0,
                0.0,
                0.0
            ],
            [
                0.8242424242424242,
                0.9340659340659341,
                0.0,
                0.0,
                0.0
            ]
        ],
        "epoches": [
            0,
            10,
            20
        ]
    },
    "val_avg_accuracy": {
        "best_results": [
            0.7010309100151062,
            0.876288652420044,
            0.4536082446575165,
            0.7216494679450989,
            0.6597937941551208
        ],
        "all_results": [
            [
                0.7010309100151062,
                0.876288652420044,
                0.4536082446575165,
                0.7216494679450989,
                0.6597937941551208
            ],
            [
                0.7010309100151062,
                0.876288652420044,
                0.4536082446575165,
                0.27835050225257874,
                0.6597937941551208
            ],
            [
                0.7010309100151062,
                0.876288652420044,
                0.4536082446575165,
                0.27835050225257874,
                0.6597937941551208
            ]
        ],
        "epoches": [
            0,
            10,
            20
        ]
    },
    "test_avg_precision": {
        "best_results": [
            1.0,
            1.0,
            0.0,
            1.0,
            0.0
        ],
        "all_results": [
            [
                1.0,
                1.0,
                0.0,
                1.0,
                0.0
            ],
            [
                1.0,
                1.0,
                0.0,
                0.0,
                0.0
            ],
            [
                1.0,
                1.0,
                0.0,
                0.0,
                0.0
            ]
        ],
        "epoches": [
            0,
            10,
            20
        ]
    },
    "test_avg_recall": {
        "best_results": [
            0.7916666666666666,
            0.7916666666666666,
            0.0,
            0.6979166666666666,
            0.0
        ],
        "all_results": [
            [
                0.7916666666666666,
                0.7916666666666666,
                0.0,
                0.6979166666666666,
                0.0
            ],
            [
                0.7916666666666666,
                0.7916666666666666,
                0.0,
                0.0,
                0.0
            ],
            [
                0.7916666666666666,
                0.7916666666666666,
                0.0,
                0.0,
                0.0
            ]
        ],
        "epoches": [
            0,
            10,
            20
        ]
    },