{
    "train_avg_precision": {
        "best_results": [
            1.0,
            1.0,
            1.0,
            0.0,
            0.0
        ],
        "all_results": [
            [
                1.0,
                1.0,
                1.0,
                0.0,
                0.0
            ],
            [
                1.0,
                0.0,
                1.0,
                0.0,
                0.0
            ]
        ],
        "epoches": [
            0,
            10
        ]
    },
    "train_avg_recall": {
        "best_results": [
            0.7073863636363636,
            0.5909090909090909,
            0.96875,
            0.0,
            0.0
        ],
        "all_results": [
            [
                0.7073863636363636,
                0.5909090909090909,
                0.96875,
                0.0,
                0.0
            ],
            [
                0.7073863636363636,
                0.0,
                0.96875,
                0.0,
                0.0
            ]
        ],
        "epoches": [
            0,
            10
        ]
    },
    "train_avg_f1": {
        "best_results": [
            0.8286189683860232,
            0.7428571428571429,
            0.9841269841269841,
            0.0,
            0.0
        ],
        "all_results": [
            [
                0.8286189683860232,
                0.7428571428571429,
                0.9841269841269841,
                0.0,
                0.0
            ],
            [
                0.8286189683860232,
                0.0,
                0.9841269841269841,
                0.0,
                0.0
            ]
        ],
        "epoches": [
            0,
            10
        ]
    },
    "train_avg_accuracy": {
        "best_results": [
            0.7073863744735718,
            0.5909090638160706,
            0.96875,
            0.5710227489471436,
            0.47159090638160706
        ],
        "all_results": [
            [
                0.7073863744735718,
                0.5909090638160706,
                0.96875,
                0.5710227489471436,
                0.47159090638160706
            ],
            [
                0.7073863744735718,
                0.40909090638160706,
                0.96875,
                0.5710227489471436,
                0.47159090638160706
            ]
        ],
        "epoches": [
            0,
            10
        ]
    },
    "val_avg_precision": {
        "best_results": [
            1.0,
            1.0,
            1.0,
            0.0,
            0.0
        ],
        "all_results": [
            [
                1.0,
                1.0,
                1.0,
                0.0,
                0.0
            ],
            [
                1.0,
                0.0,
                1.0,
                0.0,
                0.0
            ]
        ],
        "epoches": [
            0,
            10
        ]
    },
    "val_avg_recall": {
        "best_results": [
            0.8983050847457628,
            0.7542372881355932,
            0.847457627118644,
            0.0,
            0.0
        ],
        "all_results": [
            [
                0.8983050847457628,
                0.7542372881355932,
                0.847457627118644,
                0.0,
                0.0
            ],
            [
                0.8983050847457628,
                0.0,
                0.847457627118644,
                0.0,
                0.0
            ]
        ],
        "epoches": [
            0,
            10
        ]
    },
    "val_avg_f1": {
        "best_results": [
            0.9464285714285715,
            0.8599033816425121,
            0.9174311926605504,
            0.0,
            0.0
        ],
        "all_results": [
            [
                0.9464285714285715,
                0.8599033816425121,
                0.9174311926605504,
                0.0,
                0.0
            ],
            [
                0.9464285714285715,
                0.0,
                0.9174311926605504,
                0.0,
                0.0
            ]
        ],
        "epoches": [
            0,
            10
        ]
    },
    "val_avg_accuracy": {
        "best_results": [
            0.8983050584793091,
            0.7542372941970825,
            0.8474576473236084,
            0.4830508530139923,
            0.4237288236618042
        ],
        "all_results": [
            [
                0.8983050584793091,
                0.7542372941970825,
                0.8474576473236084,
                0.4830508530139923,
                0.4237288236618042
            ],
            [
                0.8983050584793091,
                0.24576270580291748,
                0.8474576473236084,
                0.4830508530139923,
                0.4237288236618042
            ]
        ],
        "epoches": [
            0,
            10
        ]
    },
    "test_avg_precision": {
        "best_results": [
            1.0,
            1.0,
            1.0,
            0.0,
            0.0
        ],
        "all_results": [
            [
                1.0,
                1.0,
                1.0,
                0.0,
                0.0
            ],
            [
                1.0,
                0.0,
                1.0,
                0.0,
                0.0
            ]
        ],
        "epoches": [
            0,
            10
        ]
    },
    "test_avg_recall": {
        "best_results": [
            0.8547008547008547,
            0.7521367521367521,
            0.905982905982906,
            0.0,
            0.0
        ],
        "all_results": [
            [
                0.8547008547008547,
                0.7521367521367521,
                0.905982905982906,
                0.0,
                0.0
            ],
            [
                0.8547008547008547,
                0.0,
                0.905982905982906,
                0.0,
                0.0
            ]
        ],
        "epoches": [
            0,
            10
        ]
    },
    "test_avg_f1": {
        "best_results": [
            0.9216589861751151,
            0.8585365853658536,
            0.9506726457399104,
            0.0,
            0.0
        ],
        "all_results": [
            [
                0.9216589861751151,
                0.8585365853658536,
                0.9506726457399104,
                0.0,
                0.0
            ],
            [
                0.9216589861751151,
                0.0,
                0.9506726457399104,
                0.0,
                0.0
            ]
        ],
        "epoches": [
            0,
            10
        ]
    },
    "test_avg_accuracy": {
        "best_results": [
            0.8547008633613586,
            0.752136766910553,
            0.9059829115867615,
            0.47863247990608215,
            0.3760683834552765
        ],
        "all_results": [
            [
                0.8547008633613586,
                0.752136766910553,
                0.9059829115867615,
                0.47863247990608215,
                0.3760683834552765
            ],
            [
                0.8547008633613586,
                0.24786324799060822,
                0.9059829115867615,
                0.47863247990608215,
                0.3760683834552765
            ]
        ],
        "epoches": [
            0,
            10
        ]
    }
}