{
    "train_avg_precision": {
        "best_results": [
            1.0,
            0.0,
            1.0,
            1.0,
            1.0
        ],
        "all_results": [
            [
                1.0,
                0.0,
                1.0,
                1.0,
                1.0
            ],
            [
                1.0,
                0.0,
                0.0,
                1.0,
                0.0
            ],
            [
                1.0,
                0.0,
                0.0,
                1.0,
                0.0
            ]
        ],
        "epoches": [
            0,
            10,
            20
        ]
    },
    "train_avg_recall": {
        "best_results": [
            0.9738317757009346,
            0.0,
            0.5682242990654206,
            0.7700934579439253,
            0.6186915887850467
        ],
        "all_results": [
            [
                0.9738317757009346,
                0.0,
                0.5682242990654206,
                0.7700934579439253,
                0.6186915887850467
            ],
            [
                0.9738317757009346,
                0.0,
                0.0,
                0.7700934579439253,
                0.0
            ],
            [
                0.9738317757009346,
                0.0,
                0.0,
                0.7700934579439253,
                0.0
            ]
        ],
        "epoches": [
            0,
            10,
            20
        ]
    },
    "train_avg_f1": {
        "best_results": [
            0.9867424242424242,
            0.0,
            0.7246722288438617,
            0.870116156282999,
            0.7644341801385681
        ],
        "all_results": [
            [
                0.9867424242424242,
                0.0,
                0.7246722288438617,
                0.870116156282999,
                0.7644341801385681
            ],
            [
                0.9867424242424242,
                0.0,
                0.0,
                0.870116156282999,
                0.0
            ],
            [
                0.9867424242424242,
                0.0,
                0.0,
                0.870116156282999,
                0.0
            ]
        ],
        "epoches": [
            0,
            10,
            20
        ]
    },
    "train_avg_accuracy": {
        "best_results": [
            0.9738317728042603,
            0.5570093393325806,
            0.568224310874939,
            0.7700934410095215,
            0.6186915636062622
        ],
        "all_results": [
            [
                0.9738317728042603,
                0.5570093393325806,
                0.568224310874939,
                0.7700934410095215,
                0.6186915636062622
            ],
            [
                0.9738317728042603,
                0.5570093393325806,
                0.43177568912506104,
                0.7700934410095215,
                0.3813084065914154
            ],
            [
                0.9738317728042603,
                0.5570093393325806,
                0.43177568912506104,
                0.7700934410095215,
                0.3813084065914154
            ]
        ],
        "epoches": [
            0,
            10,
            20
        ]
    },
    "val_avg_precision": {
        "best_results": [
            1.0,
            0.0,
            1.0,
            1.0,
            1.0
        ],
        "all_results": [
            [
                1.0,
                0.0,
                1.0,
                1.0,
                1.0
            ],
            [
                1.0,
                0.0,
                0.0,
                1.0,
                0.0
            ],
            [
                1.0,
                0.0,
                0.0,
                1.0,
                0.0
            ]
        ],
        "epoches": [
            0,
            10,
            20
        ]
    },
    "val_avg_recall": {
        "best_results": [
            0.9553072625698324,
            0.0,
            0.5810055865921788,
            0.8770949720670391,
            0.6871508379888268
        ],
        "all_results": [
            [
                0.9553072625698324,
                0.0,
                0.5810055865921788,
                0.8770949720670391,
                0.6871508379888268
            ],
            [
                0.9553072625698324,
                0.0,
                0.0,
                0.8770949720670391,
                0.0
            ],
            [
                0.9553072625698324,
                0.0,
                0.0,
                0.8770949720670391,
                0.0
            ]
        ],
        "epoches": [
            0,
            10,
            20
        ]
    },
    "val_avg_f1": {
        "best_results": [
            0.9771428571428572,
            0.0,
            0.734982332155477,
            0.9345238095238095,
            0.8145695364238411
        ],
        "all_results": [
            [
                0.9771428571428572,
                0.0,
                0.734982332155477,
                0.9345238095238095,
                0.8145695364238411
            ],
            [
                0.9771428571428572,
                0.0,
                0.0,
                0.9345238095238095,
                0.0
            ],
            [
                0.9771428571428572,
                0.0,
                0.0,
                0.9345238095238095,
                0.0
            ]
        ],
        "epoches": [
            0,
            10,
            20
        ]
    },
    "val_avg_accuracy": {
        "best_results": [
            0.9553072452545166,
            0.4748603403568268,
            0.5810055732727051,
            0.8770949840545654,
            0.6871508359909058
        ],
        "all_results": [
            [
                0.9553072452545166,
                0.4748603403568268,
                0.5810055732727051,
                0.8770949840545654,
                0.6871508359909058
            ],
            [
                0.9553072452545166,
                0.4748603403568268,
                0.4189944267272949,
                0.8770949840545654,
                0.31284916400909424
            ],
            [
                0.9553072452545166,
                0.4748603403568268,
                0.4189944267272949,
                0.8770949840545654,
                0.31284916400909424
            ]
        ],
        "epoches": [
            0,
            10,
            20
        ]
    },
    "test_avg_precision": {
        "best_results": [
            1.0,
            0.0,
            1.0,
            1.0,
            1.0
        ],
        "all_results": [
            [
                1.0,
                0.0,
                1.0,
                1.0,
                1.0
            ],
            [
                1.0,
                0.0,
                0.0,
                1.0,
                0.0
            ],
            [
                1.0,
                0.0,
                0.0,
                1.0,
                0.0
            ]
        ],
        "epoches": [
            0,
            10,
            20
        ]
    },
    "test_avg_recall": {
        "best_results": [
            0.7865168539325843,
            0.0,
            0.550561797752809,
            0.9044943820224719,
            0.7528089887640449
        ],