{
    "train_avg_precision": {
        "best_results": [
            1.0,
            1.0,
            0.0,
            1.0,
            0.0
        ],
        "all_results": [
            [
                1.0,
                1.0,
                0.0,
                1.0,
                0.0
            ],
            [
                1.0,
                0.0,
                0.0,
                1.0,
                0.0
            ],
            [
                1.0,
                0.0,
                0.0,
                1.0,
                0.0
            ]
        ],
        "epoches": [
            0,
            10,
            20
        ]
    },
    "train_avg_recall": {
        "best_results": [
            0.7483588621444202,
            0.5995623632385121,
            0.0,
            0.9606126914660832,
            0.0
        ],
        "all_results": [
            [
                0.7483588621444202,
                0.5995623632385121,
                0.0,
                0.9606126914660832,
                0.0
            ],
            [
                0.7483588621444202,
                0.0,
                0.0,
                0.9606126914660832,
                0.0
            ],
            [
                0.7483588621444202,
                0.0,
                0.0,
                0.9606126914660832,
                0.0
            ]
        ],
        "epoches": [
            0,
            10,
            20
        ]
    },
    "train_avg_f1": {
        "best_results": [
            0.8560700876095119,
            0.7496580027359782,
            0.0,
            0.9799107142857143,
            0.0
        ],
        "all_results": [
            [
                0.8560700876095119,
                0.7496580027359782,
                0.0,
                0.9799107142857143,
                0.0
            ],
            [
                0.8560700876095119,
                0.0,
                0.0,
                0.9799107142857143,
                0.0
            ],
            [
                0.8560700876095119,
                0.0,
                0.0,
                0.9799107142857143,
                0.0
            ]
        ],
        "epoches": [
            0,
            10,
            20
        ]
    },
    "train_avg_accuracy": {
        "best_results": [
            0.7483588457107544,
            0.5995623469352722,
            0.43763676285743713,
            0.9606127142906189,
            0.6258205771446228
        ],
        "all_results": [
            [
                0.7483588457107544,
                0.5995623469352722,
                0.43763676285743713,
                0.9606127142906189,
                0.6258205771446228
            ],
            [
                0.7483588457107544,
                0.4004376232624054,
                0.43763676285743713,
                0.9606127142906189,
                0.6258205771446228
            ],
            [
                0.7483588457107544,
                0.4004376232624054,
                0.43763676285743713,
                0.9606127142906189,
                0.6258205771446228
            ]
        ],
        "epoches": [
            0,
            10,
            20
        ]
    },
    "val_avg_precision": {
        "best_results": [
            1.0,
            1.0,
            0.0,
            1.0,
            0.0
        ],
        "all_results": [
            [
                1.0,
                1.0,
                0.0,
                1.0,
                0.0
            ],
            [
                1.0,
                0.0,
                0.0,
                1.0,
                0.0
            ],
            [
                1.0,
                0.0,
                0.0,
                1.0,
                0.0
            ]
        ],
        "epoches": [
            0,
            10,
            20
        ]
    },
    "val_avg_recall": {
        "best_results": [
            0.869281045751634,
            0.6993464052287581,
            0.0,
            0.9150326797385621,
            0.0
        ],
        "all_results": [
            [
                0.869281045751634,
                0.6993464052287581,
                0.0,
                0.9150326797385621,
                0.0
            ],
            [
                0.869281045751634,
                0.0,
                0.0,
                0.9150326797385621,
                0.0
            ],
            [
                0.869281045751634,
                0.0,
                0.0,
                0.9150326797385621,
                0.0
            ]
        ],
        "epoches": [
            0,
            10,
            20
        ]
    },
    "val_avg_f1": {
        "best_results": [
            0.9300699300699301,
            0.823076923076923,
            0.0,
            0.9556313993174061,
            0.0
        ],
        "all_results": [
            [
                0.9300699300699301,
                0.823076923076923,
                0.0,
                0.9556313993174061,
                0.0
            ],
            [
                0.9300699300699301,
                0.0,
                0.0,
                0.9556313993174061,
                0.0
            ],
            [
                0.9300699300699301,
                0.0,
                0.0,
                0.9556313993174061,
                0.0
            ]
        ],
        "epoches": [
            0,
            10,
            20
        ]
    },
    "val_avg_accuracy": {
        "best_results": [
            0.8692810535430908,
            0.6993464231491089,
            0.3660130798816681,
            0.915032684803009,
            0.49673202633857727
        ],
        "all_results": [
            [
                0.8692810535430908,
                0.6993464231491089,
                0.3660130798816681,
                0.915032684803009,
                0.49673202633857727
            ],
            [
                0.8692810535430908,
                0.3006536066532135,
                0.3660130798816681,
                0.915032684803009,
                0.49673202633857727
            ],
            [
                0.8692810535430908,
                0.3006536066532135,
                0.3660130798816681,
                0.915032684803009,
                0.49673202633857727
            ]
        ],
        "epoches": [
            0,
            10,
            20
        ]
    },
    "test_avg_precision": {
        "best_results": [
            1.0,
            1.0,
            0.0,
            1.0,
            0.0
        ],
        "all_results": [
            [
                1.0,
                1.0,
                0.0,
                1.0,
                0.0
            ],
            [
                1.0,
                0.0,
                0.0,
                1.0,
                0.0
            ],
            [
                1.0,
                0.0,
                0.0,
                1.0,
                0.0
            ]
        ],
        "epoches": [
            0,
            10,
            20
        ]
    },
    "test_avg_recall": {
        "best_results": [
            0.8881578947368421,
            0.7697368421052632,
            0.0,
            0.875,
            0.0
        ],
        "all_results": [
            [
                0.8881578947368421,
                0.7697368421052632,
                0.0,
                0.875,
                0.0
            ],
            [
                0.8881578947368421,
                0.0,
                0.0,
                0.875,
                0.0
            ],
            [
                0.8881578947368421,
                0.0,
                0.0,
                0.875,
                0.0
            ]
        ],
        "epoches": [
            0,
            10,
            20
        ]
    },