{
    "train_avg_precision": {
        "best_results": [
            1.0,
            0.0,
            1.0,
            0.0,
            1.0
        ],
        "all_results": [
            [
                1.0,
                0.0,
                1.0,
                0.0,
                1.0
            ],
            [
                1.0,
                0.0,
                1.0,
                0.0,
                0.0
            ]
        ],
        "epoches": [
            0,
            10
        ]
    },
    "train_avg_recall": {
        "best_results": [
            0.7671840354767184,
            0.0,
            0.975609756097561,
            0.0,
            0.5787139689578714
        ],
        "all_results": [
            [
                0.7671840354767184,
                0.0,
                0.975609756097561,
                0.0,
                0.5787139689578714
            ],
            [
                0.7671840354767184,
                0.0,
                0.975609756097561,
                0.0,
                0.0
            ]
        ],
        "epoches": [
            0,
            10
        ]
    },
    "train_avg_f1": {
        "best_results": [
            0.8682559598494355,
            0.0,
            0.9876543209876543,
            0.0,
            0.7331460674157304
        ],
        "all_results": [
            [
                0.8682559598494355,
                0.0,
                0.9876543209876543,
                0.0,
                0.7331460674157304
            ],
            [
                0.8682559598494355,
                0.0,
                0.9876543209876543,
                0.0,
                0.0
            ]
        ],
        "epoches": [
            0,
            10
        ]
    },
    "train_avg_accuracy": {
        "best_results": [
            0.7671840190887451,
            0.4013303816318512,
            0.9756097793579102,
            0.5077605247497559,
            0.5787139534950256
        ],
        "all_results": [
            [
                0.7671840190887451,
                0.4013303816318512,
                0.9756097793579102,
                0.5077605247497559,
                0.5787139534950256
            ],
            [
                0.7671840190887451,
                0.4013303816318512,
                0.9756097793579102,
                0.5077605247497559,
                0.421286016702652
            ]
        ],
        "epoches": [
            0,
            10
        ]
    },
    "val_avg_precision": {
        "best_results": [
            1.0,
            0.0,
            1.0,
            0.0,
            1.0
        ],
        "all_results": [
            [
                1.0,
                0.0,
                1.0,
                0.0,
                1.0
            ],
            [
                1.0,
                0.0,
                1.0,
                0.0,
                0.0
            ]
        ],
        "epoches": [
            0,
            10
        ]
    },
    "val_avg_recall": {
        "best_results": [
            0.8543046357615894,
            0.0,
            0.9205298013245033,
            0.0,
            0.5695364238410596
        ],
        "all_results": [
            [
                0.8543046357615894,
                0.0,
                0.9205298013245033,
                0.0,
                0.5695364238410596
            ],
            [
                0.8543046357615894,
                0.0,
                0.9205298013245033,
                0.0,
                0.0
            ]
        ],
        "epoches": [
            0,
            10
        ]
    },
    "val_avg_f1": {
        "best_results": [
            0.9214285714285714,
            0.0,
            0.9586206896551724,
            0.0,
            0.7257383966244726
        ],
        "all_results": [
            [
                0.9214285714285714,
                0.0,
                0.9586206896551724,
                0.0,
                0.7257383966244726
            ],
            [
                0.9214285714285714,
                0.0,
                0.9586206896551724,
                0.0,
                0.0
            ]
        ],
        "epoches": [
            0,
            10
        ]
    },
    "val_avg_accuracy": {
        "best_results": [
            0.8543046116828918,
            0.23178808391094208,
            0.9205297827720642,
            0.5165562629699707,
            0.5695364475250244
        ],
        "all_results": [
            [
                0.8543046116828918,
                0.23178808391094208,
                0.9205297827720642,
                0.5165562629699707,
                0.5695364475250244
            ],
            [
                0.8543046116828918,
                0.23178808391094208,
                0.9205297827720642,
                0.5165562629699707,
                0.430463582277298
            ]
        ],
        "epoches": [
            0,
            10
        ]
    },
    "test_avg_precision": {
        "best_results": [
            1.0,
            0.0,
            1.0,
            0.0,
            1.0
        ],
        "all_results": [
            [
                1.0,
                0.0,
                1.0,
                0.0,
                1.0
            ],
            [
                1.0,
                0.0,
                1.0,
                0.0,
                0.0
            ]
        ],
        "epoches": [
            0,
            10
        ]
    },
    "test_avg_recall": {
        "best_results": [
            0.9006622516556292,
            0.0,
            0.8211920529801324,
            0.0,
            0.5894039735099338
        ],
        "all_results": [
            [
                0.9006622516556292,
                0.0,
                0.8211920529801324,
                0.0,
                0.5894039735099338
            ],
            [
                0.9006622516556292,
                0.0,
                0.8211920529801324,
                0.0,
                0.0
            ]
        ],
        "epoches": [
            0,
            10
        ]
    },
    "test_avg_f1": {
        "best_results": [
            0.9477351916376306,
            0.0,
            0.9018181818181819,
            0.0,
            0.7416666666666666
        ],
        "all_results": [
            [
                0.9477351916376306,
                0.0,
                0.9018181818181819,
                0.0,
                0.7416666666666666
            ],
            [
                0.9477351916376306,
                0.0,
                0.9018181818181819,
                0.0,
                0.0
            ]
        ],
        "epoches": [
            0,
            10
        ]
    },
    "test_avg_accuracy": {
        "best_results": [
            0.9006622433662415,
            0.18543046712875366,
            0.8211920261383057,
            0.3973509967327118,
            0.5894039869308472
        ],
        "all_results": [
            [
                0.9006622433662415,
                0.18543046712875366,
                0.8211920261383057,
                0.3973509967327118,
                0.5894039869308472
            ],
            [
                0.9006622433662415,
                0.18543046712875366,
                0.8211920261383057,
                0.3973509967327118,
                0.41059601306915283
            ]
        ],
        "epoches": [
            0,
            10
        ]
    }
}