{
    "train_avg_precision": {
        "best_results": [
            1.0,
            1.0,
            1.0,
            1.0,
            0.0
        ],
        "all_results": [
            [
                1.0,
                1.0,
                1.0,
                1.0,
                0.0
            ],
            [
                1.0,
                0.0,
                1.0,
                0.0,
                0.0
            ],
            [
                1.0,
                1.0,
                1.0,
                0.0,
                0.0
            ]
        ],
        "epoches": [
            0,
            10,
            20
        ]
    },
    "train_avg_recall": {
        "best_results": [
            0.7738927738927739,
            0.6223776223776224,
            0.965034965034965,
            0.4125874125874126,
            0.0
        ],
        "all_results": [
            [
                0.7738927738927739,
                0.6223776223776224,
                0.965034965034965,
                0.4125874125874126,
                0.0
            ],
            [
                0.7738927738927739,
                0.0,
                0.965034965034965,
                0.0,
                0.0
            ],
            [
                0.7738927738927739,
                0.6223776223776224,
                0.965034965034965,
                0.0,
                0.0
            ]
        ],
        "epoches": [
            0,
            10,
            20
        ]
    },
    "train_avg_f1": {
        "best_results": [
            0.8725361366622865,
            0.7672413793103448,
            0.9822064056939501,
            0.5841584158415842,
            0.0
        ],
        "all_results": [
            [
                0.8725361366622865,
                0.7672413793103448,
                0.9822064056939501,
                0.5841584158415842,
                0.0
            ],
            [
                0.8725361366622865,
                0.0,
                0.9822064056939501,
                0.0,
                0.0
            ],
            [
                0.8725361366622865,
                0.7672413793103448,
                0.9822064056939501,
                0.0,
                0.0
            ]
        ],
        "epoches": [
            0,
            10,
            20
        ]
    },
    "train_avg_accuracy": {
        "best_results": [
            0.7738927602767944,
            0.6223776340484619,
            0.9650349617004395,
            0.5874125957489014,
            0.49417248368263245
        ],
        "all_results": [
            [
                0.7738927602767944,
                0.6223776340484619,
                0.9650349617004395,
                0.5874125957489014,
                0.49417248368263245
            ],
            [
                0.7738927602767944,
                0.3776223659515381,
                0.9650349617004395,
                0.5874125957489014,
                0.49417248368263245
            ],
            [
                0.7738927602767944,
                0.6223776340484619,
                0.9650349617004395,
                0.5874125957489014,
                0.49417248368263245
            ]
        ],
        "epoches": [
            0,
            10,
            20
        ]
    },
    "val_avg_precision": {
        "best_results": [
            1.0,
            0.9897959183673469,
            1.0,
            1.0,
            0.0
        ],
        "all_results": [
            [
                1.0,
                0.9897959183673469,
                1.0,
                1.0,
                0.0
            ],
            [
                1.0,
                0.0,
                1.0,
                0.0,
                0.0
            ],
            [
                1.0,
                0.9897959183673469,
                1.0,
                0.0,
                0.0
            ]
        ],
        "epoches": [
            0,
            10,
            20
        ]
    },
    "val_avg_recall": {
        "best_results": [
            0.8461538461538461,
            0.6830985915492958,
            0.9090909090909091,
            0.5594405594405595,
            0.0
        ],
        "all_results": [
            [
                0.8461538461538461,
                0.6830985915492958,
                0.9090909090909091,
                0.5594405594405595,
                0.0
            ],
            [
                0.8461538461538461,
                0.0,
                0.9090909090909091,
                0.0,
                0.0
            ],
            [
                0.8461538461538461,
                0.6830985915492958,
                0.9090909090909091,
                0.0,
                0.0
            ]
        ],
        "epoches": [
            0,
            10,
            20
        ]
    },
    "val_avg_f1": {
        "best_results": [
            0.9166666666666666,
            0.8083333333333333,
            0.9523809523809523,
            0.7174887892376681,
            0.0
        ],
        "all_results": [
            [
                0.9166666666666666,
                0.8083333333333333,
                0.9523809523809523,
                0.7174887892376681,
                0.0
            ],
            [
                0.9166666666666666,
                0.0,
                0.9523809523809523,
                0.0,
                0.0
            ],
            [
                0.9166666666666666,
                0.8083333333333333,
                0.9523809523809523,
                0.0,
                0.0
            ]
        ],
        "epoches": [
            0,
            10,
            20
        ]
    },
    "val_avg_accuracy": {
        "best_results": [
            0.8461538553237915,
            0.6783216595649719,
            0.9090909361839294,
            0.559440553188324,
            0.32867133617401123
        ],
        "all_results": [
            [
                0.8461538553237915,
                0.6783216595649719,
                0.9090909361839294,
                0.559440553188324,
                0.32867133617401123
            ],
            [
                0.8461538553237915,
                0.31468531489372253,
                0.9090909361839294,
                0.440559446811676,
                0.32867133617401123
            ],
            [
                0.8461538553237915,
                0.6783216595649719,
                0.9090909361839294,
                0.440559446811676,
                0.32867133617401123
            ]
        ],
        "epoches": [
            0,
            10,
            20
        ]
    },
    "test_avg_precision": {
        "best_results": [
            1.0,
            0.9245283018867925,
            1.0,
            1.0,
            0.0
        ],
        "all_results": [
            [
                1.0,
                0.9245283018867925,
                1.0,
                1.0,
                0.0
            ],
            [
                1.0,
                0.0,
                1.0,
                0.0,
                0.0
            ],
            [
                1.0,
                0.9245283018867925,
                1.0,
                0.0,
                0.0
            ]
        ],
        "epoches": [
            0,
            10,
            20
        ]
    },
    "test_avg_recall": {
        "best_results": [
            0.8251748251748252,
            0.725925925925926,
            0.8461538461538461,
            0.4825174825174825,
            0.0
        ],