{
    "train_avg_precision": {
        "best_results": [
            1.0,
            0.0,
            1.0,
            1.0,
            1.0
        ],
        "all_results": [
            [
                1.0,
                0.0,
                1.0,
                1.0,
                1.0
            ],
            [
                1.0,
                0.0,
                1.0,
                0.0,
                0.0
            ],
            [
                1.0,
                0.0,
                1.0,
                0.0,
                0.0
            ]
        ],
        "epoches": [
            0,
            10,
            20
        ]
    },
    "train_avg_recall": {
        "best_results": [
            0.7955555555555556,
            0.0,
            0.9555555555555556,
            0.6222222222222222,
            0.4666666666666667
        ],
        "all_results": [
            [
                0.7955555555555556,
                0.0,
                0.9555555555555556,
                0.6222222222222222,
                0.4666666666666667
            ],
            [
                0.7955555555555556,
                0.0,
                0.9555555555555556,
                0.0,
                0.0
            ],
            [
                0.7955555555555556,
                0.0,
                0.9555555555555556,
                0.0,
                0.0
            ]
        ],
        "epoches": [
            0,
            10,
            20
        ]
    },
    "train_avg_f1": {
        "best_results": [
            0.8861386138613861,
            0.0,
            0.9772727272727273,
            0.7671232876712328,
            0.6363636363636364
        ],
        "all_results": [
            [
                0.8861386138613861,
                0.0,
                0.9772727272727273,
                0.7671232876712328,
                0.6363636363636364
            ],
            [
                0.8861386138613861,
                0.0,
                0.9772727272727273,
                0.0,
                0.0
            ],
            [
                0.8861386138613861,
                0.0,
                0.9772727272727273,
                0.0,
                0.0
            ]
        ],
        "epoches": [
            0,
            10,
            20
        ]
    },
    "train_avg_accuracy": {
        "best_results": [
            0.7955555319786072,
            0.3311111032962799,
            0.9555555582046509,
            0.6222222447395325,
            0.5333333611488342
        ],
        "all_results": [
            [
                0.7955555319786072,
                0.3311111032962799,
                0.9555555582046509,
                0.6222222447395325,
                0.5333333611488342
            ],
            [
                0.7955555319786072,
                0.3311111032962799,
                0.9555555582046509,
                0.3777777850627899,
                0.5333333611488342
            ],
            [
                0.7955555319786072,
                0.3311111032962799,
                0.9555555582046509,
                0.3777777850627899,
                0.5333333611488342
            ]
        ],
        "epoches": [
            0,
            10,
            20
        ]
    },
    "val_avg_precision": {
        "best_results": [
            1.0,
            0.0,
            1.0,
            1.0,
            1.0
        ],
        "all_results": [
            [
                1.0,
                0.0,
                1.0,
                1.0,
                1.0
            ],
            [
                1.0,
                0.0,
                1.0,
                0.0,
                0.0
            ],
            [
                1.0,
                0.0,
                1.0,
                0.0,
                0.0
            ]
        ],
        "epoches": [
            0,
            10,
            20
        ]
    },
    "val_avg_recall": {
        "best_results": [
            0.8466666666666667,
            0.0,
            0.9266666666666666,
            0.58,
            0.48
        ],
        "all_results": [
            [
                0.8466666666666667,
                0.0,
                0.9266666666666666,
                0.58,
                0.48
            ],
            [
                0.8466666666666667,
                0.0,
                0.9266666666666666,
                0.0,
                0.0
            ],
            [
                0.8466666666666667,
                0.0,
                0.9266666666666666,
                0.0,
                0.0
            ]
        ],
        "epoches": [
            0,
            10,
            20
        ]
    },
    "val_avg_f1": {
        "best_results": [
            0.9169675090252708,
            0.0,
            0.9619377162629758,
            0.7341772151898733,
            0.6486486486486487
        ],
        "all_results": [
            [
                0.9169675090252708,
                0.0,
                0.9619377162629758,
                0.7341772151898733,
                0.6486486486486487
            ],
            [
                0.9169675090252708,
                0.0,
                0.9619377162629758,
                0.0,
                0.0
            ],
            [
                0.9169675090252708,
                0.0,
                0.9619377162629758,
                0.0,
                0.0
            ]
        ],
        "epoches": [
            0,
            10,
            20
        ]
    },
    "val_avg_accuracy": {
        "best_results": [
            0.846666693687439,
            0.36666667461395264,
            0.9266666769981384,
            0.5799999833106995,
            0.5199999809265137
        ],
        "all_results": [
            [
                0.846666693687439,
                0.36666667461395264,
                0.9266666769981384,
                0.5799999833106995,
                0.5199999809265137
            ],
            [
                0.846666693687439,
                0.36666667461395264,
                0.9266666769981384,
                0.41999998688697815,
                0.5199999809265137
            ],
            [
                0.846666693687439,
                0.36666667461395264,
                0.9266666769981384,
                0.41999998688697815,
                0.5199999809265137
            ]
        ],
        "epoches": [
            0,
            10,
            20
        ]
    },
    "test_avg_precision": {
        "best_results": [
            1.0,
            0.0,
            1.0,
            1.0,
            1.0
        ],
        "all_results": [
            [
                1.0,
                0.0,
                1.0,
                1.0,
                1.0
            ],
            [
                1.0,
                0.0,
                1.0,
                0.0,
                0.0
            ],
            [
                1.0,
                0.0,
                1.0,
                0.0,
                0.0
            ]
        ],
        "epoches": [
            0,
            10,
            20
        ]
    },
    "test_avg_recall": {
        "best_results": [
            0.8866666666666667,
            0.0,
            0.8066666666666666,
            0.62,
            0.47333333333333333
        ],
        "all_results": [
            [
                0.8866666666666667,
                0.0,
                0.8066666666666666,
                0.62,
                0.47333333333333333
            ],
            [
                0.8866666666666667,
                0.0,
                0.8066666666666666,
                0.0,
                0.0
            ],
            [
                0.8866666666666667,
                0.0,
                0.8066666666666666,
                0.0,
                0.0
            ]
        ],