{
    "train_avg_precision": {
        "best_results": [
            1.0,
            0.0,
            1.0,
            1.0,
            1.0
        ],
        "all_results": [
            [
                1.0,
                0.0,
                1.0,
                1.0,
                1.0
            ],
            [
                1.0,
                0.0,
                1.0,
                0.0,
                0.0
            ],
            [
                1.0,
                0.0,
                1.0,
                0.0,
                1.0
            ]
        ],
        "epoches": [
            0,
            10,
            20
        ]
    },
    "train_avg_recall": {
        "best_results": [
            0.9594594594594594,
            0.0,
            0.786036036036036,
            0.6418918918918919,
            0.6734234234234234
        ],
        "all_results": [
            [
                0.9594594594594594,
                0.0,
                0.786036036036036,
                0.6418918918918919,
                0.6734234234234234
            ],
            [
                0.9594594594594594,
                0.0,
                0.786036036036036,
                0.0,
                0.0
            ],
            [
                0.9594594594594594,
                0.0,
                0.786036036036036,
                0.0,
                0.6734234234234234
            ]
        ],
        "epoches": [
            0,
            10,
            20
        ]
    },
    "train_avg_f1": {
        "best_results": [
            0.9793103448275862,
            0.0,
            0.880201765447667,
            0.7818930041152263,
            0.8048452220726783
        ],
        "all_results": [
            [
                0.9793103448275862,
                0.0,
                0.880201765447667,
                0.7818930041152263,
                0.8048452220726783
            ],
            [
                0.9793103448275862,
                0.0,
                0.880201765447667,
                0.0,
                0.0
            ],
            [
                0.9793103448275862,
                0.0,
                0.880201765447667,
                0.0,
                0.8048452220726783
            ]
        ],
        "epoches": [
            0,
            10,
            20
        ]
    },
    "train_avg_accuracy": {
        "best_results": [
            0.9594594836235046,
            0.5630630850791931,
            0.7860360145568848,
            0.6418918967247009,
            0.6734234094619751
        ],
        "all_results": [
            [
                0.9594594836235046,
                0.5630630850791931,
                0.7860360145568848,
                0.6418918967247009,
                0.6734234094619751
            ],
            [
                0.9594594836235046,
                0.5630630850791931,
                0.7860360145568848,
                0.3581081032752991,
                0.3265765905380249
            ],
            [
                0.9594594836235046,
                0.5630630850791931,
                0.7860360145568848,
                0.3581081032752991,
                0.6734234094619751
            ]
        ],
        "epoches": [
            0,
            10,
            20
        ]
    },
    "val_avg_precision": {
        "best_results": [
            1.0,
            0.0,
            1.0,
            1.0,
            1.0
        ],
        "all_results": [
            [
                1.0,
                0.0,
                1.0,
                1.0,
                1.0
            ],
            [
                1.0,
                0.0,
                1.0,
                0.0,
                0.0
            ],
            [
                1.0,
                0.0,
                1.0,
                0.0,
                1.0
            ]
        ],
        "epoches": [
            0,
            10,
            20
        ]
    },
    "val_avg_recall": {
        "best_results": [
            0.9530201342281879,
            0.0,
            0.825503355704698,
            0.5704697986577181,
            0.6442953020134228
        ],
        "all_results": [
            [
                0.9530201342281879,
                0.0,
                0.825503355704698,
                0.5704697986577181,
                0.6442953020134228
            ],
            [
                0.9530201342281879,
                0.0,
                0.825503355704698,
                0.0,
                0.0
            ],
            [
                0.9530201342281879,
                0.0,
                0.825503355704698,
                0.0,
                0.6442953020134228
            ]
        ],
        "epoches": [
            0,
            10,
            20
        ]
    },
    "val_avg_f1": {
        "best_results": [
            0.9759450171821306,
            0.0,
            0.9044117647058824,
            0.7264957264957265,
            0.7836734693877551
        ],
        "all_results": [
            [
                0.9759450171821306,
                0.0,
                0.9044117647058824,
                0.7264957264957265,
                0.7836734693877551
            ],
            [
                0.9759450171821306,
                0.0,
                0.9044117647058824,
                0.0,
                0.0
            ],
            [
                0.9759450171821306,
                0.0,
                0.9044117647058824,
                0.0,
                0.7836734693877551
            ]
        ],
        "epoches": [
            0,
            10,
            20
        ]
    },
    "val_avg_accuracy": {
        "best_results": [
            0.9530201554298401,
            0.48322147130966187,
            0.8255033493041992,
            0.5704697966575623,
            0.6442952752113342
        ],
        "all_results": [
            [
                0.9530201554298401,
                0.48322147130966187,
                0.8255033493041992,
                0.5704697966575623,
                0.6442952752113342
            ],
            [
                0.9530201554298401,
                0.48322147130966187,
                0.8255033493041992,
                0.42953020334243774,
                0.3557046949863434
            ],
            [
                0.9530201554298401,
                0.48322147130966187,
                0.8255033493041992,
                0.42953020334243774,
                0.6442952752113342
            ]
        ],
        "epoches": [
            0,
            10,
            20
        ]
    },
    "test_avg_precision": {
        "best_results": [
            1.0,
            0.0,
            1.0,
            1.0,
            1.0
        ],
        "all_results": [
            [
                1.0,
                0.0,
                1.0,
                1.0,
                1.0
            ],
            [
                1.0,
                0.0,
                1.0,
                0.0,
                0.0
            ],
            [
                1.0,
                0.0,
                1.0,
                0.0,
                1.0
            ]
        ],
        "epoches": [
            0,
            10,
            20
        ]
    },
    "test_avg_recall": {
        "best_results": [
            0.7635135135135135,
            0.0,
            0.9256756756756757,
            0.5945945945945946,
            0.6891891891891891
        ],