{
    "train_avg_precision": {
        "best_results": [
            1.0,
            1.0,
            1.0,
            0.0,
            0.0
        ],
        "all_results": [
            [
                1.0,
                1.0,
                1.0,
                0.0,
                0.0
            ],
            [
                1.0,
                1.0,
                0.0,
                0.0,
                0.0
            ],
            [
                1.0,
                1.0,
                0.0,
                0.0,
                0.0
            ]
        ],
        "epoches": [
            0,
            10,
            20
        ]
    },
    "train_avg_recall": {
        "best_results": [
            0.7481108312342569,
            0.9722921914357683,
            0.5843828715365239,
            0.0,
            0.0
        ],
        "all_results": [
            [
                0.7481108312342569,
                0.9722921914357683,
                0.5843828715365239,
                0.0,
                0.0
            ],
            [
                0.7481108312342569,
                0.9722921914357683,
                0.0,
                0.0,
                0.0
            ],
            [
                0.7481108312342569,
                0.9722921914357683,
                0.0,
                0.0,
                0.0
            ]
        ],
        "epoches": [
            0,
            10,
            20
        ]
    },
    "train_avg_f1": {
        "best_results": [
            0.855907780979827,
            0.9859514687100894,
            0.737678855325914,
            0.0,
            0.0
        ],
        "all_results": [
            [
                0.855907780979827,
                0.9859514687100894,
                0.737678855325914,
                0.0,
                0.0
            ],
            [
                0.855907780979827,
                0.9859514687100894,
                0.0,
                0.0,
                0.0
            ],
            [
                0.855907780979827,
                0.9859514687100894,
                0.0,
                0.0,
                0.0
            ]
        ],
        "epoches": [
            0,
            10,
            20
        ]
    },
    "train_avg_accuracy": {
        "best_results": [
            0.748110830783844,
            0.9722921848297119,
            0.5843828916549683,
            0.6146095991134644,
            0.44584381580352783
        ],
        "all_results": [
            [
                0.748110830783844,
                0.9722921848297119,
                0.5843828916549683,
                0.6146095991134644,
                0.44584381580352783
            ],
            [
                0.748110830783844,
                0.9722921848297119,
                0.4156171381473541,
                0.6146095991134644,
                0.44584381580352783
            ],
            [
                0.748110830783844,
                0.9722921848297119,
                0.4156171381473541,
                0.6146095991134644,
                0.44584381580352783
            ]
        ],
        "epoches": [
            0,
            10,
            20
        ]
    },
    "val_avg_precision": {
        "best_results": [
            1.0,
            1.0,
            1.0,
            0.0,
            0.0
        ],
        "all_results": [
            [
                1.0,
                1.0,
                1.0,
                0.0,
                0.0
            ],
            [
                1.0,
                1.0,
                0.0,
                0.0,
                0.0
            ],
            [
                1.0,
                1.0,
                0.0,
                0.0,
                0.0
            ]
        ],
        "epoches": [
            0,
            10,
            20
        ]
    },
    "val_avg_recall": {
        "best_results": [
            0.8721804511278195,
            0.924812030075188,
            0.7443609022556391,
            0.0,
            0.0
        ],
        "all_results": [
            [
                0.8721804511278195,
                0.924812030075188,
                0.7443609022556391,
                0.0,
                0.0
            ],
            [
                0.8721804511278195,
                0.924812030075188,
                0.0,
                0.0,
                0.0
            ],
            [
                0.8721804511278195,
                0.924812030075188,
                0.0,
                0.0,
                0.0
            ]
        ],
        "epoches": [
            0,
            10,
            20
        ]
    },
    "val_avg_f1": {
        "best_results": [
            0.931726907630522,
            0.9609375000000001,
            0.8534482758620691,
            0.0,
            0.0
        ],
        "all_results": [
            [
                0.931726907630522,
                0.9609375000000001,
                0.8534482758620691,
                0.0,
                0.0
            ],
            [
                0.931726907630522,
                0.9609375000000001,
                0.0,
                0.0,
                0.0
            ],
            [
                0.931726907630522,
                0.9609375000000001,
                0.0,
                0.0,
                0.0
            ]
        ],
        "epoches": [
            0,
            10,
            20
        ]
    },
    "val_avg_accuracy": {
        "best_results": [
            0.8721804618835449,
            0.9248120188713074,
            0.7443609237670898,
            0.45864662528038025,
            0.4135338366031647
        ],
        "all_results": [
            [
                0.8721804618835449,
                0.9248120188713074,
                0.7443609237670898,
                0.45864662528038025,
                0.4135338366031647
            ],
            [
                0.8721804618835449,
                0.9248120188713074,
                0.25563910603523254,
                0.45864662528038025,
                0.4135338366031647
            ],
            [
                0.8721804618835449,
                0.9248120188713074,
                0.25563910603523254,
                0.45864662528038025,
                0.4135338366031647
            ]
        ],
        "epoches": [
            0,
            10,
            20
        ]
    },
    "test_avg_precision": {
        "best_results": [
            1.0,
            1.0,
            1.0,
            0.0,
            0.0
        ],
        "all_results": [
            [
                1.0,
                1.0,
                1.0,
                0.0,
                0.0
            ],
            [
                1.0,
                1.0,
                0.0,
                0.0,
                0.0
            ],
            [
                1.0,
                1.0,
                0.0,
                0.0,
                0.0
            ]
        ],
        "epoches": [
            0,
            10,
            20
        ]
    },
    "test_avg_recall": {
        "best_results": [
            0.9548872180451128,
            0.7819548872180451,
            0.7819548872180451,
            0.0,
            0.0
        ],
        "all_results": [
            [
                0.9548872180451128,
                0.7819548872180451,
                0.7819548872180451,
                0.0,
                0.0
            ],
            [
                0.9548872180451128,
                0.7819548872180451,
                0.0,
                0.0,
                0.0
            ],
            [
                0.9548872180451128,
                0.7819548872180451,
                0.0,
                0.0,
                0.0
            ]
        ],
        "epoches": [
            0,
            10,
            20
        ]
    },