{
    "train_avg_precision": {
        "best_results": [
            1.0,
            1.0,
            1.0,
            1.0,
            1.0
        ],
        "all_results": [
            [
                1.0,
                1.0,
                1.0,
                1.0,
                1.0
            ],
            [
                1.0,
                1.0,
                0.0,
                1.0,
                0.0
            ],
            [
                1.0,
                1.0,
                0.0,
                1.0,
                0.0
            ]
        ],
        "epoches": [
            0,
            10,
            20
        ]
    },
    "train_avg_recall": {
        "best_results": [
            0.7780612244897959,
            0.9413265306122449,
            0.5841836734693877,
            0.6607142857142857,
            0.4362244897959184
        ],
        "all_results": [
            [
                0.7780612244897959,
                0.9413265306122449,
                0.5841836734693877,
                0.6607142857142857,
                0.4362244897959184
            ],
            [
                0.7780612244897959,
                0.9413265306122449,
                0.0,
                0.6607142857142857,
                0.0
            ],
            [
                0.7780612244897959,
                0.9413265306122449,
                0.0,
                0.6607142857142857,
                0.0
            ]
        ],
        "epoches": [
            0,
            10,
            20
        ]
    },
    "train_avg_f1": {
        "best_results": [
            0.8751793400286945,
            0.9697766097240473,
            0.7375201288244766,
            0.7956989247311829,
            0.6074600355239786
        ],
        "all_results": [
            [
                0.8751793400286945,
                0.9697766097240473,
                0.7375201288244766,
                0.7956989247311829,
                0.6074600355239786
            ],
            [
                0.8751793400286945,
                0.9697766097240473,
                0.0,
                0.7956989247311829,
                0.0
            ],
            [
                0.8751793400286945,
                0.9697766097240473,
                0.0,
                0.7956989247311829,
                0.0
            ]
        ],
        "epoches": [
            0,
            10,
            20
        ]
    },
    "train_avg_accuracy": {
        "best_results": [
            0.7780612111091614,
            0.9413265585899353,
            0.5841836929321289,
            0.6607142686843872,
            0.5637755393981934
        ],
        "all_results": [
            [
                0.7780612111091614,
                0.9413265585899353,
                0.5841836929321289,
                0.6607142686843872,
                0.5637755393981934
            ],
            [
                0.7780612111091614,
                0.9413265585899353,
                0.4158163368701935,
                0.6607142686843872,
                0.5637755393981934
            ],
            [
                0.7780612111091614,
                0.9413265585899353,
                0.4158163368701935,
                0.6607142686843872,
                0.5637755393981934
            ]
        ],
        "epoches": [
            0,
            10,
            20
        ]
    },
    "val_avg_precision": {
        "best_results": [
            1.0,
            1.0,
            1.0,
            1.0,
            1.0
        ],
        "all_results": [
            [
                1.0,
                1.0,
                1.0,
                1.0,
                1.0
            ],
            [
                1.0,
                1.0,
                0.0,
                1.0,
                0.0
            ],
            [
                1.0,
                1.0,
                0.0,
                1.0,
                0.0
            ]
        ],
        "epoches": [
            0,
            10,
            20
        ]
    },
    "val_avg_recall": {
        "best_results": [
            0.7175572519083969,
            0.9312977099236641,
            0.6641221374045801,
            0.6870229007633588,
            0.44274809160305345
        ],
        "all_results": [
            [
                0.7175572519083969,
                0.9312977099236641,
                0.6641221374045801,
                0.6870229007633588,
                0.44274809160305345
            ],
            [
                0.7175572519083969,
                0.9312977099236641,
                0.0,
                0.6870229007633588,
                0.0
            ],
            [
                0.7175572519083969,
                0.9312977099236641,
                0.0,
                0.6870229007633588,
                0.0
            ]
        ],
        "epoches": [
            0,
            10,
            20
        ]
    },
    "val_avg_f1": {
        "best_results": [
            0.8355555555555555,
            0.9644268774703557,
            0.798165137614679,
            0.8144796380090498,
            0.6137566137566137
        ],
        "all_results": [
            [
                0.8355555555555555,
                0.9644268774703557,
                0.798165137614679,
                0.8144796380090498,
                0.6137566137566137
            ],
            [
                0.8355555555555555,
                0.9644268774703557,
                0.0,
                0.8144796380090498,
                0.0
            ],
            [
                0.8355555555555555,
                0.9644268774703557,
                0.0,
                0.8144796380090498,
                0.0
            ]
        ],
        "epoches": [
            0,
            10,
            20
        ]
    },
    "val_avg_accuracy": {
        "best_results": [
            0.7175572514533997,
            0.9312977194786072,
            0.6641221642494202,
            0.6870229244232178,
            0.5572519302368164
        ],
        "all_results": [
            [
                0.7175572514533997,
                0.9312977194786072,
                0.6641221642494202,
                0.6870229244232178,
                0.5572519302368164
            ],
            [
                0.7175572514533997,
                0.9312977194786072,
                0.3358778655529022,
                0.6870229244232178,
                0.5572519302368164
            ],
            [
                0.7175572514533997,
                0.9312977194786072,
                0.3358778655529022,
                0.6870229244232178,
                0.5572519302368164
            ]
        ],
        "epoches": [
            0,
            10,
            20
        ]
    },
    "test_avg_precision": {
        "best_results": [
            1.0,
            1.0,
            1.0,
            1.0,
            1.0
        ],
        "all_results": [
            [
                1.0,
                1.0,
                1.0,
                1.0,
                1.0
            ],
            [
                1.0,
                1.0,
                0.0,
                1.0,
                0.0
            ],
            [
                1.0,
                1.0,
                0.0,
                1.0,
                0.0
            ]
        ],
        "epoches": [
            0,
            10,
            20
        ]
    },
    "test_avg_recall": {
        "best_results": [
            0.8015267175572519,
            0.8625954198473282,
            0.7099236641221374,
            0.648854961832061,
            0.48854961832061067
        ],