{
    "train_avg_precision": {
        "best_results": [
            1.0,
            0.0,
            1.0,
            0.0,
            0.0
        ],
        "all_results": [
            [
                1.0,
                0.0,
                1.0,
                0.0,
                0.0
            ],
            [
                1.0,
                0.0,
                0.0,
                0.0,
                0.0
            ],
            [
                1.0,
                0.0,
                0.0,
                0.0,
                0.0
            ],
            [
                1.0,
                0.0,
                0.0,
                0.0,
                0.0
            ],
            [
                1.0,
                0.0,
                0.0,
                0.0,
                0.0
            ],
            [
                1.0,
                0.0,
                0.0,
                0.0,
                0.0
            ],
            [
                1.0,
                0.0,
                0.0,
                0.0,
                0.0
            ],
            [
                1.0,
                0.0,
                0.0,
                0.0,
                0.0
            ]
        ],
        "epoches": [
            0,
            10,
            20,
            30,
            40,
            50,
            60,
            70
        ]
    },
    "train_avg_recall": {
        "best_results": [
            0.620979020979021,
            0.0,
            0.08835904628330996,
            0.0,
            0.0
        ],
        "all_results": [
            [
                0.620979020979021,
                0.0,
                0.08835904628330996,
                0.0,
                0.0
            ],
            [
                0.620979020979021,
                0.0,
                0.0,
                0.0,
                0.0
            ],
            [
                0.620979020979021,
                0.0,
                0.0,
                0.0,
                0.0
            ],
            [
                0.620979020979021,
                0.0,
                0.0,
                0.0,
                0.0
            ],
            [
                0.620979020979021,
                0.0,
                0.0,
                0.0,
                0.0
            ],
            [
                0.620979020979021,
                0.0,
                0.0,
                0.0,
                0.0
            ],
            [
                0.620979020979021,
                0.0,
                0.0,
                0.0,
                0.0
            ],
            [
                0.620979020979021,
                0.0,
                0.0,
                0.0,
                0.0
            ]
        ],
        "epoches": [
            0,
            10,
            20,
            30,
            40,
            50,
            60,
            70
        ]
    },
    "train_avg_f1": {
        "best_results": [
            0.7661777394305437,
            0.0,
            0.16237113402061856,
            0.0,
            0.0
        ],
        "all_results": [
            [
                0.7661777394305437,
                0.0,
                0.16237113402061856,
                0.0,
                0.0
            ],
            [
                0.7661777394305437,
                0.0,
                0.0,
                0.0,
                0.0
            ],
            [
                0.7661777394305437,
                0.0,
                0.0,
                0.0,
                0.0
            ],
            [
                0.7661777394305437,
                0.0,
                0.0,
                0.0,
                0.0
            ],
            [
                0.7661777394305437,
                0.0,
                0.0,
                0.0,
                0.0
            ],
            [
                0.7661777394305437,
                0.0,
                0.0,
                0.0,
                0.0
            ],
            [
                0.7661777394305437,
                0.0,
                0.0,
                0.0,
                0.0
            ],
            [
                0.7661777394305437,
                0.0,
                0.0,
                0.0,
                0.0
            ]
        ],
        "epoches": [
            0,
            10,
            20,
            30,
            40,
            50,
            60,
            70
        ]
    },
    "train_avg_accuracy": {
        "best_results": [
            0.6209790110588074,
            0.9146853089332581,
            0.9118881225585938,
            0.9272727370262146,
            0.867132842540741
        ],
        "all_results": [
            [
                0.6209790110588074,
                0.9146853089332581,
                0.9118881225585938,
                0.9272727370262146,
                0.867132842540741
            ],
            [
                0.6209790110588074,
                0.9146853089332581,
                0.9118881225585938,
                0.9272727370262146,
                0.867132842540741
            ],
            [
                0.6209790110588074,
                0.9146853089332581,
                0.9118881225585938,
                0.9272727370262146,
                0.867132842540741
            ],
            [
                0.6209790110588074,
                0.9146853089332581,
                0.9118881225585938,
                0.9272727370262146,
                0.867132842540741
            ],
            [
                0.6209790110588074,
                0.9146853089332581,
                0.9118881225585938,
                0.9272727370262146,
                0.867132842540741
            ],
            [
                0.6209790110588074,
                0.9146853089332581,
                0.9118881225585938,
                0.9272727370262146,
                0.867132842540741
            ],
            [
                0.6209790110588074,
                0.9146853089332581,
                0.9118881225585938,
                0.9272727370262146,
                0.867132842540741
            ],
            [
                0.6209790110588074,
                0.9146853089332581,
                0.9118881225585938,
                0.9272727370262146,
                0.867132842540741
            ]
        ],
        "epoches": [
            0,
            10,
            20,
            30,
            40,
            50,
            60,
            70
        ]
    },
    "val_avg_precision": {
        "best_results": [
            1.0,
            0.0,
            1.0,
            0.0,
            0.0
        ],
        "all_results": [
            [
                1.0,
                0.0,
                1.0,
                0.0,
                0.0
            ],
            [
                1.0,
                0.0,
                0.0,
                0.0,
                0.0
            ],
            [
                1.0,
                0.0,
                0.0,
                0.0,
                0.0
            ],
            [
                1.0,
                0.0,
                0.0,
                0.0,
                0.0
            ],
            [
                1.0,
                0.0,
                0.0,
                0.0,
                0.0
            ],
            [
                1.0,
                0.0,
                0.0,
                0.0,
                0.0
            ],
            [
                1.0,
                0.0,
                0.0,
                0.0,
                0.0
            ],
            [
                1.0,
                0.0,
                0.0,
                0.0,
                0.0
            ]
        ],