{
    "train_avg_precision": {
        "best_results": [
            0.0,
            0.0,
            1.0,
            1.0,
            0.0
        ],
        "all_results": [
            [
                0.0,
                0.0,
                1.0,
                1.0,
                0.0
            ],
            [
                0.0,
                0.0,
                1.0,
                0.0,
                0.0
            ],
            [
                0.0,
                0.0,
                1.0,
                0.0,
                0.0
            ],
            [
                0.0,
                0.0,
                1.0,
                0.0,
                0.0
            ],
            [
                0.0,
                0.0,
                1.0,
                0.0,
                0.0
            ]
        ],
        "epoches": [
            0,
            10,
            20,
            30,
            40
        ]
    },
    "train_avg_recall": {
        "best_results": [
            0.0,
            0.0,
            0.9258741258741259,
            0.23216783216783216,
            0.0
        ],
        "all_results": [
            [
                0.0,
                0.0,
                0.9258741258741259,
                0.23216783216783216,
                0.0
            ],
            [
                0.0,
                0.0,
                0.9258741258741259,
                0.0,
                0.0
            ],
            [
                0.0,
                0.0,
                0.9258741258741259,
                0.0,
                0.0
            ],
            [
                0.0,
                0.0,
                0.9258741258741259,
                0.0,
                0.0
            ],
            [
                0.0,
                0.0,
                0.9258741258741259,
                0.0,
                0.0
            ]
        ],
        "epoches": [
            0,
            10,
            20,
            30,
            40
        ]
    },
    "train_avg_f1": {
        "best_results": [
            0.0,
            0.0,
            0.9615105301379812,
            0.376844494892168,
            0.0
        ],
        "all_results": [
            [
                0.0,
                0.0,
                0.9615105301379812,
                0.376844494892168,
                0.0
            ],
            [
                0.0,
                0.0,
                0.9615105301379812,
                0.0,
                0.0
            ],
            [
                0.0,
                0.0,
                0.9615105301379812,
                0.0,
                0.0
            ],
            [
                0.0,
                0.0,
                0.9615105301379812,
                0.0,
                0.0
            ],
            [
                0.0,
                0.0,
                0.9615105301379812,
                0.0,
                0.0
            ]
        ],
        "epoches": [
            0,
            10,
            20,
            30,
            40
        ]
    },
    "train_avg_accuracy": {
        "best_results": [
            0.5916084051132202,
            0.6797202825546265,
            0.9258741140365601,
            0.7678321599960327,
            0.6671328544616699
        ],
        "all_results": [
            [
                0.5916084051132202,
                0.6797202825546265,
                0.9258741140365601,
                0.7678321599960327,
                0.6671328544616699
            ],
            [
                0.5916084051132202,
                0.6797202825546265,
                0.9258741140365601,
                0.7678321599960327,
                0.6671328544616699
            ],
            [
                0.5916084051132202,
                0.6797202825546265,
                0.9258741140365601,
                0.7678321599960327,
                0.6671328544616699
            ],
            [
                0.5916084051132202,
                0.6797202825546265,
                0.9258741140365601,
                0.7678321599960327,
                0.6671328544616699
            ],
            [
                0.5916084051132202,
                0.6797202825546265,
                0.9258741140365601,
                0.7678321599960327,
                0.6671328544616699
            ]
        ],
        "epoches": [
            0,
            10,
            20,
            30,
            40
        ]
    },
    "val_avg_precision": {
        "best_results": [
            0.0,
            0.0,
            1.0,
            1.0,
            0.0
        ],
        "all_results": [
            [
                0.0,
                0.0,
                1.0,
                1.0,
                0.0
            ],
            [
                0.0,
                0.0,
                1.0,
                0.0,
                0.0
            ],
            [
                0.0,
                0.0,
                1.0,
                0.0,
                0.0
            ],
            [
                0.0,
                0.0,
                1.0,
                0.0,
                0.0
            ],
            [
                0.0,
                0.0,
                1.0,
                0.0,
                0.0
            ]
        ],
        "epoches": [
            0,
            10,
            20,
            30,
            40
        ]
    },
    "val_avg_recall": {
        "best_results": [
            0.0,
            0.0,
            0.8242677824267782,
            0.2175732217573222,
            0.0
        ],
        "all_results": [
            [
                0.0,
                0.0,
                0.8242677824267782,
                0.2175732217573222,
                0.0
            ],
            [
                0.0,
                0.0,
                0.8242677824267782,
                0.0,
                0.0
            ],
            [
                0.0,
                0.0,
                0.8242677824267782,
                0.0,
                0.0
            ],
            [
                0.0,
                0.0,
                0.8242677824267782,
                0.0,
                0.0
            ],
            [
                0.0,
                0.0,
                0.8242677824267782,
                0.0,
                0.0
            ]
        ],
        "epoches": [
            0,
            10,
            20,
            30,
            40
        ]
    },
    "val_avg_f1": {
        "best_results": [
            0.0,
            0.0,
            0.9036697247706421,
            0.3573883161512028,
            0.0
        ],
        "all_results": [
            [
                0.0,
                0.0,
                0.9036697247706421,
                0.3573883161512028,
                0.0
            ],
            [
                0.0,
                0.0,
                0.9036697247706421,
                0.0,
                0.0
            ],
            [
                0.0,
                0.0,
                0.9036697247706421,
                0.0,
                0.0
            ],
            [
                0.0,
                0.0,
                0.9036697247706421,
                0.0,
                0.0
            ],
            [
                0.0,
                0.0,
                0.9036697247706421,
                0.0,
                0.0
            ]
        ],
        "epoches": [
            0,
            10,
            20,
            30,
            40
        ]
    },
    "val_avg_accuracy": {
        "best_results": [
            0.3682008385658264,
            0.6903765797615051,
            0.8242678046226501,
            0.7824267745018005,
            0.7196652889251709
        ],