{
    "train_avg_precision": {
        "best_results": [
            1.0,
            0.0,
            0.0,
            1.0,
            1.0
        ],
        "all_results": [
            [
                1.0,
                0.0,
                0.0,
                1.0,
                1.0
            ],
            [
                1.0,
                0.0,
                0.0,
                0.0,
                0.0
            ],
            [
                1.0,
                0.0,
                0.0,
                0.0,
                0.0
            ],
            [
                1.0,
                0.0,
                0.0,
                1.0,
                0.0
            ],
            [
                1.0,
                0.0,
                0.0,
                1.0,
                0.0
            ],
            [
                1.0,
                0.0,
                0.0,
                1.0,
                0.0
            ]
        ],
        "epoches": [
            0,
            10,
            20,
            30,
            40,
            50
        ]
    },
    "train_avg_recall": {
        "best_results": [
            0.9434523809523809,
            0.0,
            0.0,
            0.4419642857142857,
            0.18452380952380953
        ],
        "all_results": [
            [
                0.9434523809523809,
                0.0,
                0.0,
                0.4419642857142857,
                0.18452380952380953
            ],
            [
                0.9434523809523809,
                0.0,
                0.0,
                0.0,
                0.0
            ],
            [
                0.9434523809523809,
                0.0,
                0.0,
                0.0,
                0.0
            ],
            [
                0.9434523809523809,
                0.0,
                0.0,
                0.4419642857142857,
                0.0
            ],
            [
                0.9434523809523809,
                0.0,
                0.0,
                0.4419642857142857,
                0.0
            ],
            [
                0.9434523809523809,
                0.0,
                0.0,
                0.4419642857142857,
                0.0
            ]
        ],
        "epoches": [
            0,
            10,
            20,
            30,
            40,
            50
        ]
    },
    "train_avg_f1": {
        "best_results": [
            0.9709035222052067,
            0.0,
            0.0,
            0.6130030959752323,
            0.31155778894472363
        ],
        "all_results": [
            [
                0.9709035222052067,
                0.0,
                0.0,
                0.6130030959752323,
                0.31155778894472363
            ],
            [
                0.9709035222052067,
                0.0,
                0.0,
                0.0,
                0.0
            ],
            [
                0.9709035222052067,
                0.0,
                0.0,
                0.0,
                0.0
            ],
            [
                0.9709035222052067,
                0.0,
                0.0,
                0.6130030959752323,
                0.0
            ],
            [
                0.9709035222052067,
                0.0,
                0.0,
                0.6130030959752323,
                0.0
            ],
            [
                0.9709035222052067,
                0.0,
                0.0,
                0.6130030959752323,
                0.0
            ]
        ],
        "epoches": [
            0,
            10,
            20,
            30,
            40,
            50
        ]
    },
    "train_avg_accuracy": {
        "best_results": [
            0.9434523582458496,
            0.7157738208770752,
            0.7232142686843872,
            0.5580357313156128,
            0.8154761791229248
        ],
        "all_results": [
            [
                0.9434523582458496,
                0.7157738208770752,
                0.7232142686843872,
                0.5580357313156128,
                0.8154761791229248
            ],
            [
                0.9434523582458496,
                0.7157738208770752,
                0.7232142686843872,
                0.5580357313156128,
                0.8154761791229248
            ],
            [
                0.9434523582458496,
                0.7157738208770752,
                0.7232142686843872,
                0.5580357313156128,
                0.8154761791229248
            ],
            [
                0.9434523582458496,
                0.7157738208770752,
                0.7232142686843872,
                0.4419642984867096,
                0.8154761791229248
            ],
            [
                0.9434523582458496,
                0.7157738208770752,
                0.7232142686843872,
                0.4419642984867096,
                0.8154761791229248
            ],
            [
                0.9434523582458496,
                0.7157738208770752,
                0.7232142686843872,
                0.4419642984867096,
                0.8154761791229248
            ]
        ],
        "epoches": [
            0,
            10,
            20,
            30,
            40,
            50
        ]
    },
    "val_avg_precision": {
        "best_results": [
            1.0,
            0.0,
            0.0,
            1.0,
            1.0
        ],
        "all_results": [
            [
                1.0,
                0.0,
                0.0,
                1.0,
                1.0
            ],
            [
                1.0,
                0.0,
                0.0,
                0.0,
                0.0
            ],
            [
                1.0,
                0.0,
                0.0,
                0.0,
                0.0
            ],
            [
                1.0,
                0.0,
                0.0,
                1.0,
                0.0
            ],
            [
                1.0,
                0.0,
                0.0,
                1.0,
                0.0
            ],
            [
                1.0,
                0.0,
                0.0,
                1.0,
                0.0
            ]
        ],
        "epoches": [
            0,
            10,
            20,
            30,
            40,
            50
        ]
    },
    "val_avg_recall": {
        "best_results": [
            0.8088888888888889,
            0.0,
            0.0,
            0.5511111111111111,
            0.26666666666666666
        ],
        "all_results": [
            [
                0.8088888888888889,
                0.0,
                0.0,
                0.5511111111111111,
                0.26666666666666666
            ],
            [
                0.8088888888888889,
                0.0,
                0.0,
                0.0,
                0.0
            ],
            [
                0.8088888888888889,
                0.0,
                0.0,
                0.0,
                0.0
            ],
            [
                0.8088888888888889,
                0.0,
                0.0,
                0.5511111111111111,
                0.0
            ],
            [
                0.8088888888888889,
                0.0,
                0.0,
                0.5511111111111111,
                0.0
            ],
            [
                0.8088888888888889,
                0.0,
                0.0,
                0.5511111111111111,
                0.0
            ]
        ],
        "epoches": [
            0,
            10,
            20,
            30,
            40,
            50
        ]
    },