{
    "train_avg_precision": {
        "best_results": [
            1.0,
            1.0,
            1.0,
            1.0,
            0.0
        ],
        "all_results": [
            [
                1.0,
                1.0,
                1.0,
                1.0,
                0.0
            ],
            [
                1.0,
                0.0,
                0.0,
                1.0,
                0.0
            ],
            [
                1.0,
                0.0,
                0.0,
                1.0,
                0.0
            ],
            [
                1.0,
                0.0,
                0.0,
                1.0,
                0.0
            ]
        ],
        "epoches": [
            0,
            10,
            20,
            30
        ]
    },
    "train_avg_recall": {
        "best_results": [
            0.9476987447698745,
            0.25313807531380755,
            0.29916317991631797,
            0.4205020920502092,
            0.0
        ],
        "all_results": [
            [
                0.9476987447698745,
                0.25313807531380755,
                0.29916317991631797,
                0.4205020920502092,
                0.0
            ],
            [
                0.9476987447698745,
                0.0,
                0.0,
                0.4205020920502092,
                0.0
            ],
            [
                0.9476987447698745,
                0.0,
                0.0,
                0.4205020920502092,
                0.0
            ],
            [
                0.9476987447698745,
                0.0,
                0.0,
                0.4205020920502092,
                0.0
            ]
        ],
        "epoches": [
            0,
            10,
            20,
            30
        ]
    },
    "train_avg_f1": {
        "best_results": [
            0.9731471535982814,
            0.40400667779632726,
            0.4605475040257649,
            0.5920471281296024,
            0.0
        ],
        "all_results": [
            [
                0.9731471535982814,
                0.40400667779632726,
                0.4605475040257649,
                0.5920471281296024,
                0.0
            ],
            [
                0.9731471535982814,
                0.0,
                0.0,
                0.5920471281296024,
                0.0
            ],
            [
                0.9731471535982814,
                0.0,
                0.0,
                0.5920471281296024,
                0.0
            ],
            [
                0.9731471535982814,
                0.0,
                0.0,
                0.5920471281296024,
                0.0
            ]
        ],
        "epoches": [
            0,
            10,
            20,
            30
        ]
    },
    "train_avg_accuracy": {
        "best_results": [
            0.9476987719535828,
            0.7468619346618652,
            0.7008368372917175,
            0.5794979333877563,
            0.8221757411956787
        ],
        "all_results": [
            [
                0.9476987719535828,
                0.7468619346618652,
                0.7008368372917175,
                0.5794979333877563,
                0.8221757411956787
            ],
            [
                0.9476987719535828,
                0.7468619346618652,
                0.7008368372917175,
                0.42050209641456604,
                0.8221757411956787
            ],
            [
                0.9476987719535828,
                0.7468619346618652,
                0.7008368372917175,
                0.42050209641456604,
                0.8221757411956787
            ],
            [
                0.9476987719535828,
                0.7468619346618652,
                0.7008368372917175,
                0.42050209641456604,
                0.8221757411956787
            ]
        ],
        "epoches": [
            0,
            10,
            20,
            30
        ]
    },
    "val_avg_precision": {
        "best_results": [
            1.0,
            1.0,
            1.0,
            1.0,
            0.0
        ],
        "all_results": [
            [
                1.0,
                1.0,
                1.0,
                1.0,
                0.0
            ],
            [
                1.0,
                0.0,
                0.0,
                1.0,
                0.0
            ],
            [
                1.0,
                0.0,
                0.0,
                1.0,
                0.0
            ],
            [
                1.0,
                0.0,
                0.0,
                1.0,
                0.0
            ]
        ],
        "epoches": [
            0,
            10,
            20,
            30
        ]
    },
    "val_avg_recall": {
        "best_results": [
            0.84375,
            0.3125,
            0.4875,
            0.48125,
            0.0
        ],
        "all_results": [
            [
                0.84375,
                0.3125,
                0.4875,
                0.48125,
                0.0
            ],
            [
                0.84375,
                0.0,
                0.0,
                0.48125,
                0.0
            ],
            [
                0.84375,
                0.0,
                0.0,
                0.48125,
                0.0
            ],
            [
                0.84375,
                0.0,
                0.0,
                0.48125,
                0.0
            ]
        ],
        "epoches": [
            0,
            10,
            20,
            30
        ]
    },
    "val_avg_f1": {
        "best_results": [
            0.9152542372881356,
            0.47619047619047616,
            0.6554621848739496,
            0.649789029535865,
            0.0
        ],
        "all_results": [
            [
                0.9152542372881356,
                0.47619047619047616,
                0.6554621848739496,
                0.649789029535865,
                0.0
            ],
            [
                0.9152542372881356,
                0.0,
                0.0,
                0.649789029535865,
                0.0
            ],
            [
                0.9152542372881356,
                0.0,
                0.0,
                0.649789029535865,
                0.0
            ],
            [
                0.9152542372881356,
                0.0,
                0.0,
                0.649789029535865,
                0.0
            ]
        ],
        "epoches": [
            0,
            10,
            20,
            30
        ]
    },
    "val_avg_accuracy": {
        "best_results": [
            0.84375,
            0.6875,
            0.512499988079071,
            0.518750011920929,
            0.731249988079071
        ],
        "all_results": [
            [
                0.84375,
                0.6875,
                0.512499988079071,
                0.518750011920929,
                0.731249988079071
            ],
            [
                0.84375,
                0.6875,
                0.512499988079071,
                0.48124998807907104,
                0.731249988079071
            ],
            [
                0.84375,
                0.6875,
                0.512499988079071,
                0.48124998807907104,
                0.731249988079071
            ],
            [
                0.84375,
                0.6875,
                0.512499988079071,
                0.48124998807907104,
                0.731249988079071
            ]
        ],
        "epoches": [
            0,
            10,
            20,
            30
        ]
    },
    "test_avg_precision": {
        "best_results": [
            1.0,
            1.0,
            1.0,
            1.0,
            0.0
        ],