{
    "train_avg_precision": {
        "best_results": [
            1.0,
            1.0,
            1.0,
            0.0,
            0.0
        ],
        "all_results": [
            [
                1.0,
                1.0,
                1.0,
                0.0,
                0.0
            ],
            [
                0.0,
                0.0,
                1.0,
                0.0,
                0.0
            ],
            [
                0.0,
                0.0,
                1.0,
                0.0,
                0.0
            ],
            [
                0.0,
                0.0,
                1.0,
                0.0,
                0.0
            ],
            [
                0.0,
                0.0,
                1.0,
                0.0,
                0.0
            ],
            [
                0.0,
                0.0,
                1.0,
                0.0,
                0.0
            ]
        ],
        "epoches": [
            0,
            10,
            20,
            30,
            40,
            50
        ]
    },
    "train_avg_recall": {
        "best_results": [
            0.38396624472573837,
            0.2805907172995781,
            0.9620253164556962,
            0.0,
            0.0
        ],
        "all_results": [
            [
                0.38396624472573837,
                0.2805907172995781,
                0.9620253164556962,
                0.0,
                0.0
            ],
            [
                0.0,
                0.0,
                0.9620253164556962,
                0.0,
                0.0
            ],
            [
                0.0,
                0.0,
                0.9620253164556962,
                0.0,
                0.0
            ],
            [
                0.0,
                0.0,
                0.9620253164556962,
                0.0,
                0.0
            ],
            [
                0.0,
                0.0,
                0.9620253164556962,
                0.0,
                0.0
            ],
            [
                0.0,
                0.0,
                0.9620253164556962,
                0.0,
                0.0
            ]
        ],
        "epoches": [
            0,
            10,
            20,
            30,
            40,
            50
        ]
    },
    "train_avg_f1": {
        "best_results": [
            0.5548780487804877,
            0.4382207578253707,
            0.9806451612903226,
            0.0,
            0.0
        ],
        "all_results": [
            [
                0.5548780487804877,
                0.4382207578253707,
                0.9806451612903226,
                0.0,
                0.0
            ],
            [
                0.0,
                0.0,
                0.9806451612903226,
                0.0,
                0.0
            ],
            [
                0.0,
                0.0,
                0.9806451612903226,
                0.0,
                0.0
            ],
            [
                0.0,
                0.0,
                0.9806451612903226,
                0.0,
                0.0
            ],
            [
                0.0,
                0.0,
                0.9806451612903226,
                0.0,
                0.0
            ],
            [
                0.0,
                0.0,
                0.9806451612903226,
                0.0,
                0.0
            ]
        ],
        "epoches": [
            0,
            10,
            20,
            30,
            40,
            50
        ]
    },
    "train_avg_accuracy": {
        "best_results": [
            0.6160337328910828,
            0.7194092869758606,
            0.9620253443717957,
            0.7194092869758606,
            0.8459915518760681
        ],
        "all_results": [
            [
                0.6160337328910828,
                0.7194092869758606,
                0.9620253443717957,
                0.7194092869758606,
                0.8459915518760681
            ],
            [
                0.6160337328910828,
                0.7194092869758606,
                0.9620253443717957,
                0.7194092869758606,
                0.8459915518760681
            ],
            [
                0.6160337328910828,
                0.7194092869758606,
                0.9620253443717957,
                0.7194092869758606,
                0.8459915518760681
            ],
            [
                0.6160337328910828,
                0.7194092869758606,
                0.9620253443717957,
                0.7194092869758606,
                0.8459915518760681
            ],
            [
                0.6160337328910828,
                0.7194092869758606,
                0.9620253443717957,
                0.7194092869758606,
                0.8459915518760681
            ],
            [
                0.6160337328910828,
                0.7194092869758606,
                0.9620253443717957,
                0.7194092869758606,
                0.8459915518760681
            ]
        ],
        "epoches": [
            0,
            10,
            20,
            30,
            40,
            50
        ]
    },
    "val_avg_precision": {
        "best_results": [
            1.0,
            1.0,
            1.0,
            0.0,
            0.0
        ],
        "all_results": [
            [
                1.0,
                1.0,
                1.0,
                0.0,
                0.0
            ],
            [
                0.0,
                0.0,
                1.0,
                0.0,
                0.0
            ],
            [
                0.0,
                0.0,
                1.0,
                0.0,
                0.0
            ],
            [
                0.0,
                0.0,
                1.0,
                0.0,
                0.0
            ],
            [
                0.0,
                0.0,
                1.0,
                0.0,
                0.0
            ],
            [
                0.0,
                0.0,
                1.0,
                0.0,
                0.0
            ]
        ],
        "epoches": [
            0,
            10,
            20,
            30,
            40,
            50
        ]
    },
    "val_avg_recall": {
        "best_results": [
            0.5220125786163522,
            0.4276729559748428,
            0.8490566037735849,
            0.0,
            0.0
        ],
        "all_results": [
            [
                0.5220125786163522,
                0.4276729559748428,
                0.8490566037735849,
                0.0,
                0.0
            ],
            [
                0.0,
                0.0,
                0.8490566037735849,
                0.0,
                0.0
            ],
            [
                0.0,
                0.0,
                0.8490566037735849,
                0.0,
                0.0
            ],
            [
                0.0,
                0.0,
                0.8490566037735849,
                0.0,
                0.0
            ],
            [
                0.0,
                0.0,
                0.8490566037735849,
                0.0,
                0.0
            ],
            [
                0.0,
                0.0,
                0.8490566037735849,
                0.0,
                0.0
            ]
        ],
        "epoches": [
            0,
            10,
            20,
            30,
            40,
            50
        ]
    },
    "val_avg_f1": {
        "best_results": [
            0.6859504132231404,
            0.5991189427312776,
            0.9183673469387755,
            0.0,
            0.0
        ],