{
    "train_avg_precision": {
        "best_results": [
            0.0,
            1.0,
            1.0,
            1.0,
            0.0
        ],
        "all_results": [
            [
                0.0,
                1.0,
                1.0,
                1.0,
                0.0
            ],
            [
                0.0,
                1.0,
                0.0,
                0.0,
                0.0
            ],
            [
                0.0,
                1.0,
                0.0,
                0.0,
                0.0
            ],
            [
                0.0,
                1.0,
                0.0,
                0.04,
                0.0
            ],
            [
                0.0,
                1.0,
                0.0,
                0.995,
                0.0
            ],
            [
                0.0,
                1.0,
                0.0,
                1.0,
                0.0
            ],
            [
                0.0,
                1.0,
                0.0,
                0.785,
                0.0
            ]
        ],
        "epoches": [
            0,
            10,
            20,
            30,
            40,
            50,
            60
        ]
    },
    "train_avg_recall": {
        "best_results": [
            0.0,
            0.9444444444444444,
            0.2777777777777778,
            0.5,
            0.0
        ],
        "all_results": [
            [
                0.0,
                0.9444444444444444,
                0.2777777777777778,
                0.5,
                0.0
            ],
            [
                0.0,
                0.9444444444444444,
                0.0,
                0.0,
                0.0
            ],
            [
                0.0,
                0.9444444444444444,
                0.0,
                0.0,
                0.0
            ],
            [
                0.0,
                0.9444444444444444,
                0.0,
                0.5,
                0.0
            ],
            [
                0.0,
                0.9444444444444444,
                0.0,
                0.41458333333333336,
                0.0
            ],
            [
                0.0,
                0.9444444444444444,
                0.0,
                0.41237113402061853,
                0.0
            ],
            [
                0.0,
                0.9444444444444444,
                0.0,
                0.4511494252873563,
                0.0
            ]
        ],
        "epoches": [
            0,
            10,
            20,
            30,
            40,
            50,
            60
        ]
    },
    "train_avg_f1": {
        "best_results": [
            0.0,
            0.9714285714285714,
            0.4347826086956522,
            0.5852941176470589,
            0.0
        ],
        "all_results": [
            [
                0.0,
                0.9714285714285714,
                0.4347826086956522,
                0.5852941176470589,
                0.0
            ],
            [
                0.0,
                0.9714285714285714,
                0.0,
                0.0,
                0.0
            ],
            [
                0.0,
                0.9714285714285714,
                0.0,
                0.0,
                0.0
            ],
            [
                0.0,
                0.9714285714285714,
                0.0,
                0.07407407407407407,
                0.0
            ],
            [
                0.0,
                0.9714285714285714,
                0.0,
                0.5852941176470589,
                0.0
            ],
            [
                0.0,
                0.9714285714285714,
                0.0,
                0.5839416058394161,
                0.0
            ],
            [
                0.0,
                0.9714285714285714,
                0.0,
                0.5729927007299269,
                0.0
            ]
        ],
        "epoches": [
            0,
            10,
            20,
            30,
            40,
            50,
            60
        ]
    },
    "train_avg_accuracy": {
        "best_results": [
            0.6913580298423767,
            0.9444444179534912,
            0.7222222089767456,
            0.588477373123169,
            0.8251028656959534
        ],
        "all_results": [
            [
                0.6913580298423767,
                0.9444444179534912,
                0.7222222089767456,
                0.588477373123169,
                0.8251028656959534
            ],
            [
                0.6913580298423767,
                0.9444444179534912,
                0.7222222089767456,
                0.588477373123169,
                0.8251028656959534
            ],
            [
                0.6913580298423767,
                0.9444444179534912,
                0.7222222089767456,
                0.588477373123169,
                0.8251028656959534
            ],
            [
                0.6913580298423767,
                0.9444444179534912,
                0.7222222089767456,
                0.588477373123169,
                0.8251028656959534
            ],
            [
                0.6913580298423767,
                0.9444444179534912,
                0.7222222089767456,
                0.4197530746459961,
                0.8251028656959534
            ],
            [
                0.6913580298423767,
                0.9444444179534912,
                0.7222222089767456,
                0.4135802388191223,
                0.8251028656959534
            ],
            [
                0.6913580298423767,
                0.9444444179534912,
                0.7222222089767456,
                0.5185185074806213,
                0.8251028656959534
            ]
        ],
        "epoches": [
            0,
            10,
            20,
            30,
            40,
            50,
            60
        ]
    },
    "val_avg_precision": {
        "best_results": [
            0.0,
            1.0,
            1.0,
            1.0,
            0.0
        ],
        "all_results": [
            [
                0.0,
                1.0,
                1.0,
                1.0,
                0.0
            ],
            [
                0.0,
                1.0,
                0.0,
                0.0,
                0.0
            ],
            [
                0.0,
                1.0,
                0.0,
                0.0,
                0.0
            ],
            [
                0.0,
                1.0,
                0.0,
                0.03296703296703297,
                0.0
            ],
            [
                0.0,
                1.0,
                0.0,
                1.0,
                0.0
            ],
            [
                0.0,
                1.0,
                0.0,
                1.0,
                0.0
            ],
            [
                0.0,
                1.0,
                0.0,
                0.8681318681318682,
                0.0
            ]
        ],
        "epoches": [
            0,
            10,
            20,
            30,
            40,
            50,
            60
        ]
    },
    "val_avg_recall": {
        "best_results": [
            0.0,
            0.8650306748466258,
            0.32515337423312884,
            0.558282208588957,
            0.0
        ],