{
    "train_avg_precision": {
        "best_results": [
            1.0,
            1.0,
            0.0,
            1.0,
            1.0
        ],
        "all_results": [
            [
                1.0,
                1.0,
                0.0,
                1.0,
                1.0
            ],
            [
                0.0,
                1.0,
                0.0,
                0.0,
                0.0
            ],
            [
                0.0,
                1.0,
                0.0,
                0.0,
                0.0
            ],
            [
                0.9896373056994818,
                1.0,
                0.0,
                0.0,
                0.0
            ],
            [
                1.0,
                1.0,
                0.0,
                0.0,
                0.0
            ],
            [
                1.0,
                1.0,
                0.0,
                0.0,
                0.0
            ]
        ],
        "epoches": [
            0,
            10,
            20,
            30,
            40,
            50
        ]
    },
    "train_avg_recall": {
        "best_results": [
            0.3962655601659751,
            0.9405737704918032,
            0.0,
            0.1885245901639344,
            0.29713114754098363
        ],
        "all_results": [
            [
                0.3962655601659751,
                0.9405737704918032,
                0.0,
                0.1885245901639344,
                0.29713114754098363
            ],
            [
                0.0,
                0.9405737704918032,
                0.0,
                0.0,
                0.0
            ],
            [
                0.0,
                0.9405737704918032,
                0.0,
                0.0,
                0.0
            ],
            [
                0.3962655601659751,
                0.9405737704918032,
                0.0,
                0.0,
                0.0
            ],
            [
                0.39549180327868855,
                0.9405737704918032,
                0.0,
                0.0,
                0.0
            ],
            [
                0.39549180327868855,
                0.9405737704918032,
                0.0,
                0.0,
                0.0
            ]
        ],
        "epoches": [
            0,
            10,
            20,
            30,
            40,
            50
        ]
    },
    "train_avg_f1": {
        "best_results": [
            0.5668135095447872,
            0.969376979936642,
            0.0,
            0.31724137931034485,
            0.4581358609794629
        ],
        "all_results": [
            [
                0.5668135095447872,
                0.969376979936642,
                0.0,
                0.31724137931034485,
                0.4581358609794629
            ],
            [
                0.0,
                0.969376979936642,
                0.0,
                0.0,
                0.0
            ],
            [
                0.0,
                0.969376979936642,
                0.0,
                0.0,
                0.0
            ],
            [
                0.5659259259259259,
                0.969376979936642,
                0.0,
                0.0,
                0.0
            ],
            [
                0.5668135095447872,
                0.969376979936642,
                0.0,
                0.0,
                0.0
            ],
            [
                0.5668135095447872,
                0.969376979936642,
                0.0,
                0.0,
                0.0
            ]
        ],
        "epoches": [
            0,
            10,
            20,
            30,
            40,
            50
        ]
    },
    "train_avg_accuracy": {
        "best_results": [
            0.6045082211494446,
            0.9405737519264221,
            0.7131147384643555,
            0.811475396156311,
            0.7028688788414001
        ],
        "all_results": [
            [
                0.6045082211494446,
                0.9405737519264221,
                0.7131147384643555,
                0.811475396156311,
                0.7028688788414001
            ],
            [
                0.6045082211494446,
                0.9405737519264221,
                0.7131147384643555,
                0.811475396156311,
                0.7028688788414001
            ],
            [
                0.6045082211494446,
                0.9405737519264221,
                0.7131147384643555,
                0.811475396156311,
                0.7028688788414001
            ],
            [
                0.3995901644229889,
                0.9405737519264221,
                0.7131147384643555,
                0.811475396156311,
                0.7028688788414001
            ],
            [
                0.3954918086528778,
                0.9405737519264221,
                0.7131147384643555,
                0.811475396156311,
                0.7028688788414001
            ],
            [
                0.3954918086528778,
                0.9405737519264221,
                0.7131147384643555,
                0.811475396156311,
                0.7028688788414001
            ]
        ],
        "epoches": [
            0,
            10,
            20,
            30,
            40,
            50
        ]
    },
    "val_avg_precision": {
        "best_results": [
            1.0,
            1.0,
            0.0,
            1.0,
            1.0
        ],
        "all_results": [
            [
                1.0,
                1.0,
                0.0,
                1.0,
                1.0
            ],
            [
                0.0,
                1.0,
                0.0,
                0.0,
                0.0
            ],
            [
                0.010752688172043012,
                1.0,
                0.0,
                0.0,
                0.0
            ],
            [
                1.0,
                1.0,
                0.0,
                0.0,
                0.0
            ],
            [
                1.0,
                1.0,
                0.0,
                0.0,
                0.0
            ],
            [
                1.0,
                1.0,
                0.0,
                0.0,
                0.0
            ]
        ],
        "epoches": [
            0,
            10,
            20,
            30,
            40,
            50
        ]
    },
    "val_avg_recall": {
        "best_results": [
            1.0,
            0.8404907975460123,
            0.0,
            0.15432098765432098,
            0.42592592592592593
        ],
        "all_results": [
            [
                1.0,
                0.8404907975460123,
                0.0,
                0.15432098765432098,
                0.42592592592592593
            ],
            [
                0.0,
                0.8404907975460123,
                0.0,
                0.0,
                0.0
            ],
            [
                1.0,
                0.8404907975460123,
                0.0,
                0.0,
                0.0
            ],
            [
                0.5740740740740741,
                0.8404907975460123,
                0.0,
                0.0,
                0.0
            ],
            [
                0.5705521472392638,
                0.8404907975460123,
                0.0,
                0.0,
                0.0
            ],
            [
                0.5705521472392638,
                0.8404907975460123,
                0.0,
                0.0,
                0.0
            ]
        ],
        "epoches": [
            0,
            10,
            20,
            30,
            40,
            50
        ]
    },