{
    "train_avg_precision": {
        "best_results": [
            1.0,
            1.0,
            0.0,
            1.0,
            0.0
        ],
        "all_results": [
            [
                1.0,
                1.0,
                0.0,
                1.0,
                0.0
            ],
            [
                0.0,
                1.0,
                0.0,
                0.0,
                0.0
            ],
            [
                0.0,
                1.0,
                0.0,
                0.0,
                0.0
            ],
            [
                0.0,
                1.0,
                0.0,
                0.0,
                0.0
            ],
            [
                0.0,
                1.0,
                0.0,
                0.0,
                0.0
            ],
            [
                0.0,
                1.0,
                0.0,
                0.0,
                0.0
            ]
        ],
        "epoches": [
            0,
            10,
            20,
            30,
            40,
            50
        ]
    },
    "train_avg_recall": {
        "best_results": [
            0.4068825910931174,
            0.9392712550607287,
            0.0,
            0.31376518218623484,
            0.0
        ],
        "all_results": [
            [
                0.4068825910931174,
                0.9392712550607287,
                0.0,
                0.31376518218623484,
                0.0
            ],
            [
                0.0,
                0.9392712550607287,
                0.0,
                0.0,
                0.0
            ],
            [
                0.0,
                0.9392712550607287,
                0.0,
                0.0,
                0.0
            ],
            [
                0.0,
                0.9392712550607287,
                0.0,
                0.0,
                0.0
            ],
            [
                0.0,
                0.9392712550607287,
                0.0,
                0.0,
                0.0
            ],
            [
                0.0,
                0.9392712550607287,
                0.0,
                0.0,
                0.0
            ]
        ],
        "epoches": [
            0,
            10,
            20,
            30,
            40,
            50
        ]
    },
    "train_avg_f1": {
        "best_results": [
            0.5784172661870504,
            0.9686847599164927,
            0.0,
            0.47765793528505396,
            0.0
        ],
        "all_results": [
            [
                0.5784172661870504,
                0.9686847599164927,
                0.0,
                0.47765793528505396,
                0.0
            ],
            [
                0.0,
                0.9686847599164927,
                0.0,
                0.0,
                0.0
            ],
            [
                0.0,
                0.9686847599164927,
                0.0,
                0.0,
                0.0
            ],
            [
                0.0,
                0.9686847599164927,
                0.0,
                0.0,
                0.0
            ],
            [
                0.0,
                0.9686847599164927,
                0.0,
                0.0,
                0.0
            ],
            [
                0.0,
                0.9686847599164927,
                0.0,
                0.0,
                0.0
            ]
        ],
        "epoches": [
            0,
            10,
            20,
            30,
            40,
            50
        ]
    },
    "train_avg_accuracy": {
        "best_results": [
            0.5931174159049988,
            0.9392712712287903,
            0.7267206311225891,
            0.6862348318099976,
            0.829959511756897
        ],
        "all_results": [
            [
                0.5931174159049988,
                0.9392712712287903,
                0.7267206311225891,
                0.6862348318099976,
                0.829959511756897
            ],
            [
                0.5931174159049988,
                0.9392712712287903,
                0.7267206311225891,
                0.6862348318099976,
                0.829959511756897
            ],
            [
                0.5931174159049988,
                0.9392712712287903,
                0.7267206311225891,
                0.6862348318099976,
                0.829959511756897
            ],
            [
                0.5931174159049988,
                0.9392712712287903,
                0.7267206311225891,
                0.6862348318099976,
                0.829959511756897
            ],
            [
                0.5931174159049988,
                0.9392712712287903,
                0.7267206311225891,
                0.6862348318099976,
                0.829959511756897
            ],
            [
                0.5931174159049988,
                0.9392712712287903,
                0.7267206311225891,
                0.6862348318099976,
                0.829959511756897
            ]
        ],
        "epoches": [
            0,
            10,
            20,
            30,
            40,
            50
        ]
    },
    "val_avg_precision": {
        "best_results": [
            1.0,
            1.0,
            0.0,
            1.0,
            0.0
        ],
        "all_results": [
            [
                1.0,
                1.0,
                0.0,
                1.0,
                0.0
            ],
            [
                0.0,
                1.0,
                0.0,
                0.0,
                0.0
            ],
            [
                0.0,
                1.0,
                0.0,
                0.0,
                0.0
            ],
            [
                0.0,
                1.0,
                0.0,
                0.0,
                0.0
            ],
            [
                0.0,
                1.0,
                0.0,
                0.0,
                0.0
            ],
            [
                0.0,
                1.0,
                0.0,
                0.0,
                0.0
            ]
        ],
        "epoches": [
            0,
            10,
            20,
            30,
            40,
            50
        ]
    },
    "val_avg_recall": {
        "best_results": [
            0.46060606060606063,
            0.8666666666666667,
            0.0,
            0.36363636363636365,
            0.0
        ],
        "all_results": [
            [
                0.46060606060606063,
                0.8666666666666667,
                0.0,
                0.36363636363636365,
                0.0
            ],
            [
                0.0,
                0.8666666666666667,
                0.0,
                0.0,
                0.0
            ],
            [
                0.0,
                0.8666666666666667,
                0.0,
                0.0,
                0.0
            ],
            [
                0.0,
                0.8666666666666667,
                0.0,
                0.0,
                0.0
            ],
            [
                0.0,
                0.8666666666666667,
                0.0,
                0.0,
                0.0
            ],
            [
                0.0,
                0.8666666666666667,
                0.0,
                0.0,
                0.0
            ]
        ],
        "epoches": [
            0,
            10,
            20,
            30,
            40,
            50
        ]
    },
    "val_avg_f1": {
        "best_results": [
            0.6307053941908713,
            0.9285714285714286,
            0.0,
            0.5333333333333333,
            0.0
        ],