{
    "train_avg_precision": {
        "best_results": [
            1.0,
            1.0,
            0.0,
            0.0,
            0.0
        ],
        "all_results": [
            [
                1.0,
                1.0,
                0.0,
                0.0,
                0.0
            ],
            [
                0.0,
                1.0,
                0.0,
                0.0,
                0.0
            ],
            [
                0.0,
                1.0,
                0.0,
                0.0,
                0.0
            ],
            [
                0.0,
                1.0,
                0.0,
                0.0,
                0.0
            ],
            [
                0.0,
                1.0,
                0.0,
                0.0,
                0.0
            ],
            [
                0.0,
                1.0,
                0.0,
                0.0,
                0.0
            ]
        ],
        "epoches": [
            0,
            10,
            20,
            30,
            40,
            50
        ]
    },
    "train_avg_recall": {
        "best_results": [
            0.38372093023255816,
            0.9554263565891473,
            0.0,
            0.0,
            0.0
        ],
        "all_results": [
            [
                0.38372093023255816,
                0.9554263565891473,
                0.0,
                0.0,
                0.0
            ],
            [
                0.0,
                0.9554263565891473,
                0.0,
                0.0,
                0.0
            ],
            [
                0.0,
                0.9554263565891473,
                0.0,
                0.0,
                0.0
            ],
            [
                0.0,
                0.9554263565891473,
                0.0,
                0.0,
                0.0
            ],
            [
                0.0,
                0.9554263565891473,
                0.0,
                0.0,
                0.0
            ],
            [
                0.0,
                0.9554263565891473,
                0.0,
                0.0,
                0.0
            ]
        ],
        "epoches": [
            0,
            10,
            20,
            30,
            40,
            50
        ]
    },
    "train_avg_f1": {
        "best_results": [
            0.5546218487394958,
            0.9772051536174431,
            0.0,
            0.0,
            0.0
        ],
        "all_results": [
            [
                0.5546218487394958,
                0.9772051536174431,
                0.0,
                0.0,
                0.0
            ],
            [
                0.0,
                0.9772051536174431,
                0.0,
                0.0,
                0.0
            ],
            [
                0.0,
                0.9772051536174431,
                0.0,
                0.0,
                0.0
            ],
            [
                0.0,
                0.9772051536174431,
                0.0,
                0.0,
                0.0
            ],
            [
                0.0,
                0.9772051536174431,
                0.0,
                0.0,
                0.0
            ],
            [
                0.0,
                0.9772051536174431,
                0.0,
                0.0,
                0.0
            ]
        ],
        "epoches": [
            0,
            10,
            20,
            30,
            40,
            50
        ]
    },
    "train_avg_accuracy": {
        "best_results": [
            0.6162790656089783,
            0.9554263353347778,
            0.7286821603775024,
            0.7170542478561401,
            0.7965116500854492
        ],
        "all_results": [
            [
                0.6162790656089783,
                0.9554263353347778,
                0.7286821603775024,
                0.7170542478561401,
                0.7965116500854492
            ],
            [
                0.6162790656089783,
                0.9554263353347778,
                0.7286821603775024,
                0.7170542478561401,
                0.7965116500854492
            ],
            [
                0.6162790656089783,
                0.9554263353347778,
                0.7286821603775024,
                0.7170542478561401,
                0.7965116500854492
            ],
            [
                0.6162790656089783,
                0.9554263353347778,
                0.7286821603775024,
                0.7170542478561401,
                0.7965116500854492
            ],
            [
                0.6162790656089783,
                0.9554263353347778,
                0.7286821603775024,
                0.7170542478561401,
                0.7965116500854492
            ],
            [
                0.6162790656089783,
                0.9554263353347778,
                0.7286821603775024,
                0.7170542478561401,
                0.7965116500854492
            ]
        ],
        "epoches": [
            0,
            10,
            20,
            30,
            40,
            50
        ]
    },
    "val_avg_precision": {
        "best_results": [
            1.0,
            1.0,
            0.0,
            0.0,
            0.0
        ],
        "all_results": [
            [
                1.0,
                1.0,
                0.0,
                0.0,
                0.0
            ],
            [
                0.0,
                1.0,
                0.0,
                0.0,
                0.0
            ],
            [
                0.0,
                1.0,
                0.0,
                0.0,
                0.0
            ],
            [
                0.0,
                1.0,
                0.0,
                0.0,
                0.0
            ],
            [
                0.0,
                1.0,
                0.0,
                0.0,
                0.0
            ],
            [
                0.0,
                1.0,
                0.0,
                0.0,
                0.0
            ]
        ],
        "epoches": [
            0,
            10,
            20,
            30,
            40,
            50
        ]
    },
    "val_avg_recall": {
        "best_results": [
            0.4941860465116279,
            0.8372093023255814,
            0.0,
            0.0,
            0.0
        ],
        "all_results": [
            [
                0.4941860465116279,
                0.8372093023255814,
                0.0,
                0.0,
                0.0
            ],
            [
                0.0,
                0.8372093023255814,
                0.0,
                0.0,
                0.0
            ],
            [
                0.0,
                0.8372093023255814,
                0.0,
                0.0,
                0.0
            ],
            [
                0.0,
                0.8372093023255814,
                0.0,
                0.0,
                0.0
            ],
            [
                0.0,
                0.8372093023255814,
                0.0,
                0.0,
                0.0
            ],
            [
                0.0,
                0.8372093023255814,
                0.0,
                0.0,
                0.0
            ]
        ],
        "epoches": [
            0,
            10,
            20,
            30,
            40,
            50
        ]
    },
    "val_avg_f1": {
        "best_results": [
            0.6614785992217899,
            0.9113924050632911,
            0.0,
            0.0,
            0.0
        ],