{
    "train_avg_precision": {
        "best_results": [
            1.0,
            1.0,
            0.0,
            0.0,
            1.0
        ],
        "all_results": [
            [
                1.0,
                1.0,
                0.0,
                0.0,
                1.0
            ],
            [
                1.0,
                0.0,
                0.0,
                0.0,
                0.0
            ],
            [
                1.0,
                0.07731958762886598,
                0.0,
                0.0,
                0.0
            ],
            [
                1.0,
                1.0,
                0.0,
                0.0,
                0.0
            ],
            [
                1.0,
                1.0,
                0.0,
                0.0,
                0.0
            ],
            [
                1.0,
                1.0,
                0.0,
                0.0,
                0.0
            ]
        ],
        "epoches": [
            0,
            10,
            20,
            30,
            40,
            50
        ]
    },
    "train_avg_recall": {
        "best_results": [
            0.9660297239915074,
            0.45454545454545453,
            0.0,
            0.0,
            0.18259023354564755
        ],
        "all_results": [
            [
                0.9660297239915074,
                0.45454545454545453,
                0.0,
                0.0,
                0.18259023354564755
            ],
            [
                0.9660297239915074,
                0.0,
                0.0,
                0.0,
                0.0
            ],
            [
                0.9660297239915074,
                0.45454545454545453,
                0.0,
                0.0,
                0.0
            ],
            [
                0.9660297239915074,
                0.4118895966029724,
                0.0,
                0.0,
                0.0
            ],
            [
                0.9660297239915074,
                0.4118895966029724,
                0.0,
                0.0,
                0.0
            ],
            [
                0.9660297239915074,
                0.4118895966029724,
                0.0,
                0.0,
                0.0
            ]
        ],
        "epoches": [
            0,
            10,
            20,
            30,
            40,
            50
        ]
    },
    "train_avg_f1": {
        "best_results": [
            0.9827213822894169,
            0.5834586466165415,
            0.0,
            0.0,
            0.3087971274685817
        ],
        "all_results": [
            [
                0.9827213822894169,
                0.5834586466165415,
                0.0,
                0.0,
                0.3087971274685817
            ],
            [
                0.9827213822894169,
                0.0,
                0.0,
                0.0,
                0.0
            ],
            [
                0.9827213822894169,
                0.13215859030837007,
                0.0,
                0.0,
                0.0
            ],
            [
                0.9827213822894169,
                0.5834586466165415,
                0.0,
                0.0,
                0.0
            ],
            [
                0.9827213822894169,
                0.5834586466165415,
                0.0,
                0.0,
                0.0
            ],
            [
                0.9827213822894169,
                0.5834586466165415,
                0.0,
                0.0,
                0.0
            ]
        ],
        "epoches": [
            0,
            10,
            20,
            30,
            40,
            50
        ]
    },
    "train_avg_accuracy": {
        "best_results": [
            0.966029703617096,
            0.5881103873252869,
            0.7579618096351624,
            0.7006369233131409,
            0.8174097537994385
        ],
        "all_results": [
            [
                0.966029703617096,
                0.5881103873252869,
                0.7579618096351624,
                0.7006369233131409,
                0.8174097537994385
            ],
            [
                0.966029703617096,
                0.5881103873252869,
                0.7579618096351624,
                0.7006369233131409,
                0.8174097537994385
            ],
            [
                0.966029703617096,
                0.5817409753799438,
                0.7579618096351624,
                0.7006369233131409,
                0.8174097537994385
            ],
            [
                0.966029703617096,
                0.41188958287239075,
                0.7579618096351624,
                0.7006369233131409,
                0.8174097537994385
            ],
            [
                0.966029703617096,
                0.41188958287239075,
                0.7579618096351624,
                0.7006369233131409,
                0.8174097537994385
            ],
            [
                0.966029703617096,
                0.41188958287239075,
                0.7579618096351624,
                0.7006369233131409,
                0.8174097537994385
            ]
        ],
        "epoches": [
            0,
            10,
            20,
            30,
            40,
            50
        ]
    },
    "val_avg_precision": {
        "best_results": [
            1.0,
            1.0,
            0.0,
            0.0,
            1.0
        ],
        "all_results": [
            [
                1.0,
                1.0,
                0.0,
                0.0,
                1.0
            ],
            [
                1.0,
                0.0,
                0.0,
                0.0,
                0.0
            ],
            [
                1.0,
                0.136986301369863,
                0.0,
                0.0,
                0.0
            ],
            [
                1.0,
                1.0,
                0.0,
                0.0,
                0.0
            ],
            [
                1.0,
                1.0,
                0.0,
                0.0,
                0.0
            ],
            [
                1.0,
                1.0,
                0.0,
                0.0,
                0.0
            ]
        ],
        "epoches": [
            0,
            10,
            20,
            30,
            40,
            50
        ]
    },
    "val_avg_recall": {
        "best_results": [
            0.8089171974522293,
            0.46496815286624205,
            0.0,
            0.0,
            0.27388535031847133
        ],
        "all_results": [
            [
                0.8089171974522293,
                0.46496815286624205,
                0.0,
                0.0,
                0.27388535031847133
            ],
            [
                0.8089171974522293,
                0.0,
                0.0,
                0.0,
                0.0
            ],
            [
                0.8089171974522293,
                0.38461538461538464,
                0.0,
                0.0,
                0.0
            ],
            [
                0.8089171974522293,
                0.46496815286624205,
                0.0,
                0.0,
                0.0
            ],
            [
                0.8089171974522293,
                0.46496815286624205,
                0.0,
                0.0,
                0.0
            ],
            [
                0.8089171974522293,
                0.46496815286624205,
                0.0,
                0.0,
                0.0
            ]
        ],
        "epoches": [
            0,
            10,
            20,
            30,
            40,
            50
        ]
    },