{
    "train_avg_precision": {
        "best_results": [
            1.0,
            0.0,
            0.0,
            0.0,
            1.0
        ],
        "all_results": [
            [
                1.0,
                0.0,
                0.0,
                0.0,
                1.0
            ],
            [
                1.0,
                0.0,
                0.0,
                0.0,
                0.0
            ],
            [
                1.0,
                0.0,
                0.0,
                0.0,
                0.0
            ],
            [
                1.0,
                0.0,
                0.0,
                0.0,
                0.0
            ]
        ],
        "epoches": [
            0,
            10,
            20,
            30
        ]
    },
    "train_avg_recall": {
        "best_results": [
            0.9535864978902954,
            0.0,
            0.0,
            0.0,
            0.29957805907172996
        ],
        "all_results": [
            [
                0.9535864978902954,
                0.0,
                0.0,
                0.0,
                0.29957805907172996
            ],
            [
                0.9535864978902954,
                0.0,
                0.0,
                0.0,
                0.0
            ],
            [
                0.9535864978902954,
                0.0,
                0.0,
                0.0,
                0.0
            ],
            [
                0.9535864978902954,
                0.0,
                0.0,
                0.0,
                0.0
            ]
        ],
        "epoches": [
            0,
            10,
            20,
            30
        ]
    },
    "train_avg_f1": {
        "best_results": [
            0.9762419006479482,
            0.0,
            0.0,
            0.0,
            0.461038961038961
        ],
        "all_results": [
            [
                0.9762419006479482,
                0.0,
                0.0,
                0.0,
                0.461038961038961
            ],
            [
                0.9762419006479482,
                0.0,
                0.0,
                0.0,
                0.0
            ],
            [
                0.9762419006479482,
                0.0,
                0.0,
                0.0,
                0.0
            ],
            [
                0.9762419006479482,
                0.0,
                0.0,
                0.0,
                0.0
            ]
        ],
        "epoches": [
            0,
            10,
            20,
            30
        ]
    },
    "train_avg_accuracy": {
        "best_results": [
            0.9535865187644958,
            0.7320675253868103,
            0.6308016777038574,
            0.8270041942596436,
            0.700421929359436
        ],
        "all_results": [
            [
                0.9535865187644958,
                0.7320675253868103,
                0.6308016777038574,
                0.8270041942596436,
                0.700421929359436
            ],
            [
                0.9535865187644958,
                0.7320675253868103,
                0.6308016777038574,
                0.8270041942596436,
                0.700421929359436
            ],
            [
                0.9535865187644958,
                0.7320675253868103,
                0.6308016777038574,
                0.8270041942596436,
                0.700421929359436
            ],
            [
                0.9535865187644958,
                0.7320675253868103,
                0.6308016777038574,
                0.8270041942596436,
                0.700421929359436
            ]
        ],
        "epoches": [
            0,
            10,
            20,
            30
        ]
    },
    "val_avg_precision": {
        "best_results": [
            1.0,
            0.0,
            0.0,
            0.0,
            1.0
        ],
        "all_results": [
            [
                1.0,
                0.0,
                0.0,
                0.0,
                1.0
            ],
            [
                1.0,
                0.0,
                0.0,
                0.0,
                0.0
            ],
            [
                1.0,
                0.0,
                0.0,
                0.0,
                0.0
            ],
            [
                1.0,
                0.0,
                0.0,
                0.0,
                0.0
            ]
        ],
        "epoches": [
            0,
            10,
            20,
            30
        ]
    },
    "val_avg_recall": {
        "best_results": [
            0.7974683544303798,
            0.0,
            0.0,
            0.0,
            0.4240506329113924
        ],
        "all_results": [
            [
                0.7974683544303798,
                0.0,
                0.0,
                0.0,
                0.4240506329113924
            ],
            [
                0.7974683544303798,
                0.0,
                0.0,
                0.0,
                0.0
            ],
            [
                0.7974683544303798,
                0.0,
                0.0,
                0.0,
                0.0
            ],
            [
                0.7974683544303798,
                0.0,
                0.0,
                0.0,
                0.0
            ]
        ],
        "epoches": [
            0,
            10,
            20,
            30
        ]
    },
    "val_avg_f1": {
        "best_results": [
            0.8873239436619719,
            0.0,
            0.0,
            0.0,
            0.5955555555555555
        ],
        "all_results": [
            [
                0.8873239436619719,
                0.0,
                0.0,
                0.0,
                0.5955555555555555
            ],
            [
                0.8873239436619719,
                0.0,
                0.0,
                0.0,
                0.0
            ],
            [
                0.8873239436619719,
                0.0,
                0.0,
                0.0,
                0.0
            ],
            [
                0.8873239436619719,
                0.0,
                0.0,
                0.0,
                0.0
            ]
        ],
        "epoches": [
            0,
            10,
            20,
            30
        ]
    },
    "val_avg_accuracy": {
        "best_results": [
            0.797468364238739,
            0.6455696225166321,
            0.3734177350997925,
            0.7658227682113647,
            0.5759493708610535
        ],
        "all_results": [
            [
                0.797468364238739,
                0.6455696225166321,
                0.3734177350997925,
                0.7658227682113647,
                0.5759493708610535
            ],
            [
                0.797468364238739,
                0.6455696225166321,
                0.3734177350997925,
                0.7658227682113647,
                0.5759493708610535
            ],
            [
                0.797468364238739,
                0.6455696225166321,
                0.3734177350997925,
                0.7658227682113647,
                0.5759493708610535
            ],
            [
                0.797468364238739,
                0.6455696225166321,
                0.3734177350997925,
                0.7658227682113647,
                0.5759493708610535
            ]
        ],
        "epoches": [
            0,
            10,
            20,
            30
        ]
    },
    "test_avg_precision": {
        "best_results": [
            1.0,
            0.0,
            0.0,
            0.0,
            1.0
        ],