{
    "train_avg_precision": {
        "best_results": [
            1.0,
            1.0,
            1.0,
            1.0,
            1.0
        ],
        "all_results": [
            [
                1.0,
                1.0,
                1.0,
                1.0,
                1.0
            ],
            [
                0.0,
                1.0,
                0.0,
                0.0,
                0.0
            ],
            [
                0.0,
                1.0,
                0.0,
                0.0,
                0.0
            ],
            [
                0.01775147928994083,
                1.0,
                0.0,
                0.0,
                0.0
            ],
            [
                1.0,
                1.0,
                0.0,
                0.0,
                0.0
            ],
            [
                1.0,
                1.0,
                0.0,
                0.0,
                0.0
            ],
            [
                1.0,
                1.0,
                0.0,
                0.0,
                0.0
            ]
        ],
        "epoches": [
            0,
            10,
            20,
            30,
            40,
            50,
            60
        ]
    },
    "train_avg_recall": {
        "best_results": [
            1.0,
            0.9766899766899767,
            0.2773892773892774,
            0.2867132867132867,
            0.1445221445221445
        ],
        "all_results": [
            [
                1.0,
                0.9766899766899767,
                0.2773892773892774,
                0.2867132867132867,
                0.1445221445221445
            ],
            [
                0.0,
                0.9766899766899767,
                0.0,
                0.0,
                0.0
            ],
            [
                0.0,
                0.9766899766899767,
                0.0,
                0.0,
                0.0
            ],
            [
                1.0,
                0.9766899766899767,
                0.0,
                0.0,
                0.0
            ],
            [
                0.3939393939393939,
                0.9766899766899767,
                0.0,
                0.0,
                0.0
            ],
            [
                0.3939393939393939,
                0.9766899766899767,
                0.0,
                0.0,
                0.0
            ],
            [
                0.3939393939393939,
                0.9766899766899767,
                0.0,
                0.0,
                0.0
            ]
        ],
        "epoches": [
            0,
            10,
            20,
            30,
            40,
            50,
            60
        ]
    },
    "train_avg_f1": {
        "best_results": [
            0.5652173913043478,
            0.9882075471698113,
            0.43430656934306566,
            0.4456521739130435,
            0.2525458248472505
        ],
        "all_results": [
            [
                0.5652173913043478,
                0.9882075471698113,
                0.43430656934306566,
                0.4456521739130435,
                0.2525458248472505
            ],
            [
                0.0,
                0.9882075471698113,
                0.0,
                0.0,
                0.0
            ],
            [
                0.0,
                0.9882075471698113,
                0.0,
                0.0,
                0.0
            ],
            [
                0.03488372093023256,
                0.9882075471698113,
                0.0,
                0.0,
                0.0
            ],
            [
                0.5652173913043478,
                0.9882075471698113,
                0.0,
                0.0,
                0.0
            ],
            [
                0.5652173913043478,
                0.9882075471698113,
                0.0,
                0.0,
                0.0
            ],
            [
                0.5652173913043478,
                0.9882075471698113,
                0.0,
                0.0,
                0.0
            ]
        ],
        "epoches": [
            0,
            10,
            20,
            30,
            40,
            50,
            60
        ]
    },
    "train_avg_accuracy": {
        "best_results": [
            0.6130536198616028,
            0.9766899943351746,
            0.7226107120513916,
            0.7132866978645325,
            0.8554778695106506
        ],
        "all_results": [
            [
                0.6130536198616028,
                0.9766899943351746,
                0.7226107120513916,
                0.7132866978645325,
                0.8554778695106506
            ],
            [
                0.6060606241226196,
                0.9766899943351746,
                0.7226107120513916,
                0.7132866978645325,
                0.8554778695106506
            ],
            [
                0.6060606241226196,
                0.9766899943351746,
                0.7226107120513916,
                0.7132866978645325,
                0.8554778695106506
            ],
            [
                0.6130536198616028,
                0.9766899943351746,
                0.7226107120513916,
                0.7132866978645325,
                0.8554778695106506
            ],
            [
                0.39393940567970276,
                0.9766899943351746,
                0.7226107120513916,
                0.7132866978645325,
                0.8554778695106506
            ],
            [
                0.39393940567970276,
                0.9766899943351746,
                0.7226107120513916,
                0.7132866978645325,
                0.8554778695106506
            ],
            [
                0.39393940567970276,
                0.9766899943351746,
                0.7226107120513916,
                0.7132866978645325,
                0.8554778695106506
            ]
        ],
        "epoches": [
            0,
            10,
            20,
            30,
            40,
            50,
            60
        ]
    },
    "val_avg_precision": {
        "best_results": [
            1.0,
            1.0,
            1.0,
            1.0,
            1.0
        ],
        "all_results": [
            [
                1.0,
                1.0,
                1.0,
                1.0,
                1.0
            ],
            [
                0.0,
                1.0,
                0.0,
                0.0,
                0.0
            ],
            [
                0.0,
                1.0,
                0.0,
                0.0,
                0.0
            ],
            [
                0.03614457831325301,
                1.0,
                0.0,
                0.0,
                0.0
            ],
            [
                1.0,
                1.0,
                0.0,
                0.0,
                0.0
            ],
            [
                1.0,
                1.0,
                0.0,
                0.0,
                0.0
            ],
            [
                1.0,
                1.0,
                0.0,
                0.0,
                0.0
            ]
        ],
        "epoches": [
            0,
            10,
            20,
            30,
            40,
            50,
            60
        ]
    },
    "val_avg_recall": {
        "best_results": [
            0.6,
            0.8531468531468531,
            0.38461538461538464,
            0.34965034965034963,
            0.18181818181818182
        ],