{
    "train_avg_precision": {
        "best_results": [
            1.0,
            1.0,
            1.0,
            1.0,
            1.0
        ],
        "all_results": [
            [
                1.0,
                1.0,
                1.0,
                1.0,
                1.0
            ],
            [
                0.0,
                1.0,
                0.0,
                0.0,
                0.0
            ],
            [
                0.0,
                1.0,
                0.0,
                0.0,
                0.0
            ],
            [
                0.41346153846153844,
                1.0,
                0.0,
                0.0,
                0.0
            ],
            [
                1.0,
                1.0,
                0.0,
                0.0,
                0.0
            ],
            [
                1.0,
                1.0,
                0.0,
                0.0,
                0.0
            ],
            [
                1.0,
                1.0,
                0.0,
                0.0,
                0.0
            ]
        ],
        "epoches": [
            0,
            10,
            20,
            30,
            40,
            50,
            60
        ]
    },
    "train_avg_recall": {
        "best_results": [
            0.5212121212121212,
            0.9429735234215886,
            0.1446028513238289,
            0.26272912423625255,
            0.3095723014256619
        ],
        "all_results": [
            [
                0.5212121212121212,
                0.9429735234215886,
                0.1446028513238289,
                0.26272912423625255,
                0.3095723014256619
            ],
            [
                0.0,
                0.9429735234215886,
                0.0,
                0.0,
                0.0
            ],
            [
                0.0,
                0.9429735234215886,
                0.0,
                0.0,
                0.0
            ],
            [
                0.5212121212121212,
                0.9429735234215886,
                0.0,
                0.0,
                0.0
            ],
            [
                0.42362525458248473,
                0.9429735234215886,
                0.0,
                0.0,
                0.0
            ],
            [
                0.42362525458248473,
                0.9429735234215886,
                0.0,
                0.0,
                0.0
            ],
            [
                0.42362525458248473,
                0.9429735234215886,
                0.0,
                0.0,
                0.0
            ]
        ],
        "epoches": [
            0,
            10,
            20,
            30,
            40,
            50,
            60
        ]
    },
    "train_avg_f1": {
        "best_results": [
            0.5951359084406295,
            0.9706498951781971,
            0.2526690391459075,
            0.4161290322580645,
            0.47278382581648515
        ],
        "all_results": [
            [
                0.5951359084406295,
                0.9706498951781971,
                0.2526690391459075,
                0.4161290322580645,
                0.47278382581648515
            ],
            [
                0.0,
                0.9706498951781971,
                0.0,
                0.0,
                0.0
            ],
            [
                0.0,
                0.9706498951781971,
                0.0,
                0.0,
                0.0
            ],
            [
                0.46112600536193027,
                0.9706498951781971,
                0.0,
                0.0,
                0.0
            ],
            [
                0.5951359084406295,
                0.9706498951781971,
                0.0,
                0.0,
                0.0
            ],
            [
                0.5951359084406295,
                0.9706498951781971,
                0.0,
                0.0,
                0.0
            ],
            [
                0.5951359084406295,
                0.9706498951781971,
                0.0,
                0.0,
                0.0
            ]
        ],
        "epoches": [
            0,
            10,
            20,
            30,
            40,
            50,
            60
        ]
    },
    "train_avg_accuracy": {
        "best_results": [
            0.590631365776062,
            0.9429734945297241,
            0.8553971648216248,
            0.7372708916664124,
            0.6904277205467224
        ],
        "all_results": [
            [
                0.590631365776062,
                0.9429734945297241,
                0.8553971648216248,
                0.7372708916664124,
                0.6904277205467224
            ],
            [
                0.5763747692108154,
                0.9429734945297241,
                0.8553971648216248,
                0.7372708916664124,
                0.6904277205467224
            ],
            [
                0.5743380784988403,
                0.9429734945297241,
                0.8553971648216248,
                0.7372708916664124,
                0.6904277205467224
            ],
            [
                0.590631365776062,
                0.9429734945297241,
                0.8553971648216248,
                0.7372708916664124,
                0.6904277205467224
            ],
            [
                0.42362526059150696,
                0.9429734945297241,
                0.8553971648216248,
                0.7372708916664124,
                0.6904277205467224
            ],
            [
                0.42362526059150696,
                0.9429734945297241,
                0.8553971648216248,
                0.7372708916664124,
                0.6904277205467224
            ],
            [
                0.42362526059150696,
                0.9429734945297241,
                0.8553971648216248,
                0.7372708916664124,
                0.6904277205467224
            ]
        ],
        "epoches": [
            0,
            10,
            20,
            30,
            40,
            50,
            60
        ]
    },
    "val_avg_precision": {
        "best_results": [
            1.0,
            1.0,
            1.0,
            1.0,
            1.0
        ],
        "all_results": [
            [
                1.0,
                1.0,
                1.0,
                1.0,
                1.0
            ],
            [
                0.0,
                1.0,
                0.0,
                0.0,
                0.0
            ],
            [
                0.012048192771084338,
                1.0,
                0.0,
                0.0,
                0.0
            ],
            [
                0.4939759036144578,
                1.0,
                0.0,
                0.0,
                0.0
            ],
            [
                1.0,
                1.0,
                0.0,
                0.0,
                0.0
            ],
            [
                1.0,
                1.0,
                0.0,
                0.0,
                0.0
            ],
            [
                1.0,
                1.0,
                0.0,
                0.0,
                0.0
            ]
        ],
        "epoches": [
            0,
            10,
            20,
            30,
            40,
            50,
            60
        ]
    },
    "val_avg_recall": {
        "best_results": [
            1.0,
            0.8536585365853658,
            0.27439024390243905,
            0.2865853658536585,
            0.4268292682926829
        ],