{
    "train_avg_precision": {
        "best_results": [
            1.0,
            0.0,
            1.0,
            1.0,
            0.0
        ],
        "all_results": [
            [
                1.0,
                0.0,
                1.0,
                1.0,
                0.0
            ],
            [
                1.0,
                0.0,
                0.0,
                0.0,
                0.0
            ],
            [
                1.0,
                0.0,
                0.0,
                0.0,
                0.0
            ],
            [
                1.0,
                0.0,
                0.03333333333333333,
                0.0,
                0.0
            ]
        ],
        "epoches": [
            0,
            10,
            20,
            30
        ]
    },
    "train_avg_recall": {
        "best_results": [
            0.9453125,
            0.0,
            0.45,
            0.3,
            0.0
        ],
        "all_results": [
            [
                0.9453125,
                0.0,
                0.45,
                0.3,
                0.0
            ],
            [
                0.9453125,
                0.0,
                0.0,
                0.0,
                0.0
            ],
            [
                0.9453125,
                0.0,
                0.0,
                0.0,
                0.0
            ],
            [
                0.9453125,
                0.0,
                0.45,
                0.0,
                0.0
            ]
        ],
        "epoches": [
            0,
            10,
            20,
            30
        ]
    },
    "train_avg_f1": {
        "best_results": [
            0.9718875502008032,
            0.0,
            0.5934065934065934,
            0.4615384615384615,
            0.0
        ],
        "all_results": [
            [
                0.9718875502008032,
                0.0,
                0.5934065934065934,
                0.4615384615384615,
                0.0
            ],
            [
                0.9718875502008032,
                0.0,
                0.0,
                0.0,
                0.0
            ],
            [
                0.9718875502008032,
                0.0,
                0.0,
                0.0,
                0.0
            ],
            [
                0.9718875502008032,
                0.0,
                0.06206896551724138,
                0.0,
                0.0
            ]
        ],
        "epoches": [
            0,
            10,
            20,
            30
        ]
    },
    "train_avg_accuracy": {
        "best_results": [
            0.9453125,
            0.731249988079071,
            0.578125,
            0.699999988079071,
            0.800000011920929
        ],
        "all_results": [
            [
                0.9453125,
                0.731249988079071,
                0.578125,
                0.699999988079071,
                0.800000011920929
            ],
            [
                0.9453125,
                0.731249988079071,
                0.578125,
                0.699999988079071,
                0.800000011920929
            ],
            [
                0.9453125,
                0.731249988079071,
                0.578125,
                0.699999988079071,
                0.800000011920929
            ],
            [
                0.9453125,
                0.731249988079071,
                0.574999988079071,
                0.699999988079071,
                0.800000011920929
            ]
        ],
        "epoches": [
            0,
            10,
            20,
            30
        ]
    },
    "val_avg_precision": {
        "best_results": [
            1.0,
            0.0,
            1.0,
            1.0,
            0.0
        ],
        "all_results": [
            [
                1.0,
                0.0,
                1.0,
                1.0,
                0.0
            ],
            [
                1.0,
                0.0,
                0.0,
                0.0,
                0.0
            ],
            [
                1.0,
                0.0,
                0.0,
                0.0,
                0.0
            ],
            [
                1.0,
                0.0,
                0.06451612903225806,
                0.0,
                0.0
            ]
        ],
        "epoches": [
            0,
            10,
            20,
            30
        ]
    },
    "val_avg_recall": {
        "best_results": [
            0.822429906542056,
            0.0,
            0.8888888888888888,
            0.4252336448598131,
            0.0
        ],
        "all_results": [
            [
                0.822429906542056,
                0.0,
                0.8888888888888888,
                0.4252336448598131,
                0.0
            ],
            [
                0.822429906542056,
                0.0,
                0.0,
                0.0,
                0.0
            ],
            [
                0.822429906542056,
                0.0,
                0.0,
                0.0,
                0.0
            ],
            [
                0.822429906542056,
                0.0,
                0.8888888888888888,
                0.0,
                0.0
            ]
        ],
        "epoches": [
            0,
            10,
            20,
            30
        ]
    },
    "val_avg_f1": {
        "best_results": [
            0.9025641025641025,
            0.0,
            0.7337278106508875,
            0.5967213114754099,
            0.0
        ],
        "all_results": [
            [
                0.9025641025641025,
                0.0,
                0.7337278106508875,
                0.5967213114754099,
                0.0
            ],
            [
                0.9025641025641025,
                0.0,
                0.0,
                0.0,
                0.0
            ],
            [
                0.9025641025641025,
                0.0,
                0.0,
                0.0,
                0.0
            ],
            [
                0.9025641025641025,
                0.0,
                0.12030075187969924,
                0.0,
                0.0
            ]
        ],
        "epoches": [
            0,
            10,
            20,
            30
        ]
    },
    "val_avg_accuracy": {
        "best_results": [
            0.822429895401001,
            0.6822429895401001,
            0.5794392228126526,
            0.5747663378715515,
            0.7616822719573975
        ],
        "all_results": [
            [
                0.822429895401001,
                0.6822429895401001,
                0.5794392228126526,
                0.5747663378715515,
                0.7616822719573975
            ],
            [
                0.822429895401001,
                0.6822429895401001,
                0.420560747385025,
                0.5747663378715515,
                0.7616822719573975
            ],
            [
                0.822429895401001,
                0.6822429895401001,
                0.420560747385025,
                0.5747663378715515,
                0.7616822719573975
            ],
            [
                0.822429895401001,
                0.6822429895401001,
                0.4532710313796997,
                0.5747663378715515,
                0.7616822719573975
            ]
        ],
        "epoches": [
            0,
            10,
            20,
            30
        ]
    },
    "test_avg_precision": {
        "best_results": [
            1.0,
            0.0,
            0.9037037037037037,
            0.95,
            0.0
        ],