{
    "train_avg_precision": {
        "best_results": [
            1.0,
            1.0,
            1.0,
            0.0,
            0.0
        ],
        "all_results": [
            [
                1.0,
                1.0,
                1.0,
                0.0,
                0.0
            ],
            [
                1.0,
                0.0,
                1.0,
                0.0,
                0.0
            ],
            [
                1.0,
                0.0,
                1.0,
                0.0,
                0.0
            ],
            [
                1.0,
                0.0,
                1.0,
                0.0,
                0.0
            ]
        ],
        "epoches": [
            0,
            10,
            20,
            30
        ]
    },
    "train_avg_recall": {
        "best_results": [
            0.4797891036906854,
            0.3233743409490334,
            0.929701230228471,
            0.0,
            0.0
        ],
        "all_results": [
            [
                0.4797891036906854,
                0.3233743409490334,
                0.929701230228471,
                0.0,
                0.0
            ],
            [
                0.4797891036906854,
                0.0,
                0.929701230228471,
                0.0,
                0.0
            ],
            [
                0.4797891036906854,
                0.0,
                0.929701230228471,
                0.0,
                0.0
            ],
            [
                0.4797891036906854,
                0.0,
                0.929701230228471,
                0.0,
                0.0
            ]
        ],
        "epoches": [
            0,
            10,
            20,
            30
        ]
    },
    "train_avg_f1": {
        "best_results": [
            0.6484560570071258,
            0.4887118193891103,
            0.9635701275045536,
            0.0,
            0.0
        ],
        "all_results": [
            [
                0.6484560570071258,
                0.4887118193891103,
                0.9635701275045536,
                0.0,
                0.0
            ],
            [
                0.6484560570071258,
                0.0,
                0.9635701275045536,
                0.0,
                0.0
            ],
            [
                0.6484560570071258,
                0.0,
                0.9635701275045536,
                0.0,
                0.0
            ],
            [
                0.6484560570071258,
                0.0,
                0.9635701275045536,
                0.0,
                0.0
            ]
        ],
        "epoches": [
            0,
            10,
            20,
            30
        ]
    },
    "train_avg_accuracy": {
        "best_results": [
            0.4797891080379486,
            0.676625669002533,
            0.9297012090682983,
            0.7205623984336853,
            0.8242530822753906
        ],
        "all_results": [
            [
                0.4797891080379486,
                0.676625669002533,
                0.9297012090682983,
                0.7205623984336853,
                0.8242530822753906
            ],
            [
                0.4797891080379486,
                0.676625669002533,
                0.9297012090682983,
                0.7205623984336853,
                0.8242530822753906
            ],
            [
                0.4797891080379486,
                0.676625669002533,
                0.9297012090682983,
                0.7205623984336853,
                0.8242530822753906
            ],
            [
                0.4797891080379486,
                0.676625669002533,
                0.9297012090682983,
                0.7205623984336853,
                0.8242530822753906
            ]
        ],
        "epoches": [
            0,
            10,
            20,
            30
        ]
    },
    "val_avg_precision": {
        "best_results": [
            1.0,
            1.0,
            1.0,
            0.0,
            0.0
        ],
        "all_results": [
            [
                1.0,
                1.0,
                1.0,
                0.0,
                0.0
            ],
            [
                1.0,
                0.0,
                1.0,
                0.0,
                0.0
            ],
            [
                1.0,
                0.0,
                1.0,
                0.0,
                0.0
            ],
            [
                1.0,
                0.0,
                1.0,
                0.0,
                0.0
            ]
        ],
        "epoches": [
            0,
            10,
            20,
            30
        ]
    },
    "val_avg_recall": {
        "best_results": [
            0.4842105263157895,
            0.33157894736842103,
            0.8578947368421053,
            0.0,
            0.0
        ],
        "all_results": [
            [
                0.4842105263157895,
                0.33157894736842103,
                0.8578947368421053,
                0.0,
                0.0
            ],
            [
                0.4842105263157895,
                0.0,
                0.8578947368421053,
                0.0,
                0.0
            ],
            [
                0.4842105263157895,
                0.0,
                0.8578947368421053,
                0.0,
                0.0
            ],
            [
                0.4842105263157895,
                0.0,
                0.8578947368421053,
                0.0,
                0.0
            ]
        ],
        "epoches": [
            0,
            10,
            20,
            30
        ]
    },
    "val_avg_f1": {
        "best_results": [
            0.6524822695035462,
            0.4980237154150198,
            0.9235127478753541,
            0.0,
            0.0
        ],
        "all_results": [
            [
                0.6524822695035462,
                0.4980237154150198,
                0.9235127478753541,
                0.0,
                0.0
            ],
            [
                0.6524822695035462,
                0.0,
                0.9235127478753541,
                0.0,
                0.0
            ],
            [
                0.6524822695035462,
                0.0,
                0.9235127478753541,
                0.0,
                0.0
            ],
            [
                0.6524822695035462,
                0.0,
                0.9235127478753541,
                0.0,
                0.0
            ]
        ],
        "epoches": [
            0,
            10,
            20,
            30
        ]
    },
    "val_avg_accuracy": {
        "best_results": [
            0.4842105209827423,
            0.6684210300445557,
            0.8578947186470032,
            0.6052631735801697,
            0.7684210538864136
        ],
        "all_results": [
            [
                0.4842105209827423,
                0.6684210300445557,
                0.8578947186470032,
                0.6052631735801697,
                0.7684210538864136
            ],
            [
                0.4842105209827423,
                0.6684210300445557,
                0.8578947186470032,
                0.6052631735801697,
                0.7684210538864136
            ],
            [
                0.4842105209827423,
                0.6684210300445557,
                0.8578947186470032,
                0.6052631735801697,
                0.7684210538864136
            ],
            [
                0.4842105209827423,
                0.6684210300445557,
                0.8578947186470032,
                0.6052631735801697,
                0.7684210538864136
            ]
        ],
        "epoches": [
            0,
            10,
            20,
            30
        ]
    },