{
    "train_avg_precision": {
        "best_results": [
            1.0,
            1.0,
            1.0,
            1.0,
            0.0
        ],
        "all_results": [
            [
                1.0,
                1.0,
                1.0,
                1.0,
                0.0
            ],
            [
                0.008547008547008548,
                0.0,
                1.0,
                0.0,
                0.0
            ],
            [
                1.0,
                0.0,
                1.0,
                0.0,
                0.0
            ],
            [
                1.0,
                0.0,
                1.0,
                0.0,
                0.0
            ],
            [
                1.0,
                0.0,
                1.0,
                0.0,
                0.0
            ],
            [
                1.0,
                0.0,
                1.0,
                0.0,
                0.0
            ]
        ],
        "epoches": [
            0,
            10,
            20,
            30,
            40,
            50
        ]
    },
    "train_avg_recall": {
        "best_results": [
            1.0,
            0.28650646950092423,
            0.9242144177449169,
            0.18484288354898337,
            0.0
        ],
        "all_results": [
            [
                1.0,
                0.28650646950092423,
                0.9242144177449169,
                0.18484288354898337,
                0.0
            ],
            [
                1.0,
                0.0,
                0.9242144177449169,
                0.0,
                0.0
            ],
            [
                0.43253234750462105,
                0.0,
                0.9242144177449169,
                0.0,
                0.0
            ],
            [
                0.43253234750462105,
                0.0,
                0.9242144177449169,
                0.0,
                0.0
            ],
            [
                0.43253234750462105,
                0.0,
                0.9242144177449169,
                0.0,
                0.0
            ],
            [
                0.43253234750462105,
                0.0,
                0.9242144177449169,
                0.0,
                0.0
            ]
        ],
        "epoches": [
            0,
            10,
            20,
            30,
            40,
            50
        ]
    },
    "train_avg_f1": {
        "best_results": [
            0.6038709677419355,
            0.4454022988505747,
            0.9606147934678194,
            0.3120124804992199,
            0.0
        ],
        "all_results": [
            [
                0.6038709677419355,
                0.4454022988505747,
                0.9606147934678194,
                0.3120124804992199,
                0.0
            ],
            [
                0.016949152542372885,
                0.0,
                0.9606147934678194,
                0.0,
                0.0
            ],
            [
                0.6038709677419355,
                0.0,
                0.9606147934678194,
                0.0,
                0.0
            ],
            [
                0.6038709677419355,
                0.0,
                0.9606147934678194,
                0.0,
                0.0
            ],
            [
                0.6038709677419355,
                0.0,
                0.9606147934678194,
                0.0,
                0.0
            ],
            [
                0.6038709677419355,
                0.0,
                0.9606147934678194,
                0.0,
                0.0
            ]
        ],
        "epoches": [
            0,
            10,
            20,
            30,
            40,
            50
        ]
    },
    "train_avg_accuracy": {
        "best_results": [
            0.5711644887924194,
            0.7134935259819031,
            0.9242144227027893,
            0.8151571154594421,
            0.733826220035553
        ],
        "all_results": [
            [
                0.5711644887924194,
                0.7134935259819031,
                0.9242144227027893,
                0.8151571154594421,
                0.733826220035553
            ],
            [
                0.5711644887924194,
                0.7134935259819031,
                0.9242144227027893,
                0.8151571154594421,
                0.733826220035553
            ],
            [
                0.43253234028816223,
                0.7134935259819031,
                0.9242144227027893,
                0.8151571154594421,
                0.733826220035553
            ],
            [
                0.43253234028816223,
                0.7134935259819031,
                0.9242144227027893,
                0.8151571154594421,
                0.733826220035553
            ],
            [
                0.43253234028816223,
                0.7134935259819031,
                0.9242144227027893,
                0.8151571154594421,
                0.733826220035553
            ],
            [
                0.43253234028816223,
                0.7134935259819031,
                0.9242144227027893,
                0.8151571154594421,
                0.733826220035553
            ]
        ],
        "epoches": [
            0,
            10,
            20,
            30,
            40,
            50
        ]
    },
    "val_avg_precision": {
        "best_results": [
            1.0,
            1.0,
            1.0,
            1.0,
            0.0
        ],
        "all_results": [
            [
                1.0,
                1.0,
                1.0,
                1.0,
                0.0
            ],
            [
                0.05747126436781609,
                0.0,
                1.0,
                0.0,
                0.0
            ],
            [
                1.0,
                0.0,
                1.0,
                0.0,
                0.0
            ],
            [
                1.0,
                0.0,
                1.0,
                0.0,
                0.0
            ],
            [
                1.0,
                0.0,
                1.0,
                0.0,
                0.0
            ],
            [
                1.0,
                0.0,
                1.0,
                0.0,
                0.0
            ]
        ],
        "epoches": [
            0,
            10,
            20,
            30,
            40,
            50
        ]
    },
    "val_avg_recall": {
        "best_results": [
            0.7142857142857143,
            0.32044198895027626,
            0.8287292817679558,
            0.3701657458563536,
            0.0
        ],
        "all_results": [
            [
                0.7142857142857143,
                0.32044198895027626,
                0.8287292817679558,
                0.3701657458563536,
                0.0
            ],
            [
                0.7142857142857143,
                0.0,
                0.8287292817679558,
                0.0,
                0.0
            ],
            [
                0.48066298342541436,
                0.0,
                0.8287292817679558,
                0.0,
                0.0
            ],
            [
                0.48066298342541436,
                0.0,
                0.8287292817679558,
                0.0,
                0.0
            ],
            [
                0.48066298342541436,
                0.0,
                0.8287292817679558,
                0.0,
                0.0
            ],
            [
                0.48066298342541436,
                0.0,
                0.8287292817679558,
                0.0,
                0.0
            ]
        ],