{
    "train_avg_precision": {
        "best_results": [
            1.0,
            1.0,
            0.0,
            1.0,
            0.0
        ],
        "all_results": [
            [
                1.0,
                1.0,
                0.0,
                1.0,
                0.0
            ],
            [
                0.0,
                1.0,
                0.0,
                0.0,
                0.0
            ],
            [
                0.0,
                1.0,
                0.0,
                0.0,
                0.0
            ],
            [
                0.0,
                1.0,
                0.0,
                0.0,
                0.0
            ],
            [
                1.0,
                1.0,
                0.0,
                0.0,
                0.0
            ],
            [
                1.0,
                1.0,
                0.0,
                0.0,
                0.0
            ]
        ],
        "epoches": [
            0,
            10,
            20,
            30,
            40,
            50
        ]
    },
    "train_avg_recall": {
        "best_results": [
            0.4358974358974359,
            0.9468864468864469,
            0.0,
            0.19047619047619047,
            0.0
        ],
        "all_results": [
            [
                0.4358974358974359,
                0.9468864468864469,
                0.0,
                0.19047619047619047,
                0.0
            ],
            [
                0.0,
                0.9468864468864469,
                0.0,
                0.0,
                0.0
            ],
            [
                0.0,
                0.9468864468864469,
                0.0,
                0.0,
                0.0
            ],
            [
                0.0,
                0.9468864468864469,
                0.0,
                0.0,
                0.0
            ],
            [
                0.4358974358974359,
                0.9468864468864469,
                0.0,
                0.0,
                0.0
            ],
            [
                0.4358974358974359,
                0.9468864468864469,
                0.0,
                0.0,
                0.0
            ]
        ],
        "epoches": [
            0,
            10,
            20,
            30,
            40,
            50
        ]
    },
    "train_avg_f1": {
        "best_results": [
            0.6071428571428571,
            0.9727187206020695,
            0.0,
            0.32,
            0.0
        ],
        "all_results": [
            [
                0.6071428571428571,
                0.9727187206020695,
                0.0,
                0.32,
                0.0
            ],
            [
                0.0,
                0.9727187206020695,
                0.0,
                0.0,
                0.0
            ],
            [
                0.0,
                0.9727187206020695,
                0.0,
                0.0,
                0.0
            ],
            [
                0.0,
                0.9727187206020695,
                0.0,
                0.0,
                0.0
            ],
            [
                0.6071428571428571,
                0.9727187206020695,
                0.0,
                0.0,
                0.0
            ],
            [
                0.6071428571428571,
                0.9727187206020695,
                0.0,
                0.0,
                0.0
            ]
        ],
        "epoches": [
            0,
            10,
            20,
            30,
            40,
            50
        ]
    },
    "train_avg_accuracy": {
        "best_results": [
            0.5641025900840759,
            0.946886420249939,
            0.6556776762008667,
            0.8095238208770752,
            0.721611738204956
        ],
        "all_results": [
            [
                0.5641025900840759,
                0.946886420249939,
                0.6556776762008667,
                0.8095238208770752,
                0.721611738204956
            ],
            [
                0.5641025900840759,
                0.946886420249939,
                0.6556776762008667,
                0.8095238208770752,
                0.721611738204956
            ],
            [
                0.5641025900840759,
                0.946886420249939,
                0.6556776762008667,
                0.8095238208770752,
                0.721611738204956
            ],
            [
                0.5641025900840759,
                0.946886420249939,
                0.6556776762008667,
                0.8095238208770752,
                0.721611738204956
            ],
            [
                0.43589743971824646,
                0.946886420249939,
                0.6556776762008667,
                0.8095238208770752,
                0.721611738204956
            ],
            [
                0.43589743971824646,
                0.946886420249939,
                0.6556776762008667,
                0.8095238208770752,
                0.721611738204956
            ]
        ],
        "epoches": [
            0,
            10,
            20,
            30,
            40,
            50
        ]
    },
    "val_avg_precision": {
        "best_results": [
            1.0,
            1.0,
            0.0,
            1.0,
            0.0
        ],
        "all_results": [
            [
                1.0,
                1.0,
                0.0,
                1.0,
                0.0
            ],
            [
                0.0,
                1.0,
                0.0,
                0.0,
                0.0
            ],
            [
                0.0,
                1.0,
                0.0,
                0.0,
                0.0
            ],
            [
                0.0,
                1.0,
                0.0,
                0.0,
                0.0
            ],
            [
                1.0,
                1.0,
                0.0,
                0.0,
                0.0
            ],
            [
                1.0,
                1.0,
                0.0,
                0.0,
                0.0
            ]
        ],
        "epoches": [
            0,
            10,
            20,
            30,
            40,
            50
        ]
    },
    "val_avg_recall": {
        "best_results": [
            0.489010989010989,
            0.8681318681318682,
            0.0,
            0.2596685082872928,
            0.0
        ],
        "all_results": [
            [
                0.489010989010989,
                0.8681318681318682,
                0.0,
                0.2596685082872928,
                0.0
            ],
            [
                0.0,
                0.8681318681318682,
                0.0,
                0.0,
                0.0
            ],
            [
                0.0,
                0.8681318681318682,
                0.0,
                0.0,
                0.0
            ],
            [
                0.0,
                0.8681318681318682,
                0.0,
                0.0,
                0.0
            ],
            [
                0.489010989010989,
                0.8681318681318682,
                0.0,
                0.0,
                0.0
            ],
            [
                0.489010989010989,
                0.8681318681318682,
                0.0,
                0.0,
                0.0
            ]
        ],
        "epoches": [
            0,
            10,
            20,
            30,
            40,
            50
        ]
    },
    "val_avg_f1": {
        "best_results": [
            0.6568265682656826,
            0.9294117647058824,
            0.0,
            0.412280701754386,
            0.0
        ],