{
    "train_avg_precision": {
        "best_results": [
            1.0,
            1.0,
            1.0,
            0.0,
            0.0
        ],
        "all_results": [
            [
                1.0,
                1.0,
                1.0,
                0.0,
                0.0
            ],
            [
                0.0,
                1.0,
                0.0,
                0.0,
                0.0
            ],
            [
                0.0,
                1.0,
                0.0,
                0.0,
                0.0
            ],
            [
                0.0,
                1.0,
                0.0,
                0.0,
                0.0
            ]
        ],
        "epoches": [
            0,
            10,
            20,
            30
        ]
    },
    "train_avg_recall": {
        "best_results": [
            0.3134057971014493,
            0.9384057971014492,
            0.4148550724637681,
            0.0,
            0.0
        ],
        "all_results": [
            [
                0.3134057971014493,
                0.9384057971014492,
                0.4148550724637681,
                0.0,
                0.0
            ],
            [
                0.0,
                0.9384057971014492,
                0.0,
                0.0,
                0.0
            ],
            [
                0.0,
                0.9384057971014492,
                0.0,
                0.0,
                0.0
            ],
            [
                0.0,
                0.9384057971014492,
                0.0,
                0.0,
                0.0
            ]
        ],
        "epoches": [
            0,
            10,
            20,
            30
        ]
    },
    "train_avg_f1": {
        "best_results": [
            0.4772413793103448,
            0.9682242990654205,
            0.586427656850192,
            0.0,
            0.0
        ],
        "all_results": [
            [
                0.4772413793103448,
                0.9682242990654205,
                0.586427656850192,
                0.0,
                0.0
            ],
            [
                0.0,
                0.9682242990654205,
                0.0,
                0.0,
                0.0
            ],
            [
                0.0,
                0.9682242990654205,
                0.0,
                0.0,
                0.0
            ],
            [
                0.0,
                0.9682242990654205,
                0.0,
                0.0,
                0.0
            ]
        ],
        "epoches": [
            0,
            10,
            20,
            30
        ]
    },
    "train_avg_accuracy": {
        "best_results": [
            0.6865941882133484,
            0.9384058117866516,
            0.5851449370384216,
            0.8025362491607666,
            0.7137681245803833
        ],
        "all_results": [
            [
                0.6865941882133484,
                0.9384058117866516,
                0.5851449370384216,
                0.8025362491607666,
                0.7137681245803833
            ],
            [
                0.6865941882133484,
                0.9384058117866516,
                0.5851449370384216,
                0.8025362491607666,
                0.7137681245803833
            ],
            [
                0.6865941882133484,
                0.9384058117866516,
                0.5851449370384216,
                0.8025362491607666,
                0.7137681245803833
            ],
            [
                0.6865941882133484,
                0.9384058117866516,
                0.5851449370384216,
                0.8025362491607666,
                0.7137681245803833
            ]
        ],
        "epoches": [
            0,
            10,
            20,
            30
        ]
    },
    "val_avg_precision": {
        "best_results": [
            1.0,
            1.0,
            1.0,
            0.0,
            0.0
        ],
        "all_results": [
            [
                1.0,
                1.0,
                1.0,
                0.0,
                0.0
            ],
            [
                0.0,
                1.0,
                0.0,
                0.0,
                0.0
            ],
            [
                0.0,
                1.0,
                0.0,
                0.0,
                0.0
            ],
            [
                0.0,
                1.0,
                0.0,
                0.0,
                0.0
            ]
        ],
        "epoches": [
            0,
            10,
            20,
            30
        ]
    },
    "val_avg_recall": {
        "best_results": [
            0.30978260869565216,
            0.8913043478260869,
            0.4945652173913043,
            0.0,
            0.0
        ],
        "all_results": [
            [
                0.30978260869565216,
                0.8913043478260869,
                0.4945652173913043,
                0.0,
                0.0
            ],
            [
                0.0,
                0.8913043478260869,
                0.0,
                0.0,
                0.0
            ],
            [
                0.0,
                0.8913043478260869,
                0.0,
                0.0,
                0.0
            ],
            [
                0.0,
                0.8913043478260869,
                0.0,
                0.0,
                0.0
            ]
        ],
        "epoches": [
            0,
            10,
            20,
            30
        ]
    },
    "val_avg_f1": {
        "best_results": [
            0.4730290456431535,
            0.9425287356321839,
            0.6618181818181819,
            0.0,
            0.0
        ],
        "all_results": [
            [
                0.4730290456431535,
                0.9425287356321839,
                0.6618181818181819,
                0.0,
                0.0
            ],
            [
                0.0,
                0.9425287356321839,
                0.0,
                0.0,
                0.0
            ],
            [
                0.0,
                0.9425287356321839,
                0.0,
                0.0,
                0.0
            ],
            [
                0.0,
                0.9425287356321839,
                0.0,
                0.0,
                0.0
            ]
        ],
        "epoches": [
            0,
            10,
            20,
            30
        ]
    },
    "val_avg_accuracy": {
        "best_results": [
            0.6902173757553101,
            0.8913043737411499,
            0.5054348111152649,
            0.7989130616188049,
            0.625
        ],
        "all_results": [
            [
                0.6902173757553101,
                0.8913043737411499,
                0.5054348111152649,
                0.7989130616188049,
                0.625
            ],
            [
                0.6902173757553101,
                0.8913043737411499,
                0.5054348111152649,
                0.7989130616188049,
                0.625
            ],
            [
                0.6902173757553101,
                0.8913043737411499,
                0.5054348111152649,
                0.7989130616188049,
                0.625
            ],
            [
                0.6902173757553101,
                0.8913043737411499,
                0.5054348111152649,
                0.7989130616188049,
                0.625
            ]
        ],
        "epoches": [
            0,
            10,
            20,
            30
        ]
    },
    "test_avg_precision": {
        "best_results": [
            1.0,
            1.0,
            1.0,
            0.0,
            0.0
        ],