{
    "train_avg_precision": {
        "best_results": [
            1.0,
            0.0,
            1.0,
            0.0,
            0.0
        ],
        "all_results": [
            [
                1.0,
                0.0,
                1.0,
                0.0,
                0.0
            ],
            [
                1.0,
                0.0,
                0.0,
                0.0,
                0.0
            ],
            [
                1.0,
                0.0,
                0.0,
                0.0,
                0.0
            ],
            [
                1.0,
                0.0,
                0.0,
                0.0,
                0.0
            ],
            [
                1.0,
                0.0,
                0.0,
                0.0,
                0.0
            ]
        ],
        "epoches": [
            0,
            10,
            20,
            30,
            40
        ]
    },
    "train_avg_recall": {
        "best_results": [
            0.9171483622350675,
            0.0,
            0.3911368015414258,
            0.0,
            0.0
        ],
        "all_results": [
            [
                0.9171483622350675,
                0.0,
                0.3911368015414258,
                0.0,
                0.0
            ],
            [
                0.9171483622350675,
                0.0,
                0.0,
                0.0,
                0.0
            ],
            [
                0.9171483622350675,
                0.0,
                0.0,
                0.0,
                0.0
            ],
            [
                0.9171483622350675,
                0.0,
                0.0,
                0.0,
                0.0
            ],
            [
                0.9171483622350675,
                0.0,
                0.0,
                0.0,
                0.0
            ]
        ],
        "epoches": [
            0,
            10,
            20,
            30,
            40
        ]
    },
    "train_avg_f1": {
        "best_results": [
            0.95678391959799,
            0.0,
            0.5623268698060941,
            0.0,
            0.0
        ],
        "all_results": [
            [
                0.95678391959799,
                0.0,
                0.5623268698060941,
                0.0,
                0.0
            ],
            [
                0.95678391959799,
                0.0,
                0.0,
                0.0,
                0.0
            ],
            [
                0.95678391959799,
                0.0,
                0.0,
                0.0,
                0.0
            ],
            [
                0.95678391959799,
                0.0,
                0.0,
                0.0,
                0.0
            ],
            [
                0.95678391959799,
                0.0,
                0.0,
                0.0,
                0.0
            ]
        ],
        "epoches": [
            0,
            10,
            20,
            30,
            40
        ]
    },
    "train_avg_accuracy": {
        "best_results": [
            0.9171483516693115,
            0.6878612637519836,
            0.6088631749153137,
            0.7899807095527649,
            0.6878612637519836
        ],
        "all_results": [
            [
                0.9171483516693115,
                0.6878612637519836,
                0.6088631749153137,
                0.7899807095527649,
                0.6878612637519836
            ],
            [
                0.9171483516693115,
                0.6878612637519836,
                0.6088631749153137,
                0.7899807095527649,
                0.6878612637519836
            ],
            [
                0.9171483516693115,
                0.6878612637519836,
                0.6088631749153137,
                0.7899807095527649,
                0.6878612637519836
            ],
            [
                0.9171483516693115,
                0.6878612637519836,
                0.6088631749153137,
                0.7899807095527649,
                0.6878612637519836
            ],
            [
                0.9171483516693115,
                0.6878612637519836,
                0.6088631749153137,
                0.7899807095527649,
                0.6878612637519836
            ]
        ],
        "epoches": [
            0,
            10,
            20,
            30,
            40
        ]
    },
    "val_avg_precision": {
        "best_results": [
            1.0,
            0.0,
            1.0,
            0.0,
            0.0
        ],
        "all_results": [
            [
                1.0,
                0.0,
                1.0,
                0.0,
                0.0
            ],
            [
                1.0,
                0.0,
                0.0,
                0.0,
                0.0
            ],
            [
                1.0,
                0.0,
                0.0,
                0.0,
                0.0
            ],
            [
                1.0,
                0.0,
                0.0,
                0.0,
                0.0
            ],
            [
                1.0,
                0.0,
                0.0,
                0.0,
                0.0
            ]
        ],
        "epoches": [
            0,
            10,
            20,
            30,
            40
        ]
    },
    "val_avg_recall": {
        "best_results": [
            0.930635838150289,
            0.0,
            0.5202312138728323,
            0.0,
            0.0
        ],
        "all_results": [
            [
                0.930635838150289,
                0.0,
                0.5202312138728323,
                0.0,
                0.0
            ],
            [
                0.930635838150289,
                0.0,
                0.0,
                0.0,
                0.0
            ],
            [
                0.930635838150289,
                0.0,
                0.0,
                0.0,
                0.0
            ],
            [
                0.930635838150289,
                0.0,
                0.0,
                0.0,
                0.0
            ],
            [
                0.930635838150289,
                0.0,
                0.0,
                0.0,
                0.0
            ]
        ],
        "epoches": [
            0,
            10,
            20,
            30,
            40
        ]
    },
    "val_avg_f1": {
        "best_results": [
            0.9640718562874252,
            0.0,
            0.6844106463878327,
            0.0,
            0.0
        ],
        "all_results": [
            [
                0.9640718562874252,
                0.0,
                0.6844106463878327,
                0.0,
                0.0
            ],
            [
                0.9640718562874252,
                0.0,
                0.0,
                0.0,
                0.0
            ],
            [
                0.9640718562874252,
                0.0,
                0.0,
                0.0,
                0.0
            ],
            [
                0.9640718562874252,
                0.0,
                0.0,
                0.0,
                0.0
            ],
            [
                0.9640718562874252,
                0.0,
                0.0,
                0.0,
                0.0
            ]
        ],
        "epoches": [
            0,
            10,
            20,
            30,
            40
        ]
    },
    "val_avg_accuracy": {
        "best_results": [
            0.9306358098983765,
            0.589595377445221,
            0.5202311873435974,
            0.8323699235916138,
            0.7283236980438232
        ],