{
    "train_avg_precision": {
        "best_results": [
            1.0,
            0.0,
            1.0,
            0.0,
            1.0
        ],
        "all_results": [
            [
                1.0,
                0.0,
                1.0,
                0.0,
                1.0
            ],
            [
                1.0,
                0.0,
                0.0,
                0.0,
                0.0
            ],
            [
                1.0,
                0.0,
                0.19907407407407407,
                0.0,
                0.0
            ],
            [
                1.0,
                0.0,
                1.0,
                0.0,
                0.0
            ],
            [
                1.0,
                0.0,
                1.0,
                0.0,
                0.0
            ]
        ],
        "epoches": [
            0,
            10,
            20,
            30,
            40
        ]
    },
    "train_avg_recall": {
        "best_results": [
            0.9476744186046512,
            0.0,
            0.4186046511627907,
            0.0,
            0.1821705426356589
        ],
        "all_results": [
            [
                0.9476744186046512,
                0.0,
                0.4186046511627907,
                0.0,
                0.1821705426356589
            ],
            [
                0.9476744186046512,
                0.0,
                0.0,
                0.0,
                0.0
            ],
            [
                0.9476744186046512,
                0.0,
                0.4174757281553398,
                0.0,
                0.0
            ],
            [
                0.9476744186046512,
                0.0,
                0.4186046511627907,
                0.0,
                0.0
            ],
            [
                0.9476744186046512,
                0.0,
                0.4186046511627907,
                0.0,
                0.0
            ]
        ],
        "epoches": [
            0,
            10,
            20,
            30,
            40
        ]
    },
    "train_avg_f1": {
        "best_results": [
            0.973134328358209,
            0.0,
            0.5901639344262295,
            0.0,
            0.3081967213114754
        ],
        "all_results": [
            [
                0.973134328358209,
                0.0,
                0.5901639344262295,
                0.0,
                0.3081967213114754
            ],
            [
                0.973134328358209,
                0.0,
                0.0,
                0.0,
                0.0
            ],
            [
                0.973134328358209,
                0.0,
                0.26959247648902823,
                0.0,
                0.0
            ],
            [
                0.973134328358209,
                0.0,
                0.5901639344262295,
                0.0,
                0.0
            ],
            [
                0.973134328358209,
                0.0,
                0.5901639344262295,
                0.0,
                0.0
            ]
        ],
        "epoches": [
            0,
            10,
            20,
            30,
            40
        ]
    },
    "train_avg_accuracy": {
        "best_results": [
            0.9476743936538696,
            0.682170569896698,
            0.5813953280448914,
            0.7170542478561401,
            0.817829430103302
        ],
        "all_results": [
            [
                0.9476743936538696,
                0.682170569896698,
                0.5813953280448914,
                0.7170542478561401,
                0.817829430103302
            ],
            [
                0.9476743936538696,
                0.682170569896698,
                0.5813953280448914,
                0.7170542478561401,
                0.817829430103302
            ],
            [
                0.9476743936538696,
                0.682170569896698,
                0.5484496355056763,
                0.7170542478561401,
                0.817829430103302
            ],
            [
                0.9476743936538696,
                0.682170569896698,
                0.41860464215278625,
                0.7170542478561401,
                0.817829430103302
            ],
            [
                0.9476743936538696,
                0.682170569896698,
                0.41860464215278625,
                0.7170542478561401,
                0.817829430103302
            ]
        ],
        "epoches": [
            0,
            10,
            20,
            30,
            40
        ]
    },
    "val_avg_precision": {
        "best_results": [
            1.0,
            0.0,
            1.0,
            0.0,
            1.0
        ],
        "all_results": [
            [
                1.0,
                0.0,
                1.0,
                0.0,
                1.0
            ],
            [
                1.0,
                0.0,
                0.0,
                0.0,
                0.0
            ],
            [
                1.0,
                0.0,
                0.3645833333333333,
                0.0,
                0.0
            ],
            [
                1.0,
                0.0,
                1.0,
                0.0,
                0.0
            ],
            [
                1.0,
                0.0,
                1.0,
                0.0,
                0.0
            ]
        ],
        "epoches": [
            0,
            10,
            20,
            30,
            40
        ]
    },
    "val_avg_recall": {
        "best_results": [
            0.8313953488372093,
            0.0,
            0.5581395348837209,
            0.0,
            0.18604651162790697
        ],
        "all_results": [
            [
                0.8313953488372093,
                0.0,
                0.5581395348837209,
                0.0,
                0.18604651162790697
            ],
            [
                0.8313953488372093,
                0.0,
                0.0,
                0.0,
                0.0
            ],
            [
                0.8313953488372093,
                0.0,
                0.5147058823529411,
                0.0,
                0.0
            ],
            [
                0.8313953488372093,
                0.0,
                0.5581395348837209,
                0.0,
                0.0
            ],
            [
                0.8313953488372093,
                0.0,
                0.5581395348837209,
                0.0,
                0.0
            ]
        ],
        "epoches": [
            0,
            10,
            20,
            30,
            40
        ]
    },
    "val_avg_f1": {
        "best_results": [
            0.9079365079365079,
            0.0,
            0.7164179104477612,
            0.0,
            0.3137254901960785
        ],
        "all_results": [
            [
                0.9079365079365079,
                0.0,
                0.7164179104477612,
                0.0,
                0.3137254901960785
            ],
            [
                0.9079365079365079,
                0.0,
                0.0,
                0.0,
                0.0
            ],
            [
                0.9079365079365079,
                0.0,
                0.4268292682926829,
                0.0,
                0.0
            ],
            [
                0.9079365079365079,
                0.0,
                0.7164179104477612,
                0.0,
                0.0
            ],
            [
                0.9079365079365079,
                0.0,
                0.7164179104477612,
                0.0,
                0.0
            ]
        ],
        "epoches": [
            0,
            10,
            20,
            30,
            40
        ]
    },