{
    "train_avg_precision": {
        "best_results": [
            0.0,
            1.0,
            1.0,
            0.0,
            0.0
        ],
        "all_results": [
            [
                0.0,
                1.0,
                1.0,
                0.0,
                0.0
            ],
            [
                0.0,
                1.0,
                0.0,
                0.0,
                0.0
            ],
            [
                0.0,
                1.0,
                0.0,
                0.0,
                0.0
            ],
            [
                0.0,
                1.0,
                0.0,
                0.0,
                0.0
            ],
            [
                0.0,
                1.0,
                0.0,
                0.0,
                0.0
            ],
            [
                0.0,
                1.0,
                0.0,
                0.0,
                0.0
            ]
        ],
        "epoches": [
            0,
            10,
            20,
            30,
            40,
            50
        ]
    },
    "train_avg_recall": {
        "best_results": [
            0.0,
            0.9510204081632653,
            0.2979591836734694,
            0.0,
            0.0
        ],
        "all_results": [
            [
                0.0,
                0.9510204081632653,
                0.2979591836734694,
                0.0,
                0.0
            ],
            [
                0.0,
                0.9510204081632653,
                0.0,
                0.0,
                0.0
            ],
            [
                0.0,
                0.9510204081632653,
                0.0,
                0.0,
                0.0
            ],
            [
                0.0,
                0.9510204081632653,
                0.0,
                0.0,
                0.0
            ],
            [
                0.0,
                0.9510204081632653,
                0.0,
                0.0,
                0.0
            ],
            [
                0.0,
                0.9510204081632653,
                0.0,
                0.0,
                0.0
            ]
        ],
        "epoches": [
            0,
            10,
            20,
            30,
            40,
            50
        ]
    },
    "train_avg_f1": {
        "best_results": [
            0.0,
            0.9748953974895398,
            0.4591194968553459,
            0.0,
            0.0
        ],
        "all_results": [
            [
                0.0,
                0.9748953974895398,
                0.4591194968553459,
                0.0,
                0.0
            ],
            [
                0.0,
                0.9748953974895398,
                0.0,
                0.0,
                0.0
            ],
            [
                0.0,
                0.9748953974895398,
                0.0,
                0.0,
                0.0
            ],
            [
                0.0,
                0.9748953974895398,
                0.0,
                0.0,
                0.0
            ],
            [
                0.0,
                0.9748953974895398,
                0.0,
                0.0,
                0.0
            ],
            [
                0.0,
                0.9748953974895398,
                0.0,
                0.0,
                0.0
            ]
        ],
        "epoches": [
            0,
            10,
            20,
            30,
            40,
            50
        ]
    },
    "train_avg_accuracy": {
        "best_results": [
            0.6183673739433289,
            0.9510204195976257,
            0.7020407915115356,
            0.6571428775787354,
            0.8387755155563354
        ],
        "all_results": [
            [
                0.6183673739433289,
                0.9510204195976257,
                0.7020407915115356,
                0.6571428775787354,
                0.8387755155563354
            ],
            [
                0.6183673739433289,
                0.9510204195976257,
                0.7020407915115356,
                0.6571428775787354,
                0.8387755155563354
            ],
            [
                0.6183673739433289,
                0.9510204195976257,
                0.7020407915115356,
                0.6571428775787354,
                0.8387755155563354
            ],
            [
                0.6183673739433289,
                0.9510204195976257,
                0.7020407915115356,
                0.6571428775787354,
                0.8387755155563354
            ],
            [
                0.6183673739433289,
                0.9510204195976257,
                0.7020407915115356,
                0.6571428775787354,
                0.8387755155563354
            ],
            [
                0.6183673739433289,
                0.9510204195976257,
                0.7020407915115356,
                0.6571428775787354,
                0.8387755155563354
            ]
        ],
        "epoches": [
            0,
            10,
            20,
            30,
            40,
            50
        ]
    },
    "val_avg_precision": {
        "best_results": [
            0.0,
            1.0,
            1.0,
            0.0,
            0.0
        ],
        "all_results": [
            [
                0.0,
                1.0,
                1.0,
                0.0,
                0.0
            ],
            [
                0.0,
                1.0,
                0.0,
                0.0,
                0.0
            ],
            [
                0.0,
                1.0,
                0.0,
                0.0,
                0.0
            ],
            [
                0.0,
                1.0,
                0.0,
                0.0,
                0.0
            ],
            [
                0.0,
                1.0,
                0.0,
                0.0,
                0.0
            ],
            [
                0.0,
                1.0,
                0.0,
                0.0,
                0.0
            ]
        ],
        "epoches": [
            0,
            10,
            20,
            30,
            40,
            50
        ]
    },
    "val_avg_recall": {
        "best_results": [
            0.0,
            0.8475609756097561,
            0.3780487804878049,
            0.0,
            0.0
        ],
        "all_results": [
            [
                0.0,
                0.8475609756097561,
                0.3780487804878049,
                0.0,
                0.0
            ],
            [
                0.0,
                0.8475609756097561,
                0.0,
                0.0,
                0.0
            ],
            [
                0.0,
                0.8475609756097561,
                0.0,
                0.0,
                0.0
            ],
            [
                0.0,
                0.8475609756097561,
                0.0,
                0.0,
                0.0
            ],
            [
                0.0,
                0.8475609756097561,
                0.0,
                0.0,
                0.0
            ],
            [
                0.0,
                0.8475609756097561,
                0.0,
                0.0,
                0.0
            ]
        ],
        "epoches": [
            0,
            10,
            20,
            30,
            40,
            50
        ]
    },
    "val_avg_f1": {
        "best_results": [
            0.0,
            0.9174917491749174,
            0.5486725663716815,
            0.0,
            0.0
        ],