{
    "train_avg_precision": {
        "best_results": [
            0.0,
            0.0,
            1.0,
            0.9887323943661972,
            0.031476997578692496
        ],
        "all_results": [
            [
                0.0,
                0.0,
                1.0,
                0.9887323943661972,
                0.031476997578692496
            ],
            [
                0.0,
                0.0,
                1.0,
                0.0,
                0.031476997578692496
            ]
        ],
        "epoches": [
            0,
            10
        ]
    },
    "train_avg_recall": {
        "best_results": [
            0.0,
            0.0,
            0.8795355587808418,
            0.5094339622641509,
            0.5652173913043478
        ],
        "all_results": [
            [
                0.0,
                0.0,
                0.8795355587808418,
                0.5094339622641509,
                0.5652173913043478
            ],
            [
                0.0,
                0.0,
                0.8780487804878049,
                0.0,
                0.5652173913043478
            ]
        ],
        "epoches": [
            0,
            10
        ]
    },
    "train_avg_f1": {
        "best_results": [
            0.0,
            0.0,
            0.9350649350649352,
            0.6724137931034482,
            0.059633027522935776
        ],
        "all_results": [
            [
                0.0,
                0.0,
                0.9350649350649352,
                0.6724137931034482,
                0.059633027522935776
            ],
            [
                0.0,
                0.0,
                0.9350649350649352,
                0.0,
                0.059633027522935776
            ]
        ],
        "epoches": [
            0,
            10
        ]
    },
    "train_avg_accuracy": {
        "best_results": [
            0.4921090304851532,
            0.529411792755127,
            0.8780487775802612,
            0.5093256831169128,
            0.4117647111415863
        ],
        "all_results": [
            [
                0.4921090304851532,
                0.529411792755127,
                0.8780487775802612,
                0.5093256831169128,
                0.4117647111415863
            ],
            [
                0.4921090304851532,
                0.529411792755127,
                0.8780487775802612,
                0.49067431688308716,
                0.4117647111415863
            ]
        ],
        "epoches": [
            0,
            10
        ]
    },
    "val_avg_precision": {
        "best_results": [
            0.0,
            0.0,
            1.0,
            0.9813084112149533,
            0.052980132450331126
        ],
        "all_results": [
            [
                0.0,
                0.0,
                1.0,
                0.9813084112149533,
                0.052980132450331126
            ],
            [
                0.0,
                0.0,
                1.0,
                0.0,
                0.052980132450331126
            ]
        ],
        "epoches": [
            0,
            10
        ]
    },
    "val_avg_recall": {
        "best_results": [
            0.0,
            0.0,
            0.8913043478260869,
            0.45652173913043476,
            0.47058823529411764
        ],
        "all_results": [
            [
                0.0,
                0.0,
                0.8913043478260869,
                0.45652173913043476,
                0.47058823529411764
            ],
            [
                0.0,
                0.0,
                0.8884120171673819,
                0.0,
                0.47058823529411764
            ]
        ],
        "epoches": [
            0,
            10
        ]
    },
    "val_avg_f1": {
        "best_results": [
            0.0,
            0.0,
            0.9409090909090909,
            0.6231454005934718,
            0.09523809523809523
        ],
        "all_results": [
            [
                0.0,
                0.0,
                0.9409090909090909,
                0.6231454005934718,
                0.09523809523809523
            ],
            [
                0.0,
                0.0,
                0.9409090909090909,
                0.0,
                0.09523809523809523
            ]
        ],
        "epoches": [
            0,
            10
        ]
    },
    "val_avg_accuracy": {
        "best_results": [
            0.3991416394710541,
            0.4892703890800476,
            0.8884119987487793,
            0.540772557258606,
            0.3519313335418701
        ],
        "all_results": [
            [
                0.3991416394710541,
                0.4892703890800476,
                0.8884119987487793,
                0.540772557258606,
                0.3519313335418701
            ],
            [
                0.3991416394710541,
                0.4892703890800476,
                0.8884119987487793,
                0.540772557258606,
                0.3476394712924957
            ]
        ],
        "epoches": [
            0,
            10
        ]
    },
    "test_avg_precision": {
        "best_results": [
            0.0,
            0.0,
            1.0,
            0.7526881720430108,
            0.2127659574468085
        ],
        "all_results": [
            [
                0.0,
                0.0,
                1.0,
                0.7526881720430108,
                0.2127659574468085
            ],
            [
                0.0,
                0.0,
                1.0,
                0.0,
                0.2127659574468085
            ]
        ],
        "epoches": [
            0,
            10
        ]
    },
    "test_avg_recall": {
        "best_results": [
            0.0,
            0.0,
            0.7025862068965517,
            0.4093567251461988,
            0.39473684210526316
        ],
        "all_results": [
            [
                0.0,
                0.0,
                0.7025862068965517,
                0.4093567251461988,
                0.39473684210526316
            ],
            [
                0.0,
                0.0,
                0.7025862068965517,
                0.0,
                0.39473684210526316
            ]
        ],
        "epoches": [
            0,
            10
        ]
    },
    "test_avg_f1": {
        "best_results": [
            0.0,
            0.0,
            0.8253164556962026,
            0.5303030303030304,
            0.2764976958525346
        ],
        "all_results": [
            [
                0.0,
                0.0,
                0.8253164556962026,
                0.5303030303030304,
                0.2764976958525346
            ],
            [
                0.0,
                0.0,
                0.8253164556962026,
                0.0,
                0.2764976958525346
            ]
        ],
        "epoches": [
            0,
            10
        ]
    },
    "test_avg_accuracy": {
        "best_results": [
            0.1767241358757019,
            0.5129310488700867,
            0.7025862336158752,
            0.5991379022598267,
            0.39224138855934143
        ],
        "all_results": [
            [
                0.1767241358757019,
                0.5129310488700867,
                0.7025862336158752,
                0.5991379022598267,
                0.39224138855934143
            ],
            [
                0.1767241358757019,
                0.5129310488700867,
                0.7025862336158752,
                0.5991379022598267,
                0.3232758641242981
            ]
        ],
        "epoches": [
            0,
            10
        ]
    }
}