{
    "train_avg_precision": {
        "best_results": [
            0.0,
            1.0,
            0.0,
            1.0,
            0.0
        ],
        "all_results": [
            [
                0.0,
                1.0,
                0.0,
                1.0,
                0.0
            ],
            [
                0.0,
                1.0,
                0.0,
                0.0,
                0.0
            ]
        ],
        "epoches": [
            0,
            10
        ]
    },
    "train_avg_recall": {
        "best_results": [
            0.0,
            0.922824302134647,
            0.0,
            0.5615763546798029,
            0.0
        ],
        "all_results": [
            [
                0.0,
                0.922824302134647,
                0.0,
                0.5615763546798029,
                0.0
            ],
            [
                0.0,
                0.922824302134647,
                0.0,
                0.0,
                0.0
            ]
        ],
        "epoches": [
            0,
            10
        ]
    },
    "train_avg_f1": {
        "best_results": [
            0.0,
            0.9598633646456021,
            0.0,
            0.7192429022082019,
            0.0
        ],
        "all_results": [
            [
                0.0,
                0.9598633646456021,
                0.0,
                0.7192429022082019,
                0.0
            ],
            [
                0.0,
                0.9598633646456021,
                0.0,
                0.0,
                0.0
            ]
        ],
        "epoches": [
            0,
            10
        ]
    },
    "train_avg_accuracy": {
        "best_results": [
            0.5517241358757019,
            0.9228243231773376,
            0.5303776860237122,
            0.5615763664245605,
            0.46305418014526367
        ],
        "all_results": [
            [
                0.5517241358757019,
                0.9228243231773376,
                0.5303776860237122,
                0.5615763664245605,
                0.46305418014526367
            ],
            [
                0.5517241358757019,
                0.9228243231773376,
                0.5303776860237122,
                0.43842363357543945,
                0.46305418014526367
            ]
        ],
        "epoches": [
            0,
            10
        ]
    },
    "val_avg_precision": {
        "best_results": [
            0.0,
            1.0,
            0.0,
            1.0,
            0.0
        ],
        "all_results": [
            [
                0.0,
                1.0,
                0.0,
                1.0,
                0.0
            ],
            [
                0.0,
                1.0,
                0.0,
                0.0,
                0.0
            ]
        ],
        "epoches": [
            0,
            10
        ]
    },
    "val_avg_recall": {
        "best_results": [
            0.0,
            0.8916256157635468,
            0.0,
            0.625615763546798,
            0.0
        ],
        "all_results": [
            [
                0.0,
                0.8916256157635468,
                0.0,
                0.625615763546798,
                0.0
            ],
            [
                0.0,
                0.8916256157635468,
                0.0,
                0.0,
                0.0
            ]
        ],
        "epoches": [
            0,
            10
        ]
    },
    "val_avg_f1": {
        "best_results": [
            0.0,
            0.9427083333333334,
            0.0,
            0.7696969696969697,
            0.0
        ],
        "all_results": [
            [
                0.0,
                0.9427083333333334,
                0.0,
                0.7696969696969697,
                0.0
            ],
            [
                0.0,
                0.9427083333333334,
                0.0,
                0.0,
                0.0
            ]
        ],
        "epoches": [
            0,
            10
        ]
    },
    "val_avg_accuracy": {
        "best_results": [
            0.5320196747779846,
            0.8916256427764893,
            0.5369458198547363,
            0.6256157755851746,
            0.4137931168079376
        ],
        "all_results": [
            [
                0.5320196747779846,
                0.8916256427764893,
                0.5369458198547363,
                0.6256157755851746,
                0.4137931168079376
            ],
            [
                0.5320196747779846,
                0.8916256427764893,
                0.5369458198547363,
                0.37438422441482544,
                0.4137931168079376
            ]
        ],
        "epoches": [
            0,
            10
        ]
    },
    "test_avg_precision": {
        "best_results": [
            0.0,
            1.0,
            0.0,
            0.9836065573770492,
            0.0
        ],
        "all_results": [
            [
                0.0,
                1.0,
                0.0,
                0.9836065573770492,
                0.0
            ],
            [
                0.0,
                1.0,
                0.0,
                0.0,
                0.0
            ]
        ],
        "epoches": [
            0,
            10
        ]
    },
    "test_avg_recall": {
        "best_results": [
            0.0,
            0.7339901477832512,
            0.0,
            0.6557377049180327,
            0.0
        ],
        "all_results": [
            [
                0.0,
                0.7339901477832512,
                0.0,
                0.6557377049180327,
                0.0
            ],
            [
                0.0,
                0.7339901477832512,
                0.0,
                0.0,
                0.0
            ]
        ],
        "epoches": [
            0,
            10
        ]
    },
    "test_avg_f1": {
        "best_results": [
            0.0,
            0.8465909090909091,
            0.0,
            0.7868852459016393,
            0.0
        ],
        "all_results": [
            [
                0.0,
                0.8465909090909091,
                0.0,
                0.7868852459016393,
                0.0
            ],
            [
                0.0,
                0.8465909090909091,
                0.0,
                0.0,
                0.0
            ]
        ],
        "epoches": [
            0,
            10
        ]
    },
    "test_avg_accuracy": {
        "best_results": [
            0.3300492465496063,
            0.7339901328086853,
            0.6059113144874573,
            0.6798029541969299,
            0.19704432785511017
        ],
        "all_results": [
            [
                0.3300492465496063,
                0.7339901328086853,
                0.6059113144874573,
                0.6798029541969299,
                0.19704432785511017
            ],
            [
                0.3300492465496063,
                0.7339901328086853,
                0.6059113144874573,
                0.39901477098464966,
                0.19704432785511017
            ]
        ],
        "epoches": [
            0,
            10
        ]
    }
}