{
    "train_avg_precision": {
        "best_results": [
            0.0,
            1.0,
            1.0,
            1.0,
            0.0
        ],
        "all_results": [
            [
                0.0,
                1.0,
                1.0,
                1.0,
                0.0
            ],
            [
                0.0,
                1.0,
                0.0,
                0.0,
                0.0
            ],
            [
                0.0,
                1.0,
                0.0,
                0.0,
                0.0
            ]
        ],
        "epoches": [
            0,
            10,
            20
        ]
    },
    "train_avg_recall": {
        "best_results": [
            0.0,
            0.899390243902439,
            0.3871951219512195,
            0.5335365853658537,
            0.0
        ],
        "all_results": [
            [
                0.0,
                0.899390243902439,
                0.3871951219512195,
                0.5335365853658537,
                0.0
            ],
            [
                0.0,
                0.899390243902439,
                0.0,
                0.0,
                0.0
            ],
            [
                0.0,
                0.899390243902439,
                0.0,
                0.0,
                0.0
            ]
        ],
        "epoches": [
            0,
            10,
            20
        ]
    },
    "train_avg_f1": {
        "best_results": [
            0.0,
            0.9470304975922954,
            0.5582417582417583,
            0.6958250497017893,
            0.0
        ],
        "all_results": [
            [
                0.0,
                0.9470304975922954,
                0.5582417582417583,
                0.6958250497017893,
                0.0
            ],
            [
                0.0,
                0.9470304975922954,
                0.0,
                0.0,
                0.0
            ],
            [
                0.0,
                0.9470304975922954,
                0.0,
                0.0,
                0.0
            ]
        ],
        "epoches": [
            0,
            10,
            20
        ]
    },
    "train_avg_accuracy": {
        "best_results": [
            0.4908536672592163,
            0.8993902206420898,
            0.6128048896789551,
            0.5335366129875183,
            0.5457317233085632
        ],
        "all_results": [
            [
                0.4908536672592163,
                0.8993902206420898,
                0.6128048896789551,
                0.5335366129875183,
                0.5457317233085632
            ],
            [
                0.4908536672592163,
                0.8993902206420898,
                0.6128048896789551,
                0.4664634168148041,
                0.5457317233085632
            ],
            [
                0.4908536672592163,
                0.8993902206420898,
                0.6128048896789551,
                0.4664634168148041,
                0.5457317233085632
            ]
        ],
        "epoches": [
            0,
            10,
            20
        ]
    },
    "val_avg_precision": {
        "best_results": [
            0.0,
            1.0,
            1.0,
            1.0,
            0.0
        ],
        "all_results": [
            [
                0.0,
                1.0,
                1.0,
                1.0,
                0.0
            ],
            [
                0.0,
                1.0,
                0.0,
                0.0,
                0.0
            ],
            [
                0.0,
                1.0,
                0.0,
                0.0,
                0.0
            ]
        ],
        "epoches": [
            0,
            10,
            20
        ]
    },
    "val_avg_recall": {
        "best_results": [
            0.0,
            0.7818181818181819,
            0.44545454545454544,
            0.509090909090909,
            0.0
        ],
        "all_results": [
            [
                0.0,
                0.7818181818181819,
                0.44545454545454544,
                0.509090909090909,
                0.0
            ],
            [
                0.0,
                0.7818181818181819,
                0.0,
                0.0,
                0.0
            ],
            [
                0.0,
                0.7818181818181819,
                0.0,
                0.0,
                0.0
            ]
        ],
        "epoches": [
            0,
            10,
            20
        ]
    },
    "val_avg_f1": {
        "best_results": [
            0.0,
            0.8775510204081634,
            0.6163522012578617,
            0.6746987951807228,
            0.0
        ],
        "all_results": [
            [
                0.0,
                0.8775510204081634,
                0.6163522012578617,
                0.6746987951807228,
                0.0
            ],
            [
                0.0,
                0.8775510204081634,
                0.0,
                0.0,
                0.0
            ],
            [
                0.0,
                0.8775510204081634,
                0.0,
                0.0,
                0.0
            ]
        ],
        "epoches": [
            0,
            10,
            20
        ]
    },
    "val_avg_accuracy": {
        "best_results": [
            0.3545454442501068,
            0.7818182110786438,
            0.5545454621315002,
            0.5090909004211426,
            0.41818180680274963
        ],
        "all_results": [
            [
                0.3545454442501068,
                0.7818182110786438,
                0.5545454621315002,
                0.5090909004211426,
                0.41818180680274963
            ],
            [
                0.3545454442501068,
                0.7818182110786438,
                0.5545454621315002,
                0.4909090995788574,
                0.41818180680274963
            ],
            [
                0.3545454442501068,
                0.7818182110786438,
                0.5545454621315002,
                0.4909090995788574,
                0.41818180680274963
            ]
        ],
        "epoches": [
            0,
            10,
            20
        ]
    },
    "test_avg_precision": {
        "best_results": [
            0.0,
            1.0,
            1.0,
            1.0,
            0.0
        ],
        "all_results": [
            [
                0.0,
                1.0,
                1.0,
                1.0,
                0.0
            ],
            [
                0.0,
                1.0,
                0.0,
                0.0,
                0.0
            ],
            [
                0.0,
                1.0,
                0.0,
                0.0,
                0.0
            ]
        ],
        "epoches": [
            0,
            10,
            20
        ]
    },
    "test_avg_recall": {
        "best_results": [
            0.0,
            0.6972477064220184,
            0.5504587155963303,
            0.6697247706422018,
            0.0
        ],
        "all_results": [
            [
                0.0,
                0.6972477064220184,
                0.5504587155963303,
                0.6697247706422018,
                0.0
            ],
            [
                0.0,
                0.6972477064220184,
                0.0,
                0.0,
                0.0
            ],
            [
                0.0,
                0.6972477064220184,
                0.0,
                0.0,
                0.0
            ]
        ],
        "epoches": [
            0,
            10,
            20
        ]
    },