{
    "train_avg_precision": {
        "best_results": [
            1.0,
            0.0,
            0.0,
            0.0,
            1.0
        ],
        "all_results": [
            [
                1.0,
                0.0,
                0.0,
                0.0,
                1.0
            ],
            [
                1.0,
                0.0,
                0.0,
                0.0,
                0.0
            ],
            [
                1.0,
                0.0,
                0.0,
                0.0,
                0.0
            ],
            [
                1.0,
                0.0,
                0.0,
                0.0,
                0.0
            ],
            [
                1.0,
                0.0,
                0.0,
                0.0,
                0.0
            ],
            [
                1.0,
                0.0,
                0.0,
                0.0,
                0.0
            ]
        ],
        "epoches": [
            0,
            10,
            20,
            30,
            40,
            50
        ]
    },
    "train_avg_recall": {
        "best_results": [
            0.9432624113475178,
            0.0,
            0.0,
            0.0,
            0.5070921985815603
        ],
        "all_results": [
            [
                0.9432624113475178,
                0.0,
                0.0,
                0.0,
                0.5070921985815603
            ],
            [
                0.9432624113475178,
                0.0,
                0.0,
                0.0,
                0.0
            ],
            [
                0.9432624113475178,
                0.0,
                0.0,
                0.0,
                0.0
            ],
            [
                0.9432624113475178,
                0.0,
                0.0,
                0.0,
                0.0
            ],
            [
                0.9432624113475178,
                0.0,
                0.0,
                0.0,
                0.0
            ],
            [
                0.9432624113475178,
                0.0,
                0.0,
                0.0,
                0.0
            ]
        ],
        "epoches": [
            0,
            10,
            20,
            30,
            40,
            50
        ]
    },
    "train_avg_f1": {
        "best_results": [
            0.9708029197080292,
            0.0,
            0.0,
            0.0,
            0.6729411764705883
        ],
        "all_results": [
            [
                0.9708029197080292,
                0.0,
                0.0,
                0.0,
                0.6729411764705883
            ],
            [
                0.9708029197080292,
                0.0,
                0.0,
                0.0,
                0.0
            ],
            [
                0.9708029197080292,
                0.0,
                0.0,
                0.0,
                0.0
            ],
            [
                0.9708029197080292,
                0.0,
                0.0,
                0.0,
                0.0
            ],
            [
                0.9708029197080292,
                0.0,
                0.0,
                0.0,
                0.0
            ],
            [
                0.9708029197080292,
                0.0,
                0.0,
                0.0,
                0.0
            ]
        ],
        "epoches": [
            0,
            10,
            20,
            30,
            40,
            50
        ]
    },
    "train_avg_accuracy": {
        "best_results": [
            0.9432623982429504,
            0.5319148898124695,
            0.6843971610069275,
            0.457446813583374,
            0.5070921778678894
        ],
        "all_results": [
            [
                0.9432623982429504,
                0.5319148898124695,
                0.6843971610069275,
                0.457446813583374,
                0.5070921778678894
            ],
            [
                0.9432623982429504,
                0.5319148898124695,
                0.6843971610069275,
                0.457446813583374,
                0.4929077923297882
            ],
            [
                0.9432623982429504,
                0.5319148898124695,
                0.6843971610069275,
                0.457446813583374,
                0.4929077923297882
            ],
            [
                0.9432623982429504,
                0.5319148898124695,
                0.6843971610069275,
                0.457446813583374,
                0.4929077923297882
            ],
            [
                0.9432623982429504,
                0.5319148898124695,
                0.6843971610069275,
                0.457446813583374,
                0.4929077923297882
            ],
            [
                0.9432623982429504,
                0.5319148898124695,
                0.6843971610069275,
                0.457446813583374,
                0.4929077923297882
            ]
        ],
        "epoches": [
            0,
            10,
            20,
            30,
            40,
            50
        ]
    },
    "val_avg_precision": {
        "best_results": [
            1.0,
            0.0,
            0.0,
            0.0,
            1.0
        ],
        "all_results": [
            [
                1.0,
                0.0,
                0.0,
                0.0,
                1.0
            ],
            [
                1.0,
                0.0,
                0.0,
                0.0,
                0.0
            ],
            [
                1.0,
                0.0,
                0.0,
                0.0,
                0.0
            ],
            [
                1.0,
                0.0,
                0.0,
                0.0,
                0.0
            ],
            [
                1.0,
                0.0,
                0.0,
                0.0,
                0.0
            ],
            [
                1.0,
                0.0,
                0.0,
                0.0,
                0.0
            ]
        ],
        "epoches": [
            0,
            10,
            20,
            30,
            40,
            50
        ]
    },
    "val_avg_recall": {
        "best_results": [
            0.7473684210526316,
            0.0,
            0.0,
            0.0,
            0.6947368421052632
        ],
        "all_results": [
            [
                0.7473684210526316,
                0.0,
                0.0,
                0.0,
                0.6947368421052632
            ],
            [
                0.7473684210526316,
                0.0,
                0.0,
                0.0,
                0.0
            ],
            [
                0.7473684210526316,
                0.0,
                0.0,
                0.0,
                0.0
            ],
            [
                0.7473684210526316,
                0.0,
                0.0,
                0.0,
                0.0
            ],
            [
                0.7473684210526316,
                0.0,
                0.0,
                0.0,
                0.0
            ],
            [
                0.7473684210526316,
                0.0,
                0.0,
                0.0,
                0.0
            ]
        ],
        "epoches": [
            0,
            10,
            20,
            30,
            40,
            50
        ]
    },
    "val_avg_f1": {
        "best_results": [
            0.8554216867469879,
            0.0,
            0.0,
            0.0,
            0.8198757763975156
        ],