{
    "train_avg_precision": {
        "best_results": [
            1.0,
            1.0,
            0.0,
            1.0,
            0.0
        ],
        "all_results": [
            [
                1.0,
                1.0,
                0.0,
                1.0,
                0.0
            ],
            [
                0.0,
                0.0,
                0.0,
                1.0,
                0.0
            ],
            [
                0.0,
                0.0,
                0.0,
                1.0,
                0.0
            ]
        ],
        "epoches": [
            0,
            10,
            20
        ]
    },
    "train_avg_recall": {
        "best_results": [
            0.5911949685534591,
            0.5,
            0.0,
            0.8867924528301887,
            0.0
        ],
        "all_results": [
            [
                0.5911949685534591,
                0.5,
                0.0,
                0.8867924528301887,
                0.0
            ],
            [
                0.0,
                0.0,
                0.0,
                0.8867924528301887,
                0.0
            ],
            [
                0.0,
                0.0,
                0.0,
                0.8867924528301887,
                0.0
            ]
        ],
        "epoches": [
            0,
            10,
            20
        ]
    },
    "train_avg_f1": {
        "best_results": [
            0.7430830039525692,
            0.6666666666666666,
            0.0,
            0.9400000000000001,
            0.0
        ],
        "all_results": [
            [
                0.7430830039525692,
                0.6666666666666666,
                0.0,
                0.9400000000000001,
                0.0
            ],
            [
                0.0,
                0.0,
                0.0,
                0.9400000000000001,
                0.0
            ],
            [
                0.0,
                0.0,
                0.0,
                0.9400000000000001,
                0.0
            ]
        ],
        "epoches": [
            0,
            10,
            20
        ]
    },
    "train_avg_accuracy": {
        "best_results": [
            0.5911949872970581,
            0.5,
            0.6289308071136475,
            0.8867924809455872,
            0.4591194987297058
        ],
        "all_results": [
            [
                0.5911949872970581,
                0.5,
                0.6289308071136475,
                0.8867924809455872,
                0.4591194987297058
            ],
            [
                0.4088050425052643,
                0.5,
                0.6289308071136475,
                0.8867924809455872,
                0.4591194987297058
            ],
            [
                0.4088050425052643,
                0.5,
                0.6289308071136475,
                0.8867924809455872,
                0.4591194987297058
            ]
        ],
        "epoches": [
            0,
            10,
            20
        ]
    },
    "val_avg_precision": {
        "best_results": [
            1.0,
            1.0,
            0.0,
            1.0,
            0.0
        ],
        "all_results": [
            [
                1.0,
                1.0,
                0.0,
                1.0,
                0.0
            ],
            [
                0.0,
                0.0,
                0.0,
                1.0,
                0.0
            ],
            [
                0.0,
                0.0,
                0.0,
                1.0,
                0.0
            ]
        ],
        "epoches": [
            0,
            10,
            20
        ]
    },
    "val_avg_recall": {
        "best_results": [
            0.7009345794392523,
            0.4766355140186916,
            0.0,
            0.8317757009345794,
            0.0
        ],
        "all_results": [
            [
                0.7009345794392523,
                0.4766355140186916,
                0.0,
                0.8317757009345794,
                0.0
            ],
            [
                0.0,
                0.0,
                0.0,
                0.8317757009345794,
                0.0
            ],
            [
                0.0,
                0.0,
                0.0,
                0.8317757009345794,
                0.0
            ]
        ],
        "epoches": [
            0,
            10,
            20
        ]
    },
    "val_avg_f1": {
        "best_results": [
            0.8241758241758241,
            0.6455696202531646,
            0.0,
            0.9081632653061225,
            0.0
        ],
        "all_results": [
            [
                0.8241758241758241,
                0.6455696202531646,
                0.0,
                0.9081632653061225,
                0.0
            ],
            [
                0.0,
                0.0,
                0.0,
                0.9081632653061225,
                0.0
            ],
            [
                0.0,
                0.0,
                0.0,
                0.9081632653061225,
                0.0
            ]
        ],
        "epoches": [
            0,
            10,
            20
        ]
    },
    "val_avg_accuracy": {
        "best_results": [
            0.7009345889091492,
            0.5233644843101501,
            0.6261682510375977,
            0.8317757248878479,
            0.3644859790802002
        ],
        "all_results": [
            [
                0.7009345889091492,
                0.5233644843101501,
                0.6261682510375977,
                0.8317757248878479,
                0.3644859790802002
            ],
            [
                0.29906541109085083,
                0.5233644843101501,
                0.6261682510375977,
                0.8317757248878479,
                0.3644859790802002
            ],
            [
                0.29906541109085083,
                0.5233644843101501,
                0.6261682510375977,
                0.8317757248878479,
                0.3644859790802002
            ]
        ],
        "epoches": [
            0,
            10,
            20
        ]
    },
    "test_avg_precision": {
        "best_results": [
            1.0,
            1.0,
            0.0,
            1.0,
            0.0
        ],
        "all_results": [
            [
                1.0,
                1.0,
                0.0,
                1.0,
                0.0
            ],
            [
                0.0,
                0.0,
                0.0,
                1.0,
                0.0
            ],
            [
                0.0,
                0.0,
                0.0,
                1.0,
                0.0
            ]
        ],
        "epoches": [
            0,
            10,
            20
        ]
    },
    "test_avg_recall": {
        "best_results": [
            0.8490566037735849,
            0.6132075471698113,
            0.0,
            0.660377358490566,
            0.0
        ],
        "all_results": [
            [
                0.8490566037735849,
                0.6132075471698113,
                0.0,
                0.660377358490566,
                0.0
            ],
            [
                0.0,
                0.0,
                0.0,
                0.660377358490566,
                0.0
            ],
            [
                0.0,
                0.0,
                0.0,
                0.660377358490566,
                0.0
            ]
        ],
        "epoches": [
            0,
            10,
            20
        ]
    },
    "test_avg_f1": {
        "best_results": [
            0.9183673469387755,
            0.7602339181286549,
            0.0,
            0.7954545454545454,
            0.0
        ],