{
    "train_avg_precision": {
        "best_results": [
            0.0,
            1.0,
            0.0,
            0.0,
            1.0
        ],
        "all_results": [
            [
                0.0,
                1.0,
                0.0,
                0.0,
                1.0
            ],
            [
                0.0,
                1.0,
                0.0,
                0.0,
                0.0
            ],
            [
                0.0,
                1.0,
                0.0,
                0.0,
                0.0
            ]
        ],
        "epoches": [
            0,
            10,
            20
        ]
    },
    "train_avg_recall": {
        "best_results": [
            0.0,
            0.9169139465875371,
            0.0,
            0.0,
            0.5103857566765578
        ],
        "all_results": [
            [
                0.0,
                0.9169139465875371,
                0.0,
                0.0,
                0.5103857566765578
            ],
            [
                0.0,
                0.9169139465875371,
                0.0,
                0.0,
                0.0
            ],
            [
                0.0,
                0.9169139465875371,
                0.0,
                0.0,
                0.0
            ]
        ],
        "epoches": [
            0,
            10,
            20
        ]
    },
    "train_avg_f1": {
        "best_results": [
            0.0,
            0.9566563467492261,
            0.0,
            0.0,
            0.6758349705304519
        ],
        "all_results": [
            [
                0.0,
                0.9566563467492261,
                0.0,
                0.0,
                0.6758349705304519
            ],
            [
                0.0,
                0.9566563467492261,
                0.0,
                0.0,
                0.0
            ],
            [
                0.0,
                0.9566563467492261,
                0.0,
                0.0,
                0.0
            ]
        ],
        "epoches": [
            0,
            10,
            20
        ]
    },
    "train_avg_accuracy": {
        "best_results": [
            0.4866468906402588,
            0.9169139266014099,
            0.6706231236457825,
            0.5994065403938293,
            0.5103857517242432
        ],
        "all_results": [
            [
                0.4866468906402588,
                0.9169139266014099,
                0.6706231236457825,
                0.5994065403938293,
                0.5103857517242432
            ],
            [
                0.4866468906402588,
                0.9169139266014099,
                0.6706231236457825,
                0.5994065403938293,
                0.48961424827575684
            ],
            [
                0.4866468906402588,
                0.9169139266014099,
                0.6706231236457825,
                0.5994065403938293,
                0.48961424827575684
            ]
        ],
        "epoches": [
            0,
            10,
            20
        ]
    },
    "val_avg_precision": {
        "best_results": [
            0.0,
            1.0,
            0.0,
            0.0,
            1.0
        ],
        "all_results": [
            [
                0.0,
                1.0,
                0.0,
                0.0,
                1.0
            ],
            [
                0.0,
                1.0,
                0.0,
                0.0,
                0.0
            ],
            [
                0.0,
                1.0,
                0.0,
                0.0,
                0.0
            ]
        ],
        "epoches": [
            0,
            10,
            20
        ]
    },
    "val_avg_recall": {
        "best_results": [
            0.0,
            0.7256637168141593,
            0.0,
            0.0,
            0.6637168141592921
        ],
        "all_results": [
            [
                0.0,
                0.7256637168141593,
                0.0,
                0.0,
                0.6637168141592921
            ],
            [
                0.0,
                0.7256637168141593,
                0.0,
                0.0,
                0.0
            ],
            [
                0.0,
                0.7256637168141593,
                0.0,
                0.0,
                0.0
            ]
        ],
        "epoches": [
            0,
            10,
            20
        ]
    },
    "val_avg_f1": {
        "best_results": [
            0.0,
            0.841025641025641,
            0.0,
            0.0,
            0.797872340425532
        ],
        "all_results": [
            [
                0.0,
                0.841025641025641,
                0.0,
                0.0,
                0.797872340425532
            ],
            [
                0.0,
                0.841025641025641,
                0.0,
                0.0,
                0.0
            ],
            [
                0.0,
                0.841025641025641,
                0.0,
                0.0,
                0.0
            ]
        ],
        "epoches": [
            0,
            10,
            20
        ]
    },
    "val_avg_accuracy": {
        "best_results": [
            0.2743362784385681,
            0.7256637215614319,
            0.4601770043373108,
            0.45132744312286377,
            0.6637167930603027
        ],
        "all_results": [
            [
                0.2743362784385681,
                0.7256637215614319,
                0.4601770043373108,
                0.45132744312286377,
                0.6637167930603027
            ],
            [
                0.2743362784385681,
                0.7256637215614319,
                0.4601770043373108,
                0.45132744312286377,
                0.3362831771373749
            ],
            [
                0.2743362784385681,
                0.7256637215614319,
                0.4601770043373108,
                0.45132744312286377,
                0.3362831771373749
            ]
        ],
        "epoches": [
            0,
            10,
            20
        ]
    },
    "test_avg_precision": {
        "best_results": [
            0.0,
            1.0,
            0.0,
            0.0,
            1.0
        ],
        "all_results": [
            [
                0.0,
                1.0,
                0.0,
                0.0,
                1.0
            ],
            [
                0.0,
                1.0,
                0.0,
                0.0,
                0.0
            ],
            [
                0.0,
                1.0,
                0.0,
                0.0,
                0.0
            ]
        ],
        "epoches": [
            0,
            10,
            20
        ]
    },
    "test_avg_recall": {
        "best_results": [
            0.0,
            0.6371681415929203,
            0.0,
            0.0,
            0.5752212389380531
        ],
        "all_results": [
            [
                0.0,
                0.6371681415929203,
                0.0,
                0.0,
                0.5752212389380531
            ],
            [
                0.0,
                0.6371681415929203,
                0.0,
                0.0,
                0.0
            ],
            [
                0.0,
                0.6371681415929203,
                0.0,
                0.0,
                0.0
            ]
        ],
        "epoches": [
            0,
            10,
            20
        ]
    },
    "test_avg_f1": {
        "best_results": [
            0.0,
            0.7783783783783783,
            0.0,
            0.0,
            0.7303370786516854
        ],