{
    "train_avg_precision": {
        "best_results": [
            1.0,
            1.0,
            0.0,
            0.0,
            0.0
        ],
        "all_results": [
            [
                1.0,
                1.0,
                0.0,
                0.0,
                0.0
            ],
            [
                0.0,
                1.0,
                0.0,
                0.0,
                0.0
            ],
            [
                0.0,
                1.0,
                0.0,
                0.0,
                0.0
            ]
        ],
        "epoches": [
            0,
            10,
            20
        ]
    },
    "train_avg_recall": {
        "best_results": [
            0.6121212121212121,
            0.9,
            0.0,
            0.0,
            0.0
        ],
        "all_results": [
            [
                0.6121212121212121,
                0.9,
                0.0,
                0.0,
                0.0
            ],
            [
                0.0,
                0.9,
                0.0,
                0.0,
                0.0
            ],
            [
                0.0,
                0.9,
                0.0,
                0.0,
                0.0
            ]
        ],
        "epoches": [
            0,
            10,
            20
        ]
    },
    "train_avg_f1": {
        "best_results": [
            0.7593984962406014,
            0.9473684210526316,
            0.0,
            0.0,
            0.0
        ],
        "all_results": [
            [
                0.7593984962406014,
                0.9473684210526316,
                0.0,
                0.0,
                0.0
            ],
            [
                0.0,
                0.9473684210526316,
                0.0,
                0.0,
                0.0
            ],
            [
                0.0,
                0.9473684210526316,
                0.0,
                0.0,
                0.0
            ]
        ],
        "epoches": [
            0,
            10,
            20
        ]
    },
    "train_avg_accuracy": {
        "best_results": [
            0.6121212244033813,
            0.8999999761581421,
            0.6484848260879517,
            0.5181818008422852,
            0.46666666865348816
        ],
        "all_results": [
            [
                0.6121212244033813,
                0.8999999761581421,
                0.6484848260879517,
                0.5181818008422852,
                0.46666666865348816
            ],
            [
                0.38787877559661865,
                0.8999999761581421,
                0.6484848260879517,
                0.5181818008422852,
                0.46666666865348816
            ],
            [
                0.38787877559661865,
                0.8999999761581421,
                0.6484848260879517,
                0.5181818008422852,
                0.46666666865348816
            ]
        ],
        "epoches": [
            0,
            10,
            20
        ]
    },
    "val_avg_precision": {
        "best_results": [
            1.0,
            1.0,
            0.0,
            0.0,
            0.0
        ],
        "all_results": [
            [
                1.0,
                1.0,
                0.0,
                0.0,
                0.0
            ],
            [
                0.0,
                1.0,
                0.0,
                0.0,
                0.0
            ],
            [
                0.0,
                1.0,
                0.0,
                0.0,
                0.0
            ]
        ],
        "epoches": [
            0,
            10,
            20
        ]
    },
    "val_avg_recall": {
        "best_results": [
            0.6636363636363637,
            0.8454545454545455,
            0.0,
            0.0,
            0.0
        ],
        "all_results": [
            [
                0.6636363636363637,
                0.8454545454545455,
                0.0,
                0.0,
                0.0
            ],
            [
                0.0,
                0.8454545454545455,
                0.0,
                0.0,
                0.0
            ],
            [
                0.0,
                0.8454545454545455,
                0.0,
                0.0,
                0.0
            ]
        ],
        "epoches": [
            0,
            10,
            20
        ]
    },
    "val_avg_f1": {
        "best_results": [
            0.7978142076502733,
            0.916256157635468,
            0.0,
            0.0,
            0.0
        ],
        "all_results": [
            [
                0.7978142076502733,
                0.916256157635468,
                0.0,
                0.0,
                0.0
            ],
            [
                0.0,
                0.916256157635468,
                0.0,
                0.0,
                0.0
            ],
            [
                0.0,
                0.916256157635468,
                0.0,
                0.0,
                0.0
            ]
        ],
        "epoches": [
            0,
            10,
            20
        ]
    },
    "val_avg_accuracy": {
        "best_results": [
            0.6636363863945007,
            0.8454545736312866,
            0.5636363625526428,
            0.5454545617103577,
            0.34545454382896423
        ],
        "all_results": [
            [
                0.6636363863945007,
                0.8454545736312866,
                0.5636363625526428,
                0.5454545617103577,
                0.34545454382896423
            ],
            [
                0.33636364340782166,
                0.8454545736312866,
                0.5636363625526428,
                0.5454545617103577,
                0.34545454382896423
            ],
            [
                0.33636364340782166,
                0.8454545736312866,
                0.5636363625526428,
                0.5454545617103577,
                0.34545454382896423
            ]
        ],
        "epoches": [
            0,
            10,
            20
        ]
    },
    "test_avg_precision": {
        "best_results": [
            1.0,
            1.0,
            0.0,
            0.0,
            0.0
        ],
        "all_results": [
            [
                1.0,
                1.0,
                0.0,
                0.0,
                0.0
            ],
            [
                0.0,
                1.0,
                0.0,
                0.0,
                0.0
            ],
            [
                0.0,
                1.0,
                0.0,
                0.0,
                0.0
            ]
        ],
        "epoches": [
            0,
            10,
            20
        ]
    },
    "test_avg_recall": {
        "best_results": [
            0.7909090909090909,
            0.6363636363636364,
            0.0,
            0.0,
            0.0
        ],
        "all_results": [
            [
                0.7909090909090909,
                0.6363636363636364,
                0.0,
                0.0,
                0.0
            ],
            [
                0.0,
                0.6363636363636364,
                0.0,
                0.0,
                0.0
            ],
            [
                0.0,
                0.6363636363636364,
                0.0,
                0.0,
                0.0
            ]
        ],
        "epoches": [
            0,
            10,
            20
        ]
    },
    "test_avg_f1": {
        "best_results": [
            0.883248730964467,
            0.7777777777777778,
            0.0,
            0.0,
            0.0
        ],