{
    "train_avg_precision": {
        "best_results": [
            1.0,
            1.0,
            0.0,
            1.0,
            0.0
        ],
        "all_results": [
            [
                1.0,
                1.0,
                0.0,
                1.0,
                0.0
            ],
            [
                1.0,
                0.0,
                0.0,
                0.0,
                0.0
            ]
        ],
        "epoches": [
            0,
            10
        ]
    },
    "train_avg_recall": {
        "best_results": [
            0.9371069182389937,
            0.550314465408805,
            0.0,
            0.449685534591195,
            0.0
        ],
        "all_results": [
            [
                0.9371069182389937,
                0.550314465408805,
                0.0,
                0.449685534591195,
                0.0
            ],
            [
                0.9371069182389937,
                0.0,
                0.0,
                0.0,
                0.0
            ]
        ],
        "epoches": [
            0,
            10
        ]
    },
    "train_avg_f1": {
        "best_results": [
            0.9675324675324676,
            0.7099391480730223,
            0.0,
            0.6203904555314533,
            0.0
        ],
        "all_results": [
            [
                0.9675324675324676,
                0.7099391480730223,
                0.0,
                0.6203904555314533,
                0.0
            ],
            [
                0.9675324675324676,
                0.0,
                0.0,
                0.0,
                0.0
            ]
        ],
        "epoches": [
            0,
            10
        ]
    },
    "train_avg_accuracy": {
        "best_results": [
            0.9371069073677063,
            0.5503144860267639,
            0.45597484707832336,
            0.5503144860267639,
            0.5849056839942932
        ],
        "all_results": [
            [
                0.9371069073677063,
                0.5503144860267639,
                0.45597484707832336,
                0.5503144860267639,
                0.5849056839942932
            ],
            [
                0.9371069073677063,
                0.44968554377555847,
                0.45597484707832336,
                0.5503144860267639,
                0.5849056839942932
            ]
        ],
        "epoches": [
            0,
            10
        ]
    },
    "val_avg_precision": {
        "best_results": [
            1.0,
            1.0,
            0.0,
            1.0,
            0.0
        ],
        "all_results": [
            [
                1.0,
                1.0,
                0.0,
                1.0,
                0.0
            ],
            [
                1.0,
                0.0,
                0.0,
                0.0,
                0.0
            ]
        ],
        "epoches": [
            0,
            10
        ]
    },
    "val_avg_recall": {
        "best_results": [
            0.6915887850467289,
            0.514018691588785,
            0.0,
            0.5981308411214953,
            0.0
        ],
        "all_results": [
            [
                0.6915887850467289,
                0.514018691588785,
                0.0,
                0.5981308411214953,
                0.0
            ],
            [
                0.6915887850467289,
                0.0,
                0.0,
                0.0,
                0.0
            ]
        ],
        "epoches": [
            0,
            10
        ]
    },
    "val_avg_f1": {
        "best_results": [
            0.8176795580110497,
            0.6790123456790123,
            0.0,
            0.7485380116959064,
            0.0
        ],
        "all_results": [
            [
                0.8176795580110497,
                0.6790123456790123,
                0.0,
                0.7485380116959064,
                0.0
            ],
            [
                0.8176795580110497,
                0.0,
                0.0,
                0.0,
                0.0
            ]
        ],
        "epoches": [
            0,
            10
        ]
    },
    "val_avg_accuracy": {
        "best_results": [
            0.6915887594223022,
            0.514018714427948,
            0.336448609828949,
            0.5981308221817017,
            0.5981308221817017
        ],
        "all_results": [
            [
                0.6915887594223022,
                0.514018714427948,
                0.336448609828949,
                0.5981308221817017,
                0.5981308221817017
            ],
            [
                0.6915887594223022,
                0.4859813153743744,
                0.336448609828949,
                0.40186914801597595,
                0.5981308221817017
            ]
        ],
        "epoches": [
            0,
            10
        ]
    },
    "test_avg_precision": {
        "best_results": [
            1.0,
            1.0,
            0.0,
            1.0,
            0.0
        ],
        "all_results": [
            [
                1.0,
                1.0,
                0.0,
                1.0,
                0.0
            ],
            [
                1.0,
                0.0,
                0.0,
                0.0,
                0.0
            ]
        ],
        "epoches": [
            0,
            10
        ]
    },
    "test_avg_recall": {
        "best_results": [
            0.5566037735849056,
            0.5849056603773585,
            0.0,
            0.5754716981132075,
            0.0
        ],
        "all_results": [
            [
                0.5566037735849056,
                0.5849056603773585,
                0.0,
                0.5754716981132075,
                0.0
            ],
            [
                0.5566037735849056,
                0.0,
                0.0,
                0.0,
                0.0
            ]
        ],
        "epoches": [
            0,
            10
        ]
    },
    "test_avg_f1": {
        "best_results": [
            0.7151515151515151,
            0.738095238095238,
            0.0,
            0.7305389221556886,
            0.0
        ],
        "all_results": [
            [
                0.7151515151515151,
                0.738095238095238,
                0.0,
                0.7305389221556886,
                0.0
            ],
            [
                0.7151515151515151,
                0.0,
                0.0,
                0.0,
                0.0
            ]
        ],
        "epoches": [
            0,
            10
        ]
    },
    "test_avg_accuracy": {
        "best_results": [
            0.5566037893295288,
            0.5849056839942932,
            0.18867924809455872,
            0.5754716992378235,
            0.37735849618911743
        ],
        "all_results": [
            [
                0.5566037893295288,
                0.5849056839942932,
                0.18867924809455872,
                0.5754716992378235,
                0.37735849618911743
            ],
            [
                0.5566037893295288,
                0.4150943458080292,
                0.18867924809455872,
                0.4245283007621765,
                0.37735849618911743
            ]
        ],
        "epoches": [
            0,
            10
        ]
    }
}