{
    "train_avg_precision": {
        "best_results": [
            1.0,
            0.0,
            1.0,
            1.0,
            1.0
        ],
        "all_results": [
            [
                1.0,
                0.0,
                1.0,
                1.0,
                1.0
            ],
            [
                1.0,
                0.0,
                0.0,
                0.0,
                0.0
            ],
            [
                1.0,
                0.0,
                1.0,
                0.0,
                0.0
            ]
        ],
        "epoches": [
            0,
            10,
            20
        ]
    },
    "train_avg_recall": {
        "best_results": [
            0.8929889298892989,
            0.0,
            0.5719557195571956,
            0.4612546125461255,
            0.4059040590405904
        ],
        "all_results": [
            [
                0.8929889298892989,
                0.0,
                0.5719557195571956,
                0.4612546125461255,
                0.4059040590405904
            ],
            [
                0.8929889298892989,
                0.0,
                0.0,
                0.0,
                0.0
            ],
            [
                0.8929889298892989,
                0.0,
                0.5719557195571956,
                0.0,
                0.0
            ]
        ],
        "epoches": [
            0,
            10,
            20
        ]
    },
    "train_avg_f1": {
        "best_results": [
            0.9434697855750488,
            0.0,
            0.727699530516432,
            0.6313131313131314,
            0.5774278215223096
        ],
        "all_results": [
            [
                0.9434697855750488,
                0.0,
                0.727699530516432,
                0.6313131313131314,
                0.5774278215223096
            ],
            [
                0.9434697855750488,
                0.0,
                0.0,
                0.0,
                0.0
            ],
            [
                0.9434697855750488,
                0.0,
                0.727699530516432,
                0.0,
                0.0
            ]
        ],
        "epoches": [
            0,
            10,
            20
        ]
    },
    "train_avg_accuracy": {
        "best_results": [
            0.892988920211792,
            0.4575645625591278,
            0.5719557404518127,
            0.5387454032897949,
            0.5940959453582764
        ],
        "all_results": [
            [
                0.892988920211792,
                0.4575645625591278,
                0.5719557404518127,
                0.5387454032897949,
                0.5940959453582764
            ],
            [
                0.892988920211792,
                0.4575645625591278,
                0.42804428935050964,
                0.5387454032897949,
                0.5940959453582764
            ],
            [
                0.892988920211792,
                0.4575645625591278,
                0.5719557404518127,
                0.5387454032897949,
                0.5940959453582764
            ]
        ],
        "epoches": [
            0,
            10,
            20
        ]
    },
    "val_avg_precision": {
        "best_results": [
            1.0,
            0.0,
            1.0,
            1.0,
            1.0
        ],
        "all_results": [
            [
                1.0,
                0.0,
                1.0,
                1.0,
                1.0
            ],
            [
                1.0,
                0.0,
                0.0,
                0.0,
                0.0
            ],
            [
                1.0,
                0.0,
                1.0,
                0.0,
                0.0
            ]
        ],
        "epoches": [
            0,
            10,
            20
        ]
    },
    "val_avg_recall": {
        "best_results": [
            0.7802197802197802,
            0.0,
            0.6483516483516484,
            0.5274725274725275,
            0.5384615384615384
        ],
        "all_results": [
            [
                0.7802197802197802,
                0.0,
                0.6483516483516484,
                0.5274725274725275,
                0.5384615384615384
            ],
            [
                0.7802197802197802,
                0.0,
                0.0,
                0.0,
                0.0
            ],
            [
                0.7802197802197802,
                0.0,
                0.6483516483516484,
                0.0,
                0.0
            ]
        ],
        "epoches": [
            0,
            10,
            20
        ]
    },
    "val_avg_f1": {
        "best_results": [
            0.8765432098765432,
            0.0,
            0.7866666666666667,
            0.6906474820143885,
            0.7000000000000001
        ],
        "all_results": [
            [
                0.8765432098765432,
                0.0,
                0.7866666666666667,
                0.6906474820143885,
                0.7000000000000001
            ],
            [
                0.8765432098765432,
                0.0,
                0.0,
                0.0,
                0.0
            ],
            [
                0.8765432098765432,
                0.0,
                0.7866666666666667,
                0.0,
                0.0
            ]
        ],
        "epoches": [
            0,
            10,
            20
        ]
    },
    "val_avg_accuracy": {
        "best_results": [
            0.7802197933197021,
            0.36263737082481384,
            0.6483516693115234,
            0.5274725556373596,
            0.5384615659713745
        ],
        "all_results": [
            [
                0.7802197933197021,
                0.36263737082481384,
                0.6483516693115234,
                0.5274725556373596,
                0.5384615659713745
            ],
            [
                0.7802197933197021,
                0.36263737082481384,
                0.35164836049079895,
                0.47252747416496277,
                0.4615384638309479
            ],
            [
                0.7802197933197021,
                0.36263737082481384,
                0.6483516693115234,
                0.47252747416496277,
                0.4615384638309479
            ]
        ],
        "epoches": [
            0,
            10,
            20
        ]
    },
    "test_avg_precision": {
        "best_results": [
            1.0,
            0.06557377049180328,
            1.0,
            1.0,
            1.0
        ],
        "all_results": [
            [
                1.0,
                0.06557377049180328,
                1.0,
                1.0,
                1.0
            ],
            [
                1.0,
                0.0,
                0.05714285714285714,
                0.0,
                0.0
            ],
            [
                1.0,
                0.06557377049180328,
                1.0,
                0.0,
                0.0
            ]
        ],
        "epoches": [
            0,
            10,
            20
        ]
    },
    "test_avg_recall": {
        "best_results": [
            0.6593406593406593,
            1.0,
            1.0,
            0.6263736263736264,
            0.46153846153846156
        ],