{
    "train_avg_precision": {
        "best_results": [
            1.0,
            1.0,
            1.0,
            1.0,
            1.0
        ],
        "all_results": [
            [
                1.0,
                1.0,
                1.0,
                1.0,
                1.0
            ],
            [
                1.0,
                0.0,
                0.0,
                1.0,
                0.0
            ],
            [
                1.0,
                0.0,
                0.0,
                1.0,
                0.0
            ]
        ],
        "epoches": [
            0,
            10,
            20
        ]
    },
    "train_avg_recall": {
        "best_results": [
            0.513986013986014,
            0.3076923076923077,
            0.5034965034965035,
            0.8741258741258742,
            0.5244755244755245
        ],
        "all_results": [
            [
                0.513986013986014,
                0.3076923076923077,
                0.5034965034965035,
                0.8741258741258742,
                0.5244755244755245
            ],
            [
                0.513986013986014,
                0.0,
                0.0,
                0.8741258741258742,
                0.0
            ],
            [
                0.513986013986014,
                0.0,
                0.0,
                0.8741258741258742,
                0.0
            ]
        ],
        "epoches": [
            0,
            10,
            20
        ]
    },
    "train_avg_f1": {
        "best_results": [
            0.6789838337182448,
            0.47058823529411764,
            0.6697674418604651,
            0.9328358208955224,
            0.6880733944954128
        ],
        "all_results": [
            [
                0.6789838337182448,
                0.47058823529411764,
                0.6697674418604651,
                0.9328358208955224,
                0.6880733944954128
            ],
            [
                0.6789838337182448,
                0.0,
                0.0,
                0.9328358208955224,
                0.0
            ],
            [
                0.6789838337182448,
                0.0,
                0.0,
                0.9328358208955224,
                0.0
            ]
        ],
        "epoches": [
            0,
            10,
            20
        ]
    },
    "train_avg_accuracy": {
        "best_results": [
            0.5139859914779663,
            0.692307710647583,
            0.503496527671814,
            0.8741258978843689,
            0.5244755148887634
        ],
        "all_results": [
            [
                0.5139859914779663,
                0.692307710647583,
                0.503496527671814,
                0.8741258978843689,
                0.5244755148887634
            ],
            [
                0.5139859914779663,
                0.692307710647583,
                0.4965035021305084,
                0.8741258978843689,
                0.4755244851112366
            ],
            [
                0.5139859914779663,
                0.692307710647583,
                0.4965035021305084,
                0.8741258978843689,
                0.4755244851112366
            ]
        ],
        "epoches": [
            0,
            10,
            20
        ]
    },
    "val_avg_precision": {
        "best_results": [
            1.0,
            1.0,
            1.0,
            1.0,
            1.0
        ],
        "all_results": [
            [
                1.0,
                1.0,
                1.0,
                1.0,
                1.0
            ],
            [
                1.0,
                0.0,
                0.0,
                1.0,
                0.0
            ],
            [
                1.0,
                0.0,
                0.0,
                1.0,
                0.0
            ]
        ],
        "epoches": [
            0,
            10,
            20
        ]
    },
    "val_avg_recall": {
        "best_results": [
            0.5319148936170213,
            0.3333333333333333,
            0.4375,
            0.6979166666666666,
            0.7083333333333334
        ],
        "all_results": [
            [
                0.5319148936170213,
                0.3333333333333333,
                0.4375,
                0.6979166666666666,
                0.7083333333333334
            ],
            [
                0.5208333333333334,
                0.0,
                0.0,
                0.6979166666666666,
                0.0
            ],
            [
                0.5319148936170213,
                0.0,
                0.0,
                0.6979166666666666,
                0.0
            ]
        ],
        "epoches": [
            0,
            10,
            20
        ]
    },
    "val_avg_f1": {
        "best_results": [
            0.6944444444444444,
            0.5,
            0.6086956521739131,
            0.8220858895705522,
            0.8292682926829268
        ],
        "all_results": [
            [
                0.6944444444444444,
                0.5,
                0.6086956521739131,
                0.8220858895705522,
                0.8292682926829268
            ],
            [
                0.684931506849315,
                0.0,
                0.0,
                0.8220858895705522,
                0.0
            ],
            [
                0.6944444444444444,
                0.0,
                0.0,
                0.8220858895705522,
                0.0
            ]
        ],
        "epoches": [
            0,
            10,
            20
        ]
    },
    "val_avg_accuracy": {
        "best_results": [
            0.5416666865348816,
            0.6666666865348816,
            0.5625,
            0.6979166865348816,
            0.7083333134651184
        ],
        "all_results": [
            [
                0.5416666865348816,
                0.6666666865348816,
                0.5625,
                0.6979166865348816,
                0.7083333134651184
            ],
            [
                0.5208333134651184,
                0.6666666865348816,
                0.5625,
                0.6979166865348816,
                0.2916666567325592
            ],
            [
                0.5416666865348816,
                0.6666666865348816,
                0.5625,
                0.6979166865348816,
                0.2916666567325592
            ]
        ],
        "epoches": [
            0,
            10,
            20
        ]
    },
    "test_avg_precision": {
        "best_results": [
            1.0,
            0.7619047619047619,
            0.8245614035087719,
            1.0,
            0.8765432098765432
        ],
        "all_results": [
            [
                1.0,
                0.7619047619047619,
                0.8245614035087719,
                1.0,
                0.8765432098765432
            ],
            [
                1.0,
                0.0,
                0.0,
                1.0,
                0.0
            ],
            [
                1.0,
                0.0,
                0.0,
                1.0,
                0.0
            ]
        ],
        "epoches": [
            0,
            10,
            20
        ]
    },
    "test_avg_recall": {
        "best_results": [
            0.5176470588235295,
            0.3764705882352941,
            0.5529411764705883,
            0.631578947368421,
            0.8352941176470589
        ],