{
    "train_avg_precision": {
        "best_results": [
            1.0,
            0.0,
            1.0,
            1.0,
            1.0
        ],
        "all_results": [
            [
                1.0,
                0.0,
                1.0,
                1.0,
                1.0
            ],
            [
                1.0,
                0.0,
                0.0,
                0.0,
                0.0
            ],
            [
                1.0,
                0.0,
                0.0,
                0.0,
                0.0
            ]
        ],
        "epoches": [
            0,
            10,
            20
        ]
    },
    "train_avg_recall": {
        "best_results": [
            0.8936170212765957,
            0.0,
            0.4553191489361702,
            0.3148936170212766,
            0.4978723404255319
        ],
        "all_results": [
            [
                0.8936170212765957,
                0.0,
                0.4553191489361702,
                0.3148936170212766,
                0.4978723404255319
            ],
            [
                0.8936170212765957,
                0.0,
                0.0,
                0.0,
                0.0
            ],
            [
                0.8936170212765957,
                0.0,
                0.0,
                0.0,
                0.0
            ]
        ],
        "epoches": [
            0,
            10,
            20
        ]
    },
    "train_avg_f1": {
        "best_results": [
            0.9438202247191011,
            0.0,
            0.6257309941520467,
            0.4789644012944984,
            0.6647727272727273
        ],
        "all_results": [
            [
                0.9438202247191011,
                0.0,
                0.6257309941520467,
                0.4789644012944984,
                0.6647727272727273
            ],
            [
                0.9438202247191011,
                0.0,
                0.0,
                0.0,
                0.0
            ],
            [
                0.9438202247191011,
                0.0,
                0.0,
                0.0,
                0.0
            ]
        ],
        "epoches": [
            0,
            10,
            20
        ]
    },
    "train_avg_accuracy": {
        "best_results": [
            0.8936170339584351,
            0.5276595950126648,
            0.5446808338165283,
            0.6851063966751099,
            0.5021276473999023
        ],
        "all_results": [
            [
                0.8936170339584351,
                0.5276595950126648,
                0.5446808338165283,
                0.6851063966751099,
                0.5021276473999023
            ],
            [
                0.8936170339584351,
                0.5276595950126648,
                0.5446808338165283,
                0.6851063966751099,
                0.5021276473999023
            ],
            [
                0.8936170339584351,
                0.5276595950126648,
                0.5446808338165283,
                0.6851063966751099,
                0.5021276473999023
            ]
        ],
        "epoches": [
            0,
            10,
            20
        ]
    },
    "val_avg_precision": {
        "best_results": [
            1.0,
            0.0,
            1.0,
            1.0,
            1.0
        ],
        "all_results": [
            [
                1.0,
                0.0,
                1.0,
                1.0,
                1.0
            ],
            [
                1.0,
                0.0,
                0.0,
                0.0,
                0.0
            ],
            [
                1.0,
                0.0,
                0.0,
                0.0,
                0.0
            ]
        ],
        "epoches": [
            0,
            10,
            20
        ]
    },
    "val_avg_recall": {
        "best_results": [
            0.7215189873417721,
            0.0,
            0.379746835443038,
            0.4936708860759494,
            0.6835443037974683
        ],
        "all_results": [
            [
                0.7215189873417721,
                0.0,
                0.379746835443038,
                0.4936708860759494,
                0.6835443037974683
            ],
            [
                0.7215189873417721,
                0.0,
                0.0,
                0.0,
                0.0
            ],
            [
                0.7215189873417721,
                0.0,
                0.0,
                0.0,
                0.0
            ]
        ],
        "epoches": [
            0,
            10,
            20
        ]
    },
    "val_avg_f1": {
        "best_results": [
            0.8382352941176471,
            0.0,
            0.5504587155963303,
            0.6610169491525424,
            0.8120300751879699
        ],
        "all_results": [
            [
                0.8382352941176471,
                0.0,
                0.5504587155963303,
                0.6610169491525424,
                0.8120300751879699
            ],
            [
                0.8382352941176471,
                0.0,
                0.0,
                0.0,
                0.0
            ],
            [
                0.8382352941176471,
                0.0,
                0.0,
                0.0,
                0.0
            ]
        ],
        "epoches": [
            0,
            10,
            20
        ]
    },
    "val_avg_accuracy": {
        "best_results": [
            0.7215189933776855,
            0.37974682450294495,
            0.6202531456947327,
            0.5063291192054749,
            0.6835442781448364
        ],
        "all_results": [
            [
                0.7215189933776855,
                0.37974682450294495,
                0.6202531456947327,
                0.5063291192054749,
                0.6835442781448364
            ],
            [
                0.7215189933776855,
                0.37974682450294495,
                0.6202531456947327,
                0.5063291192054749,
                0.3164556920528412
            ],
            [
                0.7215189933776855,
                0.37974682450294495,
                0.6202531456947327,
                0.5063291192054749,
                0.3164556920528412
            ]
        ],
        "epoches": [
            0,
            10,
            20
        ]
    },
    "test_avg_precision": {
        "best_results": [
            1.0,
            0.0,
            1.0,
            1.0,
            1.0
        ],
        "all_results": [
            [
                1.0,
                0.0,
                1.0,
                1.0,
                1.0
            ],
            [
                1.0,
                0.0,
                0.0,
                0.0,
                0.0
            ],
            [
                1.0,
                0.0,
                0.0,
                0.0,
                0.0
            ]
        ],
        "epoches": [
            0,
            10,
            20
        ]
    },
    "test_avg_recall": {
        "best_results": [
            0.45569620253164556,
            0.0,
            0.620253164556962,
            0.3670886075949367,
            0.5949367088607594
        ],
        "all_results": [
            [
                0.45569620253164556,
                0.0,
                0.620253164556962,
                0.3670886075949367,
                0.5949367088607594
            ],
            [
                0.45569620253164556,
                0.0,
                0.0,
                0.0,
                0.0
            ],
            [
                0.45569620253164556,
                0.0,
                0.0,
                0.0,
                0.0
            ]
        ],
        "epoches": [
            0,
            10,
            20
        ]
    },