{
    "train_avg_precision": {
        "best_results": [
            1.0,
            0.0,
            1.0,
            1.0,
            1.0
        ],
        "all_results": [
            [
                1.0,
                0.0,
                1.0,
                1.0,
                1.0
            ],
            [
                0.0,
                0.0,
                1.0,
                0.0,
                0.0056179775280898875
            ],
            [
                1.0,
                0.0,
                1.0,
                0.0,
                1.0
            ]
        ],
        "epoches": [
            0,
            10,
            20
        ]
    },
    "train_avg_recall": {
        "best_results": [
            0.560126582278481,
            0.0,
            0.9240506329113924,
            0.33860759493670883,
            1.0
        ],
        "all_results": [
            [
                0.560126582278481,
                0.0,
                0.9240506329113924,
                0.33860759493670883,
                1.0
            ],
            [
                0.0,
                0.0,
                0.9240506329113924,
                0.0,
                1.0
            ],
            [
                0.560126582278481,
                0.0,
                0.9240506329113924,
                0.0,
                0.5632911392405063
            ]
        ],
        "epoches": [
            0,
            10,
            20
        ]
    },
    "train_avg_f1": {
        "best_results": [
            0.718052738336714,
            0.0,
            0.9605263157894737,
            0.5059101654846335,
            0.7206477732793523
        ],
        "all_results": [
            [
                0.718052738336714,
                0.0,
                0.9605263157894737,
                0.5059101654846335,
                0.7206477732793523
            ],
            [
                0.0,
                0.0,
                0.9605263157894737,
                0.0,
                0.0111731843575419
            ],
            [
                0.718052738336714,
                0.0,
                0.9605263157894737,
                0.0,
                0.7206477732793523
            ]
        ],
        "epoches": [
            0,
            10,
            20
        ]
    },
    "train_avg_accuracy": {
        "best_results": [
            0.5601266026496887,
            0.5664557218551636,
            0.9240506291389465,
            0.6613923907279968,
            0.5632911324501038
        ],
        "all_results": [
            [
                0.5601266026496887,
                0.5664557218551636,
                0.9240506291389465,
                0.6613923907279968,
                0.5632911324501038
            ],
            [
                0.43987342715263367,
                0.5664557218551636,
                0.9240506291389465,
                0.6613923907279968,
                0.43987342715263367
            ],
            [
                0.5601266026496887,
                0.5664557218551636,
                0.9240506291389465,
                0.6613923907279968,
                0.5632911324501038
            ]
        ],
        "epoches": [
            0,
            10,
            20
        ]
    },
    "val_avg_precision": {
        "best_results": [
            1.0,
            0.0,
            1.0,
            1.0,
            1.0
        ],
        "all_results": [
            [
                1.0,
                0.0,
                1.0,
                1.0,
                1.0
            ],
            [
                0.0,
                0.0,
                1.0,
                0.0,
                0.015384615384615385
            ],
            [
                1.0,
                0.0,
                1.0,
                0.0,
                1.0
            ]
        ],
        "epoches": [
            0,
            10,
            20
        ]
    },
    "val_avg_recall": {
        "best_results": [
            0.7830188679245284,
            0.0,
            0.7547169811320755,
            0.4528301886792453,
            1.0
        ],
        "all_results": [
            [
                0.7830188679245284,
                0.0,
                0.7547169811320755,
                0.4528301886792453,
                1.0
            ],
            [
                0.0,
                0.0,
                0.7547169811320755,
                0.0,
                1.0
            ],
            [
                0.7830188679245284,
                0.0,
                0.7547169811320755,
                0.0,
                0.6132075471698113
            ]
        ],
        "epoches": [
            0,
            10,
            20
        ]
    },
    "val_avg_f1": {
        "best_results": [
            0.8783068783068783,
            0.0,
            0.8602150537634409,
            0.6233766233766235,
            0.7602339181286549
        ],
        "all_results": [
            [
                0.8783068783068783,
                0.0,
                0.8602150537634409,
                0.6233766233766235,
                0.7602339181286549
            ],
            [
                0.0,
                0.0,
                0.8602150537634409,
                0.0,
                0.030303030303030307
            ],
            [
                0.8783068783068783,
                0.0,
                0.8602150537634409,
                0.0,
                0.7602339181286549
            ]
        ],
        "epoches": [
            0,
            10,
            20
        ]
    },
    "val_avg_accuracy": {
        "best_results": [
            0.7830188870429993,
            0.5377358198165894,
            0.7547169923782349,
            0.5471698045730591,
            0.6132075190544128
        ],
        "all_results": [
            [
                0.7830188870429993,
                0.5377358198165894,
                0.7547169923782349,
                0.5471698045730591,
                0.6132075190544128
            ],
            [
                0.21698112785816193,
                0.5377358198165894,
                0.7547169923782349,
                0.5471698045730591,
                0.3962264060974121
            ],
            [
                0.7830188870429993,
                0.5377358198165894,
                0.7547169923782349,
                0.5471698045730591,
                0.6132075190544128
            ]
        ],
        "epoches": [
            0,
            10,
            20
        ]
    },
    "test_avg_precision": {
        "best_results": [
            1.0,
            0.0,
            1.0,
            1.0,
            1.0
        ],
        "all_results": [
            [
                1.0,
                0.0,
                1.0,
                1.0,
                1.0
            ],
            [
                0.0,
                0.0,
                1.0,
                0.0,
                0.07352941176470588
            ],
            [
                1.0,
                0.0,
                1.0,
                0.0,
                1.0
            ]
        ],
        "epoches": [
            0,
            10,
            20
        ]
    },
    "test_avg_recall": {
        "best_results": [
            0.8476190476190476,
            0.0,
            0.6190476190476191,
            0.5142857142857142,
            1.0
        ],