{
    "train_avg_precision": {
        "best_results": [
            1.0,
            1.0,
            1.0,
            0.0,
            0.0
        ],
        "all_results": [
            [
                1.0,
                1.0,
                1.0,
                0.0,
                0.0
            ],
            [
                1.0,
                0.0,
                0.0,
                0.0,
                0.0
            ]
        ],
        "epoches": [
            0,
            10
        ]
    },
    "train_avg_recall": {
        "best_results": [
            0.9571150097465887,
            0.5146198830409356,
            0.43079922027290446,
            0.0,
            0.0
        ],
        "all_results": [
            [
                0.9571150097465887,
                0.5146198830409356,
                0.43079922027290446,
                0.0,
                0.0
            ],
            [
                0.9571150097465887,
                0.0,
                0.0,
                0.0,
                0.0
            ]
        ],
        "epoches": [
            0,
            10
        ]
    },
    "train_avg_f1": {
        "best_results": [
            0.9780876494023903,
            0.6795366795366795,
            0.6021798365122615,
            0.0,
            0.0
        ],
        "all_results": [
            [
                0.9780876494023903,
                0.6795366795366795,
                0.6021798365122615,
                0.0,
                0.0
            ],
            [
                0.9780876494023903,
                0.0,
                0.0,
                0.0,
                0.0
            ]
        ],
        "epoches": [
            0,
            10
        ]
    },
    "train_avg_accuracy": {
        "best_results": [
            0.9571149945259094,
            0.5146198868751526,
            0.5692007541656494,
            0.5653021335601807,
            0.42690059542655945
        ],
        "all_results": [
            [
                0.9571149945259094,
                0.5146198868751526,
                0.5692007541656494,
                0.5653021335601807,
                0.42690059542655945
            ],
            [
                0.9571149945259094,
                0.4853801131248474,
                0.5692007541656494,
                0.5653021335601807,
                0.42690059542655945
            ]
        ],
        "epoches": [
            0,
            10
        ]
    },
    "val_avg_precision": {
        "best_results": [
            1.0,
            1.0,
            1.0,
            0.0,
            0.0
        ],
        "all_results": [
            [
                1.0,
                1.0,
                1.0,
                0.0,
                0.0
            ],
            [
                1.0,
                0.0,
                0.0,
                0.0,
                0.0
            ]
        ],
        "epoches": [
            0,
            10
        ]
    },
    "val_avg_recall": {
        "best_results": [
            0.847953216374269,
            0.6491228070175439,
            0.5087719298245614,
            0.0,
            0.0
        ],
        "all_results": [
            [
                0.847953216374269,
                0.6491228070175439,
                0.5087719298245614,
                0.0,
                0.0
            ],
            [
                0.847953216374269,
                0.0,
                0.0,
                0.0,
                0.0
            ]
        ],
        "epoches": [
            0,
            10
        ]
    },
    "val_avg_f1": {
        "best_results": [
            0.9177215189873417,
            0.7872340425531915,
            0.6744186046511628,
            0.0,
            0.0
        ],
        "all_results": [
            [
                0.9177215189873417,
                0.7872340425531915,
                0.6744186046511628,
                0.0,
                0.0
            ],
            [
                0.9177215189873417,
                0.0,
                0.0,
                0.0,
                0.0
            ]
        ],
        "epoches": [
            0,
            10
        ]
    },
    "val_avg_accuracy": {
        "best_results": [
            0.847953200340271,
            0.6491228342056274,
            0.5087719559669495,
            0.4035087823867798,
            0.3684210479259491
        ],
        "all_results": [
            [
                0.847953200340271,
                0.6491228342056274,
                0.5087719559669495,
                0.4035087823867798,
                0.3684210479259491
            ],
            [
                0.847953200340271,
                0.35087719559669495,
                0.4912280738353729,
                0.4035087823867798,
                0.3684210479259491
            ]
        ],
        "epoches": [
            0,
            10
        ]
    },
    "test_avg_precision": {
        "best_results": [
            1.0,
            1.0,
            1.0,
            0.0,
            0.010416666666666666
        ],
        "all_results": [
            [
                1.0,
                1.0,
                1.0,
                0.0,
                0.010416666666666666
            ],
            [
                1.0,
                0.0,
                0.0,
                0.0,
                0.010416666666666666
            ]
        ],
        "epoches": [
            0,
            10
        ]
    },
    "test_avg_recall": {
        "best_results": [
            0.7543859649122807,
            0.695906432748538,
            0.7192982456140351,
            0.0,
            0.16666666666666666
        ],
        "all_results": [
            [
                0.7543859649122807,
                0.695906432748538,
                0.7192982456140351,
                0.0,
                0.16666666666666666
            ],
            [
                0.7543859649122807,
                0.0,
                0.0,
                0.0,
                0.16666666666666666
            ]
        ],
        "epoches": [
            0,
            10
        ]
    },
    "test_avg_f1": {
        "best_results": [
            0.86,
            0.8206896551724138,
            0.8367346938775511,
            0.0,
            0.0196078431372549
        ],
        "all_results": [
            [
                0.86,
                0.8206896551724138,
                0.8367346938775511,
                0.0,
                0.0196078431372549
            ],
            [
                0.86,
                0.0,
                0.0,
                0.0,
                0.0196078431372549
            ]
        ],
        "epoches": [
            0,
            10
        ]
    },
    "test_avg_accuracy": {
        "best_results": [
            0.7543859481811523,
            0.6959064602851868,
            0.719298243522644,
            0.5497075915336609,
            0.4385964870452881
        ],
        "all_results": [
            [
                0.7543859481811523,
                0.6959064602851868,
                0.719298243522644,
                0.5497075915336609,
                0.4385964870452881
            ],
            [
                0.7543859481811523,
                0.3040935695171356,
                0.28070175647735596,
                0.5497075915336609,
                0.4152046740055084
            ]
        ],
        "epoches": [
            0,
            10
        ]
    }
}