{
    "train_avg_precision": {
        "best_results": [
            1.0,
            1.0,
            0.0,
            1.0,
            1.0
        ],
        "all_results": [
            [
                1.0,
                1.0,
                0.0,
                1.0,
                1.0
            ],
            [
                0.0,
                0.0,
                0.0,
                1.0,
                0.0
            ]
        ],
        "epoches": [
            0,
            10
        ]
    },
    "train_avg_recall": {
        "best_results": [
            0.5419354838709678,
            0.4817204301075269,
            0.0,
            0.9182795698924732,
            0.5634408602150538
        ],
        "all_results": [
            [
                0.5419354838709678,
                0.4817204301075269,
                0.0,
                0.9182795698924732,
                0.5634408602150538
            ],
            [
                0.0,
                0.0,
                0.0,
                0.9182795698924732,
                0.0
            ]
        ],
        "epoches": [
            0,
            10
        ]
    },
    "train_avg_f1": {
        "best_results": [
            0.7029288702928871,
            0.6502177068214805,
            0.0,
            0.9573991031390134,
            0.720770288858322
        ],
        "all_results": [
            [
                0.7029288702928871,
                0.6502177068214805,
                0.0,
                0.9573991031390134,
                0.720770288858322
            ],
            [
                0.0,
                0.0,
                0.0,
                0.9573991031390134,
                0.0
            ]
        ],
        "epoches": [
            0,
            10
        ]
    },
    "train_avg_accuracy": {
        "best_results": [
            0.5419355034828186,
            0.5182795524597168,
            0.5333333611488342,
            0.9182795882225037,
            0.5634408593177795
        ],
        "all_results": [
            [
                0.5419355034828186,
                0.5182795524597168,
                0.5333333611488342,
                0.9182795882225037,
                0.5634408593177795
            ],
            [
                0.4580645263195038,
                0.5182795524597168,
                0.5333333611488342,
                0.9182795882225037,
                0.43655914068222046
            ]
        ],
        "epoches": [
            0,
            10
        ]
    },
    "val_avg_precision": {
        "best_results": [
            1.0,
            1.0,
            0.0,
            1.0,
            1.0
        ],
        "all_results": [
            [
                1.0,
                1.0,
                0.0,
                1.0,
                1.0
            ],
            [
                0.0,
                0.0,
                0.0,
                1.0,
                0.0
            ]
        ],
        "epoches": [
            0,
            10
        ]
    },
    "val_avg_recall": {
        "best_results": [
            0.6089743589743589,
            0.4551282051282051,
            0.0,
            0.9102564102564102,
            0.5961538461538461
        ],
        "all_results": [
            [
                0.6089743589743589,
                0.4551282051282051,
                0.0,
                0.9102564102564102,
                0.5961538461538461
            ],
            [
                0.0,
                0.0,
                0.0,
                0.9102564102564102,
                0.0
            ]
        ],
        "epoches": [
            0,
            10
        ]
    },
    "val_avg_f1": {
        "best_results": [
            0.7569721115537847,
            0.6255506607929515,
            0.0,
            0.953020134228188,
            0.7469879518072289
        ],
        "all_results": [
            [
                0.7569721115537847,
                0.6255506607929515,
                0.0,
                0.953020134228188,
                0.7469879518072289
            ],
            [
                0.0,
                0.0,
                0.0,
                0.953020134228188,
                0.0
            ]
        ],
        "epoches": [
            0,
            10
        ]
    },
    "val_avg_accuracy": {
        "best_results": [
            0.6089743375778198,
            0.5448718070983887,
            0.4743589758872986,
            0.9102563858032227,
            0.5961538553237915
        ],
        "all_results": [
            [
                0.6089743375778198,
                0.5448718070983887,
                0.4743589758872986,
                0.9102563858032227,
                0.5961538553237915
            ],
            [
                0.3910256326198578,
                0.5448718070983887,
                0.4743589758872986,
                0.9102563858032227,
                0.4038461446762085
            ]
        ],
        "epoches": [
            0,
            10
        ]
    },
    "test_avg_precision": {
        "best_results": [
            1.0,
            1.0,
            0.0,
            1.0,
            1.0
        ],
        "all_results": [
            [
                1.0,
                1.0,
                0.0,
                1.0,
                1.0
            ],
            [
                0.0,
                0.0,
                0.0,
                1.0,
                0.0
            ]
        ],
        "epoches": [
            0,
            10
        ]
    },
    "test_avg_recall": {
        "best_results": [
            0.7935483870967742,
            0.5870967741935483,
            0.0,
            0.6903225806451613,
            0.6387096774193548
        ],
        "all_results": [
            [
                0.7935483870967742,
                0.5870967741935483,
                0.0,
                0.6903225806451613,
                0.6387096774193548
            ],
            [
                0.0,
                0.0,
                0.0,
                0.6903225806451613,
                0.0
            ]
        ],
        "epoches": [
            0,
            10
        ]
    },
    "test_avg_f1": {
        "best_results": [
            0.8848920863309353,
            0.7398373983739838,
            0.0,
            0.8167938931297709,
            0.7795275590551181
        ],
        "all_results": [
            [
                0.8848920863309353,
                0.7398373983739838,
                0.0,
                0.8167938931297709,
                0.7795275590551181
            ],
            [
                0.0,
                0.0,
                0.0,
                0.8167938931297709,
                0.0
            ]
        ],
        "epoches": [
            0,
            10
        ]
    },
    "test_avg_accuracy": {
        "best_results": [
            0.7935484051704407,
            0.5870967507362366,
            0.4838709533214569,
            0.6903225779533386,
            0.6387096643447876
        ],
        "all_results": [
            [
                0.7935484051704407,
                0.5870967507362366,
                0.4838709533214569,
                0.6903225779533386,
                0.6387096643447876
            ],
            [
                0.20645160973072052,
                0.41290321946144104,
                0.4838709533214569,
                0.6903225779533386,
                0.3612903356552124
            ]
        ],
        "epoches": [
            0,
            10
        ]
    }
}