{
    "train_avg_precision": {
        "best_results": [
            1.0,
            0.0,
            1.0,
            0.0,
            1.0
        ],
        "all_results": [
            [
                1.0,
                0.0,
                1.0,
                0.0,
                1.0
            ],
            [
                0.0,
                0.0,
                1.0,
                0.0,
                0.0
            ]
        ],
        "epoches": [
            0,
            10
        ]
    },
    "train_avg_recall": {
        "best_results": [
            0.5977272727272728,
            0.0,
            0.9068181818181819,
            0.0,
            0.5659090909090909
        ],
        "all_results": [
            [
                0.5977272727272728,
                0.0,
                0.9068181818181819,
                0.0,
                0.5659090909090909
            ],
            [
                0.0,
                0.0,
                0.9068181818181819,
                0.0,
                0.0
            ]
        ],
        "epoches": [
            0,
            10
        ]
    },
    "train_avg_f1": {
        "best_results": [
            0.7482219061166431,
            0.0,
            0.9511323003575686,
            0.0,
            0.7227866473149492
        ],
        "all_results": [
            [
                0.7482219061166431,
                0.0,
                0.9511323003575686,
                0.0,
                0.7227866473149492
            ],
            [
                0.0,
                0.0,
                0.9511323003575686,
                0.0,
                0.0
            ]
        ],
        "epoches": [
            0,
            10
        ]
    },
    "train_avg_accuracy": {
        "best_results": [
            0.5977272987365723,
            0.5090909004211426,
            0.9068182110786438,
            0.5272727012634277,
            0.5659090876579285
        ],
        "all_results": [
            [
                0.5977272987365723,
                0.5090909004211426,
                0.9068182110786438,
                0.5272727012634277,
                0.5659090876579285
            ],
            [
                0.4022727310657501,
                0.5090909004211426,
                0.9068182110786438,
                0.5272727012634277,
                0.43409091234207153
            ]
        ],
        "epoches": [
            0,
            10
        ]
    },
    "val_avg_precision": {
        "best_results": [
            1.0,
            0.0,
            1.0,
            0.0,
            1.0
        ],
        "all_results": [
            [
                1.0,
                0.0,
                1.0,
                0.0,
                1.0
            ],
            [
                0.0,
                0.0,
                1.0,
                0.0,
                0.0
            ]
        ],
        "epoches": [
            0,
            10
        ]
    },
    "val_avg_recall": {
        "best_results": [
            0.6530612244897959,
            0.0,
            0.8707482993197279,
            0.0,
            0.564625850340136
        ],
        "all_results": [
            [
                0.6530612244897959,
                0.0,
                0.8707482993197279,
                0.0,
                0.564625850340136
            ],
            [
                0.0,
                0.0,
                0.8707482993197279,
                0.0,
                0.0
            ]
        ],
        "epoches": [
            0,
            10
        ]
    },
    "val_avg_f1": {
        "best_results": [
            0.7901234567901235,
            0.0,
            0.9309090909090908,
            0.0,
            0.7217391304347825
        ],
        "all_results": [
            [
                0.7901234567901235,
                0.0,
                0.9309090909090908,
                0.0,
                0.7217391304347825
            ],
            [
                0.0,
                0.0,
                0.9309090909090908,
                0.0,
                0.0
            ]
        ],
        "epoches": [
            0,
            10
        ]
    },
    "val_avg_accuracy": {
        "best_results": [
            0.6530612111091614,
            0.4897959232330322,
            0.8707482814788818,
            0.5306122303009033,
            0.5646258592605591
        ],
        "all_results": [
            [
                0.6530612111091614,
                0.4897959232330322,
                0.8707482814788818,
                0.5306122303009033,
                0.5646258592605591
            ],
            [
                0.3469387888908386,
                0.4897959232330322,
                0.8707482814788818,
                0.5306122303009033,
                0.4353741407394409
            ]
        ],
        "epoches": [
            0,
            10
        ]
    },
    "test_avg_precision": {
        "best_results": [
            1.0,
            0.0,
            1.0,
            0.0,
            1.0
        ],
        "all_results": [
            [
                1.0,
                0.0,
                1.0,
                0.0,
                1.0
            ],
            [
                0.0,
                0.0,
                1.0,
                0.0,
                0.0
            ]
        ],
        "epoches": [
            0,
            10
        ]
    },
    "test_avg_recall": {
        "best_results": [
            0.7142857142857143,
            0.0,
            0.7278911564625851,
            0.0,
            0.5850340136054422
        ],
        "all_results": [
            [
                0.7142857142857143,
                0.0,
                0.7278911564625851,
                0.0,
                0.5850340136054422
            ],
            [
                0.0,
                0.0,
                0.7278911564625851,
                0.0,
                0.0
            ]
        ],
        "epoches": [
            0,
            10
        ]
    },
    "test_avg_f1": {
        "best_results": [
            0.8333333333333333,
            0.0,
            0.84251968503937,
            0.0,
            0.7381974248927039
        ],
        "all_results": [
            [
                0.8333333333333333,
                0.0,
                0.84251968503937,
                0.0,
                0.7381974248927039
            ],
            [
                0.0,
                0.0,
                0.84251968503937,
                0.0,
                0.0
            ]
        ],
        "epoches": [
            0,
            10
        ]
    },
    "test_avg_accuracy": {
        "best_results": [
            0.7142857313156128,
            0.3877550959587097,
            0.7278911471366882,
            0.5102040767669678,
            0.5850340127944946
        ],
        "all_results": [
            [
                0.7142857313156128,
                0.3877550959587097,
                0.7278911471366882,
                0.5102040767669678,
                0.5850340127944946
            ],
            [
                0.2857142984867096,
                0.3877550959587097,
                0.7278911471366882,
                0.5102040767669678,
                0.41496598720550537
            ]
        ],
        "epoches": [
            0,
            10
        ]
    }
}