{
    "train_avg_precision": {
        "best_results": [
            1.0,
            1.0,
            0.0,
            1.0,
            1.0
        ],
        "all_results": [
            [
                1.0,
                1.0,
                0.0,
                1.0,
                1.0
            ],
            [
                1.0,
                0.0,
                0.0,
                0.048582995951417005,
                0.0
            ],
            [
                1.0,
                0.0,
                0.0,
                1.0,
                0.0
            ]
        ],
        "epoches": [
            0,
            10,
            20
        ]
    },
    "train_avg_recall": {
        "best_results": [
            0.9136690647482014,
            0.49640287769784175,
            0.0,
            0.6666666666666666,
            0.41007194244604317
        ],
        "all_results": [
            [
                0.9136690647482014,
                0.49640287769784175,
                0.0,
                0.6666666666666666,
                0.41007194244604317
            ],
            [
                0.9136690647482014,
                0.0,
                0.0,
                0.6666666666666666,
                0.0
            ],
            [
                0.9136690647482014,
                0.0,
                0.0,
                0.592326139088729,
                0.0
            ]
        ],
        "epoches": [
            0,
            10,
            20
        ]
    },
    "train_avg_f1": {
        "best_results": [
            0.9548872180451127,
            0.6634615384615384,
            0.0,
            0.7439759036144579,
            0.5816326530612245
        ],
        "all_results": [
            [
                0.9548872180451127,
                0.6634615384615384,
                0.0,
                0.7439759036144579,
                0.5816326530612245
            ],
            [
                0.9548872180451127,
                0.0,
                0.0,
                0.09056603773584906,
                0.0
            ],
            [
                0.9548872180451127,
                0.0,
                0.0,
                0.7439759036144579,
                0.0
            ]
        ],
        "epoches": [
            0,
            10,
            20
        ]
    },
    "train_avg_accuracy": {
        "best_results": [
            0.9136690497398376,
            0.5035971403121948,
            0.5371702909469604,
            0.5923261642456055,
            0.5899280309677124
        ],
        "all_results": [
            [
                0.9136690497398376,
                0.5035971403121948,
                0.5371702909469604,
                0.5923261642456055,
                0.5899280309677124
            ],
            [
                0.9136690497398376,
                0.5035971403121948,
                0.5371702909469604,
                0.42206233739852905,
                0.5899280309677124
            ],
            [
                0.9136690497398376,
                0.5035971403121948,
                0.5371702909469604,
                0.5923261642456055,
                0.5899280309677124
            ]
        ],
        "epoches": [
            0,
            10,
            20
        ]
    },
    "val_avg_precision": {
        "best_results": [
            1.0,
            1.0,
            0.0,
            1.0,
            1.0
        ],
        "all_results": [
            [
                1.0,
                1.0,
                0.0,
                1.0,
                1.0
            ],
            [
                1.0,
                0.0,
                0.0,
                0.04950495049504951,
                0.0
            ],
            [
                1.0,
                0.0,
                0.0,
                1.0,
                0.0
            ]
        ],
        "epoches": [
            0,
            10,
            20
        ]
    },
    "val_avg_recall": {
        "best_results": [
            0.85,
            0.55,
            0.0,
            0.7214285714285714,
            0.4928571428571429
        ],
        "all_results": [
            [
                0.85,
                0.55,
                0.0,
                0.7214285714285714,
                0.4928571428571429
            ],
            [
                0.85,
                0.0,
                0.0,
                0.5,
                0.0
            ],
            [
                0.85,
                0.0,
                0.0,
                0.7214285714285714,
                0.0
            ]
        ],
        "epoches": [
            0,
            10,
            20
        ]
    },
    "val_avg_f1": {
        "best_results": [
            0.9189189189189189,
            0.7096774193548387,
            0.0,
            0.8381742738589211,
            0.6602870813397129
        ],
        "all_results": [
            [
                0.9189189189189189,
                0.7096774193548387,
                0.0,
                0.8381742738589211,
                0.6602870813397129
            ],
            [
                0.9189189189189189,
                0.0,
                0.0,
                0.09009009009009009,
                0.0
            ],
            [
                0.9189189189189189,
                0.0,
                0.0,
                0.8381742738589211,
                0.0
            ]
        ],
        "epoches": [
            0,
            10,
            20
        ]
    },
    "val_avg_accuracy": {
        "best_results": [
            0.8500000238418579,
            0.550000011920929,
            0.4928571283817291,
            0.7214285731315613,
            0.5071428418159485
        ],
        "all_results": [
            [
                0.8500000238418579,
                0.550000011920929,
                0.4928571283817291,
                0.7214285731315613,
                0.5071428418159485
            ],
            [
                0.8500000238418579,
                0.44999998807907104,
                0.4928571283817291,
                0.2785714268684387,
                0.5071428418159485
            ],
            [
                0.8500000238418579,
                0.44999998807907104,
                0.4928571283817291,
                0.7214285731315613,
                0.5071428418159485
            ]
        ],
        "epoches": [
            0,
            10,
            20
        ]
    },
    "test_avg_precision": {
        "best_results": [
            1.0,
            1.0,
            0.0,
            1.0,
            1.0
        ],
        "all_results": [
            [
                1.0,
                1.0,
                0.0,
                1.0,
                1.0
            ],
            [
                1.0,
                0.0,
                0.0,
                0.17391304347826086,
                0.0
            ],
            [
                1.0,
                0.0,
                0.0,
                1.0,
                0.0
            ]
        ],
        "epoches": [
            0,
            10,
            20
        ]
    },
    "test_avg_recall": {
        "best_results": [
            0.6906474820143885,
            0.7122302158273381,
            0.0,
            0.6618705035971223,
            0.41007194244604317
        ],