{
    "train_avg_precision": {
        "best_results": [
            1.0,
            0.0,
            1.0,
            1.0,
            1.0
        ],
        "all_results": [
            [
                1.0,
                0.0,
                1.0,
                1.0,
                1.0
            ],
            [
                0.0,
                0.0,
                1.0,
                0.0,
                0.0
            ],
            [
                0.0,
                0.0,
                1.0,
                0.0,
                0.0
            ]
        ],
        "epoches": [
            0,
            10,
            20
        ]
    },
    "train_avg_recall": {
        "best_results": [
            0.545045045045045,
            0.0,
            0.9076576576576577,
            0.5765765765765766,
            0.3716216216216216
        ],
        "all_results": [
            [
                0.545045045045045,
                0.0,
                0.9076576576576577,
                0.5765765765765766,
                0.3716216216216216
            ],
            [
                0.0,
                0.0,
                0.9076576576576577,
                0.0,
                0.0
            ],
            [
                0.0,
                0.0,
                0.9076576576576577,
                0.0,
                0.0
            ]
        ],
        "epoches": [
            0,
            10,
            20
        ]
    },
    "train_avg_f1": {
        "best_results": [
            0.705539358600583,
            0.0,
            0.9515938606847698,
            0.7314285714285714,
            0.541871921182266
        ],
        "all_results": [
            [
                0.705539358600583,
                0.0,
                0.9515938606847698,
                0.7314285714285714,
                0.541871921182266
            ],
            [
                0.0,
                0.0,
                0.9515938606847698,
                0.0,
                0.0
            ],
            [
                0.0,
                0.0,
                0.9515938606847698,
                0.0,
                0.0
            ]
        ],
        "epoches": [
            0,
            10,
            20
        ]
    },
    "train_avg_accuracy": {
        "best_results": [
            0.545045018196106,
            0.5405405163764954,
            0.9076576828956604,
            0.5765765905380249,
            0.6283783912658691
        ],
        "all_results": [
            [
                0.545045018196106,
                0.5405405163764954,
                0.9076576828956604,
                0.5765765905380249,
                0.6283783912658691
            ],
            [
                0.45495495200157166,
                0.5405405163764954,
                0.9076576828956604,
                0.4234234094619751,
                0.6283783912658691
            ],
            [
                0.45495495200157166,
                0.5405405163764954,
                0.9076576828956604,
                0.4234234094619751,
                0.6283783912658691
            ]
        ],
        "epoches": [
            0,
            10,
            20
        ]
    },
    "val_avg_precision": {
        "best_results": [
            1.0,
            0.0,
            1.0,
            1.0,
            1.0
        ],
        "all_results": [
            [
                1.0,
                0.0,
                1.0,
                1.0,
                1.0
            ],
            [
                0.0,
                0.0,
                1.0,
                0.0,
                0.0
            ],
            [
                0.0,
                0.0,
                1.0,
                0.0,
                0.0
            ]
        ],
        "epoches": [
            0,
            10,
            20
        ]
    },
    "val_avg_recall": {
        "best_results": [
            0.5472972972972973,
            0.0,
            0.8783783783783784,
            0.6891891891891891,
            0.581081081081081
        ],
        "all_results": [
            [
                0.5472972972972973,
                0.0,
                0.8783783783783784,
                0.6891891891891891,
                0.581081081081081
            ],
            [
                0.0,
                0.0,
                0.8783783783783784,
                0.0,
                0.0
            ],
            [
                0.0,
                0.0,
                0.8783783783783784,
                0.0,
                0.0
            ]
        ],
        "epoches": [
            0,
            10,
            20
        ]
    },
    "val_avg_f1": {
        "best_results": [
            0.7074235807860261,
            0.0,
            0.935251798561151,
            0.8160000000000001,
            0.735042735042735
        ],
        "all_results": [
            [
                0.7074235807860261,
                0.0,
                0.935251798561151,
                0.8160000000000001,
                0.735042735042735
            ],
            [
                0.0,
                0.0,
                0.935251798561151,
                0.0,
                0.0
            ],
            [
                0.0,
                0.0,
                0.935251798561151,
                0.0,
                0.0
            ]
        ],
        "epoches": [
            0,
            10,
            20
        ]
    },
    "val_avg_accuracy": {
        "best_results": [
            0.5472972989082336,
            0.5608108043670654,
            0.8783783912658691,
            0.6891891956329346,
            0.5810810923576355
        ],
        "all_results": [
            [
                0.5472972989082336,
                0.5608108043670654,
                0.8783783912658691,
                0.6891891956329346,
                0.5810810923576355
            ],
            [
                0.45270270109176636,
                0.5608108043670654,
                0.8783783912658691,
                0.31081080436706543,
                0.4189189076423645
            ],
            [
                0.45270270109176636,
                0.5608108043670654,
                0.8783783912658691,
                0.31081080436706543,
                0.4189189076423645
            ]
        ],
        "epoches": [
            0,
            10,
            20
        ]
    },
    "test_avg_precision": {
        "best_results": [
            1.0,
            0.0,
            1.0,
            1.0,
            1.0
        ],
        "all_results": [
            [
                1.0,
                0.0,
                1.0,
                1.0,
                1.0
            ],
            [
                0.0,
                0.0,
                1.0,
                0.0,
                0.0
            ],
            [
                0.0,
                0.0,
                1.0,
                0.009900990099009901,
                0.0
            ]
        ],
        "epoches": [
            0,
            10,
            20
        ]
    },
    "test_avg_recall": {
        "best_results": [
            0.7364864864864865,
            0.0,
            0.7905405405405406,
            1.0,
            0.6148648648648649
        ],
        "all_results": [
            [
                0.7364864864864865,
                0.0,
                0.7905405405405406,
                1.0,
                0.6148648648648649
            ],
            [
                0.0,
                0.0,
                0.7905405405405406,
                0.0,
                0.0
            ],
            [
                0.0,
                0.0,
                0.7905405405405406,
                1.0,
                0.0
            ]
        ],
        "epoches": [
            0,
            10,
            20
        ]
    },