{
    "train_avg_precision": {
        "best_results": [
            1.0,
            0.0,
            0.0,
            1.0,
            0.0
        ],
        "all_results": [
            [
                1.0,
                0.0,
                0.0,
                1.0,
                0.0
            ],
            [
                1.0,
                0.0,
                0.0,
                1.0,
                0.0
            ]
        ],
        "epoches": [
            0,
            10
        ]
    },
    "train_avg_recall": {
        "best_results": [
            0.8947368421052632,
            0.0,
            0.0,
            0.631578947368421,
            0.0
        ],
        "all_results": [
            [
                0.8947368421052632,
                0.0,
                0.0,
                0.631578947368421,
                0.0
            ],
            [
                0.8947368421052632,
                0.0,
                0.0,
                0.631578947368421,
                0.0
            ]
        ],
        "epoches": [
            0,
            10
        ]
    },
    "train_avg_f1": {
        "best_results": [
            0.9444444444444444,
            0.0,
            0.0,
            0.7741935483870968,
            0.0
        ],
        "all_results": [
            [
                0.9444444444444444,
                0.0,
                0.0,
                0.7741935483870968,
                0.0
            ],
            [
                0.9444444444444444,
                0.0,
                0.0,
                0.7741935483870968,
                0.0
            ]
        ],
        "epoches": [
            0,
            10
        ]
    },
    "train_avg_accuracy": {
        "best_results": [
            0.8947368264198303,
            0.490430623292923,
            0.4832535982131958,
            0.6315789222717285,
            0.5909090638160706
        ],
        "all_results": [
            [
                0.8947368264198303,
                0.490430623292923,
                0.4832535982131958,
                0.6315789222717285,
                0.5909090638160706
            ],
            [
                0.8947368264198303,
                0.490430623292923,
                0.4832535982131958,
                0.6315789222717285,
                0.5909090638160706
            ]
        ],
        "epoches": [
            0,
            10
        ]
    },
    "val_avg_precision": {
        "best_results": [
            1.0,
            0.0,
            0.0,
            1.0,
            0.0
        ],
        "all_results": [
            [
                1.0,
                0.0,
                0.0,
                1.0,
                0.0
            ],
            [
                1.0,
                0.0,
                0.0,
                1.0,
                0.0
            ]
        ],
        "epoches": [
            0,
            10
        ]
    },
    "val_avg_recall": {
        "best_results": [
            0.8928571428571429,
            0.0,
            0.0,
            0.6571428571428571,
            0.0
        ],
        "all_results": [
            [
                0.8928571428571429,
                0.0,
                0.0,
                0.6571428571428571,
                0.0
            ],
            [
                0.8928571428571429,
                0.0,
                0.0,
                0.6571428571428571,
                0.0
            ]
        ],
        "epoches": [
            0,
            10
        ]
    },
    "val_avg_f1": {
        "best_results": [
            0.9433962264150945,
            0.0,
            0.0,
            0.7931034482758621,
            0.0
        ],
        "all_results": [
            [
                0.9433962264150945,
                0.0,
                0.0,
                0.7931034482758621,
                0.0
            ],
            [
                0.9433962264150945,
                0.0,
                0.0,
                0.7931034482758621,
                0.0
            ]
        ],
        "epoches": [
            0,
            10
        ]
    },
    "val_avg_accuracy": {
        "best_results": [
            0.8928571343421936,
            0.4357142746448517,
            0.5,
            0.6571428775787354,
            0.5214285850524902
        ],
        "all_results": [
            [
                0.8928571343421936,
                0.4357142746448517,
                0.5,
                0.6571428775787354,
                0.5214285850524902
            ],
            [
                0.8928571343421936,
                0.4357142746448517,
                0.5,
                0.6571428775787354,
                0.5214285850524902
            ]
        ],
        "epoches": [
            0,
            10
        ]
    },
    "test_avg_precision": {
        "best_results": [
            1.0,
            0.0,
            0.0,
            1.0,
            0.0
        ],
        "all_results": [
            [
                1.0,
                0.0,
                0.0,
                1.0,
                0.0
            ],
            [
                1.0,
                0.0,
                0.0,
                1.0,
                0.0
            ]
        ],
        "epoches": [
            0,
            10
        ]
    },
    "test_avg_recall": {
        "best_results": [
            0.7050359712230215,
            0.0,
            0.0,
            0.5683453237410072,
            0.0
        ],
        "all_results": [
            [
                0.7050359712230215,
                0.0,
                0.0,
                0.5683453237410072,
                0.0
            ],
            [
                0.7050359712230215,
                0.0,
                0.0,
                0.5683453237410072,
                0.0
            ]
        ],
        "epoches": [
            0,
            10
        ]
    },
    "test_avg_f1": {
        "best_results": [
            0.8270042194092826,
            0.0,
            0.0,
            0.7247706422018348,
            0.0
        ],
        "all_results": [
            [
                0.8270042194092826,
                0.0,
                0.0,
                0.7247706422018348,
                0.0
            ],
            [
                0.8270042194092826,
                0.0,
                0.0,
                0.7247706422018348,
                0.0
            ]
        ],
        "epoches": [
            0,
            10
        ]
    },
    "test_avg_accuracy": {
        "best_results": [
            0.7050359845161438,
            0.1942446082830429,
            0.34532374143600464,
            0.568345308303833,
            0.5035971403121948
        ],
        "all_results": [
            [
                0.7050359845161438,
                0.1942446082830429,
                0.34532374143600464,
                0.568345308303833,
                0.5035971403121948
            ],
            [
                0.7050359845161438,
                0.1942446082830429,
                0.34532374143600464,
                0.568345308303833,
                0.5035971403121948
            ]
        ],
        "epoches": [
            0,
            10
        ]
    }
}