{
    "train_avg_precision": {
        "best_results": [
            0.0,
            0.0,
            1.0,
            0.0,
            0.0
        ],
        "all_results": [
            [
                0.0,
                0.0,
                1.0,
                0.0,
                0.0
            ],
            [
                0.0,
                0.0,
                1.0,
                0.0,
                0.0
            ],
            [
                0.0,
                0.0,
                1.0,
                0.0,
                0.0
            ]
        ],
        "epoches": [
            0,
            10,
            20
        ]
    },
    "train_avg_recall": {
        "best_results": [
            0.0,
            0.0,
            0.9193548387096774,
            0.0,
            0.0
        ],
        "all_results": [
            [
                0.0,
                0.0,
                0.9193548387096774,
                0.0,
                0.0
            ],
            [
                0.0,
                0.0,
                0.9193548387096774,
                0.0,
                0.0
            ],
            [
                0.0,
                0.0,
                0.9193548387096774,
                0.0,
                0.0
            ]
        ],
        "epoches": [
            0,
            10,
            20
        ]
    },
    "train_avg_f1": {
        "best_results": [
            0.0,
            0.0,
            0.9579831932773109,
            0.0,
            0.0
        ],
        "all_results": [
            [
                0.0,
                0.0,
                0.9579831932773109,
                0.0,
                0.0
            ],
            [
                0.0,
                0.0,
                0.9579831932773109,
                0.0,
                0.0
            ],
            [
                0.0,
                0.0,
                0.9579831932773109,
                0.0,
                0.0
            ]
        ],
        "epoches": [
            0,
            10,
            20
        ]
    },
    "train_avg_accuracy": {
        "best_results": [
            0.4650537669658661,
            0.5349462628364563,
            0.9193548560142517,
            0.39516130089759827,
            0.5779569745063782
        ],
        "all_results": [
            [
                0.4650537669658661,
                0.5349462628364563,
                0.9193548560142517,
                0.39516130089759827,
                0.5779569745063782
            ],
            [
                0.4650537669658661,
                0.5349462628364563,
                0.9193548560142517,
                0.39516130089759827,
                0.5779569745063782
            ],
            [
                0.4650537669658661,
                0.5349462628364563,
                0.9193548560142517,
                0.39516130089759827,
                0.5779569745063782
            ]
        ],
        "epoches": [
            0,
            10,
            20
        ]
    },
    "val_avg_precision": {
        "best_results": [
            0.0,
            0.0,
            1.0,
            0.0,
            0.0
        ],
        "all_results": [
            [
                0.0,
                0.0,
                1.0,
                0.0,
                0.0
            ],
            [
                0.0,
                0.0,
                1.0,
                0.0,
                0.0
            ],
            [
                0.0,
                0.0,
                1.0,
                0.0,
                0.0
            ]
        ],
        "epoches": [
            0,
            10,
            20
        ]
    },
    "val_avg_recall": {
        "best_results": [
            0.0,
            0.0,
            0.816,
            0.0,
            0.0
        ],
        "all_results": [
            [
                0.0,
                0.0,
                0.816,
                0.0,
                0.0
            ],
            [
                0.0,
                0.0,
                0.816,
                0.0,
                0.0
            ],
            [
                0.0,
                0.0,
                0.816,
                0.0,
                0.0
            ]
        ],
        "epoches": [
            0,
            10,
            20
        ]
    },
    "val_avg_f1": {
        "best_results": [
            0.0,
            0.0,
            0.8986784140969163,
            0.0,
            0.0
        ],
        "all_results": [
            [
                0.0,
                0.0,
                0.8986784140969163,
                0.0,
                0.0
            ],
            [
                0.0,
                0.0,
                0.8986784140969163,
                0.0,
                0.0
            ],
            [
                0.0,
                0.0,
                0.8986784140969163,
                0.0,
                0.0
            ]
        ],
        "epoches": [
            0,
            10,
            20
        ]
    },
    "val_avg_accuracy": {
        "best_results": [
            0.36800000071525574,
            0.46399998664855957,
            0.8159999847412109,
            0.31200000643730164,
            0.40799999237060547
        ],
        "all_results": [
            [
                0.36800000071525574,
                0.46399998664855957,
                0.8159999847412109,
                0.31200000643730164,
                0.40799999237060547
            ],
            [
                0.36800000071525574,
                0.46399998664855957,
                0.8159999847412109,
                0.31200000643730164,
                0.40799999237060547
            ],
            [
                0.36800000071525574,
                0.46399998664855957,
                0.8159999847412109,
                0.31200000643730164,
                0.40799999237060547
            ]
        ],
        "epoches": [
            0,
            10,
            20
        ]
    },
    "test_avg_precision": {
        "best_results": [
            0.0,
            0.0,
            1.0,
            0.0,
            0.0
        ],
        "all_results": [
            [
                0.0,
                0.0,
                1.0,
                0.0,
                0.0
            ],
            [
                0.0,
                0.0,
                1.0,
                0.0,
                0.0
            ],
            [
                0.0,
                0.0,
                1.0,
                0.0,
                0.0
            ]
        ],
        "epoches": [
            0,
            10,
            20
        ]
    },
    "test_avg_recall": {
        "best_results": [
            0.0,
            0.0,
            0.6209677419354839,
            0.0,
            0.0
        ],
        "all_results": [
            [
                0.0,
                0.0,
                0.6209677419354839,
                0.0,
                0.0
            ],
            [
                0.0,
                0.0,
                0.6209677419354839,
                0.0,
                0.0
            ],
            [
                0.0,
                0.0,
                0.6209677419354839,
                0.0,
                0.0
            ]
        ],
        "epoches": [
            0,
            10,
            20
        ]
    },
    "test_avg_f1": {
        "best_results": [
            0.0,
            0.0,
            0.7661691542288557,
            0.0,
            0.0
        ],