{
    "train_avg_precision": {
        "best_results": [
            1.0,
            0.0,
            1.0,
            0.0,
            0.0
        ],
        "all_results": [
            [
                1.0,
                0.0,
                1.0,
                0.0,
                0.0
            ],
            [
                1.0,
                0.0,
                1.0,
                0.0,
                0.0
            ],
            [
                1.0,
                0.0,
                1.0,
                0.0,
                0.0
            ]
        ],
        "epoches": [
            0,
            10,
            20
        ]
    },
    "train_avg_recall": {
        "best_results": [
            0.924119241192412,
            0.0,
            0.6368563685636857,
            0.0,
            0.0
        ],
        "all_results": [
            [
                0.924119241192412,
                0.0,
                0.6368563685636857,
                0.0,
                0.0
            ],
            [
                0.924119241192412,
                0.0,
                0.6368563685636857,
                0.0,
                0.0
            ],
            [
                0.924119241192412,
                0.0,
                0.6368563685636857,
                0.0,
                0.0
            ]
        ],
        "epoches": [
            0,
            10,
            20
        ]
    },
    "train_avg_f1": {
        "best_results": [
            0.9605633802816902,
            0.0,
            0.7781456953642384,
            0.0,
            0.0
        ],
        "all_results": [
            [
                0.9605633802816902,
                0.0,
                0.7781456953642384,
                0.0,
                0.0
            ],
            [
                0.9605633802816902,
                0.0,
                0.7781456953642384,
                0.0,
                0.0
            ],
            [
                0.9605633802816902,
                0.0,
                0.7781456953642384,
                0.0,
                0.0
            ]
        ],
        "epoches": [
            0,
            10,
            20
        ]
    },
    "train_avg_accuracy": {
        "best_results": [
            0.924119234085083,
            0.5230352282524109,
            0.6368563771247864,
            0.4850948452949524,
            0.6341463327407837
        ],
        "all_results": [
            [
                0.924119234085083,
                0.5230352282524109,
                0.6368563771247864,
                0.4850948452949524,
                0.6341463327407837
            ],
            [
                0.924119234085083,
                0.5230352282524109,
                0.6368563771247864,
                0.4850948452949524,
                0.6341463327407837
            ],
            [
                0.924119234085083,
                0.5230352282524109,
                0.6368563771247864,
                0.4850948452949524,
                0.6341463327407837
            ]
        ],
        "epoches": [
            0,
            10,
            20
        ]
    },
    "val_avg_precision": {
        "best_results": [
            1.0,
            0.0,
            1.0,
            0.0,
            0.0
        ],
        "all_results": [
            [
                1.0,
                0.0,
                1.0,
                0.0,
                0.0
            ],
            [
                1.0,
                0.0,
                1.0,
                0.0,
                0.0
            ],
            [
                1.0,
                0.0,
                1.0,
                0.0,
                0.0
            ]
        ],
        "epoches": [
            0,
            10,
            20
        ]
    },
    "val_avg_recall": {
        "best_results": [
            0.8455284552845529,
            0.0,
            0.6504065040650406,
            0.0,
            0.0
        ],
        "all_results": [
            [
                0.8455284552845529,
                0.0,
                0.6504065040650406,
                0.0,
                0.0
            ],
            [
                0.8455284552845529,
                0.0,
                0.6504065040650406,
                0.0,
                0.0
            ],
            [
                0.8455284552845529,
                0.0,
                0.6504065040650406,
                0.0,
                0.0
            ]
        ],
        "epoches": [
            0,
            10,
            20
        ]
    },
    "val_avg_f1": {
        "best_results": [
            0.9162995594713657,
            0.0,
            0.7881773399014779,
            0.0,
            0.0
        ],
        "all_results": [
            [
                0.9162995594713657,
                0.0,
                0.7881773399014779,
                0.0,
                0.0
            ],
            [
                0.9162995594713657,
                0.0,
                0.7881773399014779,
                0.0,
                0.0
            ],
            [
                0.9162995594713657,
                0.0,
                0.7881773399014779,
                0.0,
                0.0
            ]
        ],
        "epoches": [
            0,
            10,
            20
        ]
    },
    "val_avg_accuracy": {
        "best_results": [
            0.8455284833908081,
            0.47154471278190613,
            0.6504064798355103,
            0.43089431524276733,
            0.49593496322631836
        ],
        "all_results": [
            [
                0.8455284833908081,
                0.47154471278190613,
                0.6504064798355103,
                0.43089431524276733,
                0.49593496322631836
            ],
            [
                0.8455284833908081,
                0.47154471278190613,
                0.6504064798355103,
                0.43089431524276733,
                0.49593496322631836
            ],
            [
                0.8455284833908081,
                0.47154471278190613,
                0.6504064798355103,
                0.43089431524276733,
                0.49593496322631836
            ]
        ],
        "epoches": [
            0,
            10,
            20
        ]
    },
    "test_avg_precision": {
        "best_results": [
            1.0,
            0.0,
            1.0,
            0.0,
            0.0
        ],
        "all_results": [
            [
                1.0,
                0.0,
                1.0,
                0.0,
                0.0
            ],
            [
                1.0,
                0.0,
                1.0,
                0.0,
                0.0
            ],
            [
                1.0,
                0.0,
                1.0,
                0.0,
                0.0
            ]
        ],
        "epoches": [
            0,
            10,
            20
        ]
    },
    "test_avg_recall": {
        "best_results": [
            0.8130081300813008,
            0.0,
            0.7560975609756098,
            0.0,
            0.0
        ],
        "all_results": [
            [
                0.8130081300813008,
                0.0,
                0.7560975609756098,
                0.0,
                0.0
            ],
            [
                0.8130081300813008,
                0.0,
                0.7560975609756098,
                0.0,
                0.0
            ],
            [
                0.8130081300813008,
                0.0,
                0.7560975609756098,
                0.0,
                0.0
            ]
        ],
        "epoches": [
            0,
            10,
            20
        ]
    },