{
    "train_avg_precision": {
        "best_results": [
            1.0,
            0.9812925170068028,
            1.0,
            0.0,
            0.9982788296041308
        ],
        "all_results": [
            [
                1.0,
                0.9812925170068028,
                1.0,
                0.0,
                0.9982788296041308
            ],
            [
                1.0,
                0.9812925170068028,
                1.0,
                0.0,
                0.9845094664371773
            ]
        ],
        "epoches": [
            0,
            10
        ]
    },
    "train_avg_recall": {
        "best_results": [
            1.0,
            0.8254649499284692,
            1.0,
            0.0,
            0.8125
        ],
        "all_results": [
            [
                1.0,
                0.8254649499284692,
                1.0,
                0.0,
                0.8125
            ],
            [
                1.0,
                0.8254649499284692,
                1.0,
                0.0,
                0.8125
            ]
        ],
        "epoches": [
            0,
            10
        ]
    },
    "train_avg_f1": {
        "best_results": [
            1.0,
            0.8966588966588966,
            1.0,
            0.0,
            0.8957528957528957
        ],
        "all_results": [
            [
                1.0,
                0.8966588966588966,
                1.0,
                0.0,
                0.8957528957528957
            ],
            [
                1.0,
                0.8966588966588966,
                1.0,
                0.0,
                0.890272373540856
            ]
        ],
        "epoches": [
            0,
            10
        ]
    },
    "train_avg_accuracy": {
        "best_results": [
            1.0,
            0.8139860033988953,
            1.0,
            0.4419580399990082,
            0.811188817024231
        ],
        "all_results": [
            [
                1.0,
                0.8139860033988953,
                1.0,
                0.4419580399990082,
                0.811188817024231
            ],
            [
                1.0,
                0.8139860033988953,
                1.0,
                0.4419580399990082,
                0.8027971982955933
            ]
        ],
        "epoches": [
            0,
            10
        ]
    },
    "val_avg_precision": {
        "best_results": [
            1.0,
            0.935,
            1.0,
            0.0,
            0.9886363636363636
        ],
        "all_results": [
            [
                1.0,
                0.935,
                1.0,
                0.0,
                0.9886363636363636
            ],
            [
                1.0,
                0.935,
                1.0,
                0.0,
                0.9602272727272727
            ]
        ],
        "epoches": [
            0,
            10
        ]
    },
    "val_avg_recall": {
        "best_results": [
            1.0,
            0.8311111111111111,
            1.0,
            0.0,
            0.7379912663755459
        ],
        "all_results": [
            [
                1.0,
                0.8311111111111111,
                1.0,
                0.0,
                0.7379912663755459
            ],
            [
                1.0,
                0.8311111111111111,
                1.0,
                0.0,
                0.7379912663755459
            ]
        ],
        "epoches": [
            0,
            10
        ]
    },
    "val_avg_f1": {
        "best_results": [
            1.0,
            0.88,
            1.0,
            0.0,
            0.8426150121065376
        ],
        "all_results": [
            [
                1.0,
                0.88,
                1.0,
                0.0,
                0.8426150121065376
            ],
            [
                1.0,
                0.88,
                1.0,
                0.0,
                0.8345679012345679
            ]
        ],
        "epoches": [
            0,
            10
        ]
    },
    "val_avg_accuracy": {
        "best_results": [
            1.0,
            0.7866109013557434,
            1.0,
            0.4644351601600647,
            0.7280334830284119
        ],
        "all_results": [
            [
                1.0,
                0.7866109013557434,
                1.0,
                0.4644351601600647,
                0.7280334830284119
            ],
            [
                1.0,
                0.7866109013557434,
                1.0,
                0.4644351601600647,
                0.7196652889251709
            ]
        ],
        "epoches": [
            0,
            10
        ]
    },
    "test_avg_precision": {
        "best_results": [
            1.0,
            0.6878048780487804,
            1.0,
            0.0,
            0.810126582278481
        ],
        "all_results": [
            [
                1.0,
                0.6878048780487804,
                1.0,
                0.0,
                0.810126582278481
            ],
            [
                1.0,
                0.6878048780487804,
                1.0,
                0.0,
                0.740506329113924
            ]
        ],
        "epoches": [
            0,
            10
        ]
    },
    "test_avg_recall": {
        "best_results": [
            1.0,
            0.8294117647058824,
            1.0,
            0.0,
            0.7222222222222222
        ],
        "all_results": [
            [
                1.0,
                0.8294117647058824,
                1.0,
                0.0,
                0.7222222222222222
            ],
            [
                1.0,
                0.8294117647058824,
                1.0,
                0.0,
                0.7222222222222222
            ]
        ],
        "epoches": [
            0,
            10
        ]
    },
    "test_avg_f1": {
        "best_results": [
            1.0,
            0.752,
            1.0,
            0.0,
            0.761904761904762
        ],
        "all_results": [
            [
                1.0,
                0.752,
                1.0,
                0.0,
                0.761904761904762
            ],
            [
                1.0,
                0.752,
                1.0,
                0.0,
                0.73125
            ]
        ],
        "epoches": [
            0,
            10
        ]
    },
    "test_avg_accuracy": {
        "best_results": [
            1.0,
            0.6092436909675598,
            1.0,
            0.3445378243923187,
            0.6638655662536621
        ],
        "all_results": [
            [
                1.0,
                0.6092436909675598,
                1.0,
                0.3445378243923187,
                0.6638655662536621
            ],
            [
                1.0,
                0.6092436909675598,
                1.0,
                0.3445378243923187,
                0.6386554837226868
            ]
        ],
        "epoches": [
            0,
            10
        ]
    }
}