{
    "train_avg_precision": {
        "best_results": [
            1.0,
            1.0,
            0.0,
            0.0,
            1.0
        ],
        "all_results": [
            [
                1.0,
                1.0,
                0.0,
                0.0,
                1.0
            ],
            [
                1.0,
                1.0,
                0.0,
                0.0,
                0.0
            ]
        ],
        "epoches": [
            0,
            10
        ]
    },
    "train_avg_recall": {
        "best_results": [
            1.0,
            1.0,
            0.0,
            0.0,
            0.8284389489953632
        ],
        "all_results": [
            [
                1.0,
                1.0,
                0.0,
                0.0,
                0.8284389489953632
            ],
            [
                1.0,
                1.0,
                0.0,
                0.0,
                0.0
            ]
        ],
        "epoches": [
            0,
            10
        ]
    },
    "train_avg_f1": {
        "best_results": [
            1.0,
            1.0,
            0.0,
            0.0,
            0.9061707523245984
        ],
        "all_results": [
            [
                1.0,
                1.0,
                0.0,
                0.0,
                0.9061707523245984
            ],
            [
                1.0,
                1.0,
                0.0,
                0.0,
                0.0
            ]
        ],
        "epoches": [
            0,
            10
        ]
    },
    "train_avg_accuracy": {
        "best_results": [
            1.0,
            1.0,
            0.4513137638568878,
            0.19783616065979004,
            0.828438937664032
        ],
        "all_results": [
            [
                1.0,
                1.0,
                0.4513137638568878,
                0.19783616065979004,
                0.828438937664032
            ],
            [
                1.0,
                1.0,
                0.4513137638568878,
                0.19783616065979004,
                0.17156104743480682
            ]
        ],
        "epoches": [
            0,
            10
        ]
    },
    "val_avg_precision": {
        "best_results": [
            1.0,
            1.0,
            0.0,
            0.0,
            1.0
        ],
        "all_results": [
            [
                1.0,
                1.0,
                0.0,
                0.0,
                1.0
            ],
            [
                1.0,
                1.0,
                0.0,
                0.0,
                0.0
            ]
        ],
        "epoches": [
            0,
            10
        ]
    },
    "val_avg_recall": {
        "best_results": [
            1.0,
            1.0,
            0.0,
            0.0,
            0.8333333333333334
        ],
        "all_results": [
            [
                1.0,
                1.0,
                0.0,
                0.0,
                0.8333333333333334
            ],
            [
                1.0,
                1.0,
                0.0,
                0.0,
                0.0
            ]
        ],
        "epoches": [
            0,
            10
        ]
    },
    "val_avg_f1": {
        "best_results": [
            1.0,
            1.0,
            0.0,
            0.0,
            0.9090909090909091
        ],
        "all_results": [
            [
                1.0,
                1.0,
                0.0,
                0.0,
                0.9090909090909091
            ],
            [
                1.0,
                1.0,
                0.0,
                0.0,
                0.0
            ]
        ],
        "epoches": [
            0,
            10
        ]
    },
    "val_avg_accuracy": {
        "best_results": [
            1.0,
            1.0,
            0.45370370149612427,
            0.2222222238779068,
            0.8333333134651184
        ],
        "all_results": [
            [
                1.0,
                1.0,
                0.45370370149612427,
                0.2222222238779068,
                0.8333333134651184
            ],
            [
                1.0,
                1.0,
                0.45370370149612427,
                0.2222222238779068,
                0.1666666716337204
            ]
        ],
        "epoches": [
            0,
            10
        ]
    },
    "test_avg_precision": {
        "best_results": [
            1.0,
            1.0,
            0.0,
            0.0,
            1.0
        ],
        "all_results": [
            [
                1.0,
                1.0,
                0.0,
                0.0,
                1.0
            ],
            [
                1.0,
                1.0,
                0.0,
                0.0,
                0.0
            ]
        ],
        "epoches": [
            0,
            10
        ]
    },
    "test_avg_recall": {
        "best_results": [
            1.0,
            1.0,
            0.0,
            0.0,
            0.8796296296296297
        ],
        "all_results": [
            [
                1.0,
                1.0,
                0.0,
                0.0,
                0.8796296296296297
            ],
            [
                1.0,
                1.0,
                0.0,
                0.0,
                0.0
            ]
        ],
        "epoches": [
            0,
            10
        ]
    },
    "test_avg_f1": {
        "best_results": [
            1.0,
            1.0,
            0.0,
            0.0,
            0.9359605911330049
        ],
        "all_results": [
            [
                1.0,
                1.0,
                0.0,
                0.0,
                0.9359605911330049
            ],
            [
                1.0,
                1.0,
                0.0,
                0.0,
                0.0
            ]
        ],
        "epoches": [
            0,
            10
        ]
    },
    "test_avg_accuracy": {
        "best_results": [
            1.0,
            1.0,
            0.4722222089767456,
            0.29629629850387573,
            0.8796296119689941
        ],
        "all_results": [
            [
                1.0,
                1.0,
                0.4722222089767456,
                0.29629629850387573,
                0.8796296119689941
            ],
            [
                1.0,
                1.0,
                0.4722222089767456,
                0.29629629850387573,
                0.12037037312984467
            ]
        ],
        "epoches": [
            0,
            10
        ]
    }
}