{
    "train_avg_precision": {
        "best_results": [
            1.0,
            0.0,
            1.0,
            0.9966329966329966,
            1.0
        ],
        "all_results": [
            [
                1.0,
                0.0,
                1.0,
                0.9966329966329966,
                1.0
            ],
            [
                1.0,
                0.0,
                1.0,
                0.9966329966329966,
                0.0
            ]
        ],
        "epoches": [
            0,
            10
        ]
    },
    "train_avg_recall": {
        "best_results": [
            1.0,
            0.0,
            1.0,
            0.8554913294797688,
            0.547550432276657
        ],
        "all_results": [
            [
                1.0,
                0.0,
                1.0,
                0.8554913294797688,
                0.547550432276657
            ],
            [
                1.0,
                0.0,
                1.0,
                0.8554913294797688,
                0.0
            ]
        ],
        "epoches": [
            0,
            10
        ]
    },
    "train_avg_f1": {
        "best_results": [
            1.0,
            0.0,
            1.0,
            0.9206842923794712,
            0.707635009310987
        ],
        "all_results": [
            [
                1.0,
                0.0,
                1.0,
                0.9206842923794712,
                0.707635009310987
            ],
            [
                1.0,
                0.0,
                1.0,
                0.9206842923794712,
                0.0
            ]
        ],
        "epoches": [
            0,
            10
        ]
    },
    "train_avg_accuracy": {
        "best_results": [
            1.0,
            0.18155619502067566,
            1.0,
            0.8530259132385254,
            0.5475504398345947
        ],
        "all_results": [
            [
                1.0,
                0.18155619502067566,
                1.0,
                0.8530259132385254,
                0.5475504398345947
            ],
            [
                1.0,
                0.18155619502067566,
                1.0,
                0.8530259132385254,
                0.4524495601654053
            ]
        ],
        "epoches": [
            0,
            10
        ]
    },
    "val_avg_precision": {
        "best_results": [
            1.0,
            0.0,
            1.0,
            1.0,
            1.0
        ],
        "all_results": [
            [
                1.0,
                0.0,
                1.0,
                1.0,
                1.0
            ],
            [
                1.0,
                0.0,
                1.0,
                1.0,
                0.0
            ]
        ],
        "epoches": [
            0,
            10
        ]
    },
    "val_avg_recall": {
        "best_results": [
            1.0,
            0.0,
            1.0,
            0.8017241379310345,
            0.5603448275862069
        ],
        "all_results": [
            [
                1.0,
                0.0,
                1.0,
                0.8017241379310345,
                0.5603448275862069
            ],
            [
                1.0,
                0.0,
                1.0,
                0.8017241379310345,
                0.0
            ]
        ],
        "epoches": [
            0,
            10
        ]
    },
    "val_avg_f1": {
        "best_results": [
            1.0,
            0.0,
            1.0,
            0.8899521531100478,
            0.718232044198895
        ],
        "all_results": [
            [
                1.0,
                0.0,
                1.0,
                0.8899521531100478,
                0.718232044198895
            ],
            [
                1.0,
                0.0,
                1.0,
                0.8899521531100478,
                0.0
            ]
        ],
        "epoches": [
            0,
            10
        ]
    },
    "val_avg_accuracy": {
        "best_results": [
            1.0,
            0.22413793206214905,
            1.0,
            0.8017241358757019,
            0.5603448152542114
        ],
        "all_results": [
            [
                1.0,
                0.22413793206214905,
                1.0,
                0.8017241358757019,
                0.5603448152542114
            ],
            [
                1.0,
                0.22413793206214905,
                1.0,
                0.8017241358757019,
                0.4396551847457886
            ]
        ],
        "epoches": [
            0,
            10
        ]
    },
    "test_avg_precision": {
        "best_results": [
            1.0,
            0.0,
            1.0,
            1.0,
            1.0
        ],
        "all_results": [
            [
                1.0,
                0.0,
                1.0,
                1.0,
                1.0
            ],
            [
                1.0,
                0.0,
                1.0,
                1.0,
                0.0
            ]
        ],
        "epoches": [
            0,
            10
        ]
    },
    "test_avg_recall": {
        "best_results": [
            1.0,
            0.0,
            1.0,
            0.8793103448275862,
            0.5862068965517241
        ],
        "all_results": [
            [
                1.0,
                0.0,
                1.0,
                0.8793103448275862,
                0.5862068965517241
            ],
            [
                1.0,
                0.0,
                1.0,
                0.8793103448275862,
                0.0
            ]
        ],
        "epoches": [
            0,
            10
        ]
    },
    "test_avg_f1": {
        "best_results": [
            1.0,
            0.0,
            1.0,
            0.9357798165137614,
            0.7391304347826086
        ],
        "all_results": [
            [
                1.0,
                0.0,
                1.0,
                0.9357798165137614,
                0.7391304347826086
            ],
            [
                1.0,
                0.0,
                1.0,
                0.9357798165137614,
                0.0
            ]
        ],
        "epoches": [
            0,
            10
        ]
    },
    "test_avg_accuracy": {
        "best_results": [
            1.0,
            0.2068965584039688,
            1.0,
            0.8793103694915771,
            0.5862069129943848
        ],
        "all_results": [
            [
                1.0,
                0.2068965584039688,
                1.0,
                0.8793103694915771,
                0.5862069129943848
            ],
            [
                1.0,
                0.2068965584039688,
                1.0,
                0.8793103694915771,
                0.4137931168079376
            ]
        ],
        "epoches": [
            0,
            10
        ]
    }
}