{
    "train_avg_precision": {
        "best_results": [
            1.0,
            1.0,
            1.0,
            1.0,
            1.0
        ],
        "all_results": [
            [
                1.0,
                1.0,
                1.0,
                1.0,
                1.0
            ],
            [
                1.0,
                0.0,
                1.0,
                1.0,
                0.0
            ],
            [
                1.0,
                1.0,
                1.0,
                1.0,
                0.0
            ]
        ],
        "epoches": [
            0,
            10,
            20
        ]
    },
    "train_avg_recall": {
        "best_results": [
            0.9972451790633609,
            0.8154269972451791,
            1.0,
            0.9256198347107438,
            0.4931129476584022
        ],
        "all_results": [
            [
                0.9972451790633609,
                0.8154269972451791,
                1.0,
                0.9256198347107438,
                0.4931129476584022
            ],
            [
                0.9972451790633609,
                0.0,
                1.0,
                0.9256198347107438,
                0.0
            ],
            [
                0.9972451790633609,
                0.8154269972451791,
                1.0,
                0.9256198347107438,
                0.0
            ]
        ],
        "epoches": [
            0,
            10,
            20
        ]
    },
    "train_avg_f1": {
        "best_results": [
            0.9986206896551724,
            0.8983308042488619,
            1.0,
            0.9613733905579399,
            0.6605166051660516
        ],
        "all_results": [
            [
                0.9986206896551724,
                0.8983308042488619,
                1.0,
                0.9613733905579399,
                0.6605166051660516
            ],
            [
                0.9986206896551724,
                0.0,
                1.0,
                0.9613733905579399,
                0.0
            ],
            [
                0.9986206896551724,
                0.8983308042488619,
                1.0,
                0.9613733905579399,
                0.0
            ]
        ],
        "epoches": [
            0,
            10,
            20
        ]
    },
    "train_avg_accuracy": {
        "best_results": [
            0.997245192527771,
            0.8154270052909851,
            1.0,
            0.9256198406219482,
            0.5068870782852173
        ],
        "all_results": [
            [
                0.997245192527771,
                0.8154270052909851,
                1.0,
                0.9256198406219482,
                0.5068870782852173
            ],
            [
                0.997245192527771,
                0.1845730096101761,
                1.0,
                0.9256198406219482,
                0.5068870782852173
            ],
            [
                0.997245192527771,
                0.8154270052909851,
                1.0,
                0.9256198406219482,
                0.5068870782852173
            ]
        ],
        "epoches": [
            0,
            10,
            20
        ]
    },
    "val_avg_precision": {
        "best_results": [
            1.0,
            1.0,
            1.0,
            1.0,
            1.0
        ],
        "all_results": [
            [
                1.0,
                1.0,
                1.0,
                1.0,
                1.0
            ],
            [
                1.0,
                0.0,
                1.0,
                1.0,
                0.0
            ],
            [
                1.0,
                1.0,
                1.0,
                1.0,
                0.0
            ]
        ],
        "epoches": [
            0,
            10,
            20
        ]
    },
    "val_avg_recall": {
        "best_results": [
            1.0,
            0.768595041322314,
            1.0,
            0.9173553719008265,
            0.4793388429752066
        ],
        "all_results": [
            [
                1.0,
                0.768595041322314,
                1.0,
                0.9173553719008265,
                0.4793388429752066
            ],
            [
                1.0,
                0.0,
                1.0,
                0.9173553719008265,
                0.0
            ],
            [
                1.0,
                0.768595041322314,
                1.0,
                0.9173553719008265,
                0.0
            ]
        ],
        "epoches": [
            0,
            10,
            20
        ]
    },
    "val_avg_f1": {
        "best_results": [
            1.0,
            0.869158878504673,
            1.0,
            0.956896551724138,
            0.6480446927374302
        ],
        "all_results": [
            [
                1.0,
                0.869158878504673,
                1.0,
                0.956896551724138,
                0.6480446927374302
            ],
            [
                1.0,
                0.0,
                1.0,
                0.956896551724138,
                0.0
            ],
            [
                1.0,
                0.869158878504673,
                1.0,
                0.956896551724138,
                0.0
            ]
        ],
        "epoches": [
            0,
            10,
            20
        ]
    },
    "val_avg_accuracy": {
        "best_results": [
            1.0,
            0.7685950398445129,
            1.0,
            0.9173553586006165,
            0.5206611752510071
        ],
        "all_results": [
            [
                1.0,
                0.7685950398445129,
                1.0,
                0.9173553586006165,
                0.5206611752510071
            ],
            [
                1.0,
                0.23140496015548706,
                1.0,
                0.9173553586006165,
                0.5206611752510071
            ],
            [
                1.0,
                0.7685950398445129,
                1.0,
                0.9173553586006165,
                0.5206611752510071
            ]
        ],
        "epoches": [
            0,
            10,
            20
        ]
    },
    "test_avg_precision": {
        "best_results": [
            1.0,
            1.0,
            1.0,
            1.0,
            1.0
        ],
        "all_results": [
            [
                1.0,
                1.0,
                1.0,
                1.0,
                1.0
            ],
            [
                1.0,
                0.0,
                1.0,
                1.0,
                0.0
            ],
            [
                1.0,
                1.0,
                1.0,
                1.0,
                0.0
            ]
        ],
        "epoches": [
            0,
            10,
            20
        ]
    },
    "test_avg_recall": {
        "best_results": [
            0.9256198347107438,
            0.8925619834710744,
            1.0,
            0.8925619834710744,
            0.47107438016528924
        ],
        "all_results": [
            [
                0.9256198347107438,
                0.8925619834710744,
                1.0,
                0.8925619834710744,
                0.47107438016528924
            ],
            [
                0.9256198347107438,
                0.0,
                1.0,
                0.8925619834710744,
                0.0
            ],
            [
                0.9256198347107438,
                0.8925619834710744,
                1.0,
                0.8925619834710744,
                0.0
            ]
        ],
        "epoches": [
            0,
            10,
            20
        ]
    },