{
    "train_avg_precision": {
        "best_results": [
            1.0,
            1.0,
            1.0,
            0.0,
            1.0
        ],
        "all_results": [
            [
                1.0,
                1.0,
                1.0,
                0.0,
                1.0
            ],
            [
                1.0,
                1.0,
                1.0,
                0.0,
                1.0
            ]
        ],
        "epoches": [
            0,
            10
        ]
    },
    "train_avg_recall": {
        "best_results": [
            1.0,
            0.8979591836734694,
            1.0,
            0.0,
            0.804093567251462
        ],
        "all_results": [
            [
                1.0,
                0.8979591836734694,
                1.0,
                0.0,
                0.804093567251462
            ],
            [
                1.0,
                0.8979591836734694,
                1.0,
                0.0,
                0.804093567251462
            ]
        ],
        "epoches": [
            0,
            10
        ]
    },
    "train_avg_f1": {
        "best_results": [
            1.0,
            0.9462365591397849,
            1.0,
            0.0,
            0.8914100486223663
        ],
        "all_results": [
            [
                1.0,
                0.9462365591397849,
                1.0,
                0.0,
                0.8914100486223663
            ],
            [
                1.0,
                0.9462365591397849,
                1.0,
                0.0,
                0.8914100486223663
            ]
        ],
        "epoches": [
            0,
            10
        ]
    },
    "train_avg_accuracy": {
        "best_results": [
            1.0,
            0.8979591727256775,
            1.0,
            0.5189504623413086,
            0.8046647310256958
        ],
        "all_results": [
            [
                1.0,
                0.8979591727256775,
                1.0,
                0.5189504623413086,
                0.8046647310256958
            ],
            [
                1.0,
                0.8979591727256775,
                1.0,
                0.5189504623413086,
                0.8046647310256958
            ]
        ],
        "epoches": [
            0,
            10
        ]
    },
    "val_avg_precision": {
        "best_results": [
            1.0,
            1.0,
            1.0,
            0.0,
            0.9900990099009901
        ],
        "all_results": [
            [
                1.0,
                1.0,
                1.0,
                0.0,
                0.9900990099009901
            ],
            [
                1.0,
                1.0,
                1.0,
                0.0,
                0.9900990099009901
            ]
        ],
        "epoches": [
            0,
            10
        ]
    },
    "val_avg_recall": {
        "best_results": [
            1.0,
            0.8869565217391304,
            1.0,
            0.0,
            0.8928571428571429
        ],
        "all_results": [
            [
                1.0,
                0.8869565217391304,
                1.0,
                0.0,
                0.8928571428571429
            ],
            [
                1.0,
                0.8869565217391304,
                1.0,
                0.0,
                0.8928571428571429
            ]
        ],
        "epoches": [
            0,
            10
        ]
    },
    "val_avg_f1": {
        "best_results": [
            1.0,
            0.9400921658986175,
            1.0,
            0.0,
            0.9389671361502347
        ],
        "all_results": [
            [
                1.0,
                0.9400921658986175,
                1.0,
                0.0,
                0.9389671361502347
            ],
            [
                1.0,
                0.9400921658986175,
                1.0,
                0.0,
                0.9389671361502347
            ]
        ],
        "epoches": [
            0,
            10
        ]
    },
    "val_avg_accuracy": {
        "best_results": [
            1.0,
            0.886956512928009,
            1.0,
            0.48695650696754456,
            0.886956512928009
        ],
        "all_results": [
            [
                1.0,
                0.886956512928009,
                1.0,
                0.48695650696754456,
                0.886956512928009
            ],
            [
                1.0,
                0.886956512928009,
                1.0,
                0.48695650696754456,
                0.886956512928009
            ]
        ],
        "epoches": [
            0,
            10
        ]
    },
    "test_avg_precision": {
        "best_results": [
            1.0,
            1.0,
            1.0,
            0.0,
            0.9
        ],
        "all_results": [
            [
                1.0,
                1.0,
                1.0,
                0.0,
                0.9
            ],
            [
                1.0,
                1.0,
                1.0,
                0.0,
                0.9
            ]
        ],
        "epoches": [
            0,
            10
        ]
    },
    "test_avg_recall": {
        "best_results": [
            1.0,
            0.9043478260869565,
            1.0,
            0.0,
            0.81
        ],
        "all_results": [
            [
                1.0,
                0.9043478260869565,
                1.0,
                0.0,
                0.81
            ],
            [
                1.0,
                0.9043478260869565,
                1.0,
                0.0,
                0.81
            ]
        ],
        "epoches": [
            0,
            10
        ]
    },
    "test_avg_f1": {
        "best_results": [
            1.0,
            0.9497716894977168,
            1.0,
            0.0,
            0.8526315789473685
        ],
        "all_results": [
            [
                1.0,
                0.9497716894977168,
                1.0,
                0.0,
                0.8526315789473685
            ],
            [
                1.0,
                0.9497716894977168,
                1.0,
                0.0,
                0.8526315789473685
            ]
        ],
        "epoches": [
            0,
            10
        ]
    },
    "test_avg_accuracy": {
        "best_results": [
            1.0,
            0.904347836971283,
            1.0,
            0.40869563817977905,
            0.7565217614173889
        ],
        "all_results": [
            [
                1.0,
                0.904347836971283,
                1.0,
                0.40869563817977905,
                0.7565217614173889
            ],
            [
                1.0,
                0.904347836971283,
                1.0,
                0.40869563817977905,
                0.7565217614173889
            ]
        ],
        "epoches": [
            0,
            10
        ]
    }
}