{
    "train_avg_precision": {
        "best_results": [
            1.0,
            1.0,
            1.0,
            1.0,
            1.0
        ],
        "all_results": [
            [
                1.0,
                1.0,
                1.0,
                1.0,
                1.0
            ],
            [
                1.0,
                0.9920318725099602,
                1.0,
                0.0,
                1.0
            ]
        ],
        "epoches": [
            0,
            10
        ]
    },
    "train_avg_recall": {
        "best_results": [
            0.9968944099378882,
            0.7795031055900621,
            1.0,
            0.468944099378882,
            0.9130434782608695
        ],
        "all_results": [
            [
                0.9968944099378882,
                0.7795031055900621,
                1.0,
                0.468944099378882,
                0.9130434782608695
            ],
            [
                0.9968944099378882,
                0.778125,
                1.0,
                0.0,
                0.9130434782608695
            ]
        ],
        "epoches": [
            0,
            10
        ]
    },
    "train_avg_f1": {
        "best_results": [
            0.9984447900466563,
            0.8760907504363001,
            1.0,
            0.638477801268499,
            0.9545454545454545
        ],
        "all_results": [
            [
                0.9984447900466563,
                0.8760907504363001,
                1.0,
                0.638477801268499,
                0.9545454545454545
            ],
            [
                0.9984447900466563,
                0.87215411558669,
                1.0,
                0.0,
                0.9545454545454545
            ]
        ],
        "epoches": [
            0,
            10
        ]
    },
    "train_avg_accuracy": {
        "best_results": [
            0.9968944191932678,
            0.7795031070709229,
            1.0,
            0.5310559272766113,
            0.9130434989929199
        ],
        "all_results": [
            [
                0.9968944191932678,
                0.7795031070709229,
                1.0,
                0.5310559272766113,
                0.9130434989929199
            ],
            [
                0.9968944191932678,
                0.7732919454574585,
                1.0,
                0.5310559272766113,
                0.9130434989929199
            ]
        ],
        "epoches": [
            0,
            10
        ]
    },
    "val_avg_precision": {
        "best_results": [
            1.0,
            1.0,
            1.0,
            1.0,
            1.0
        ],
        "all_results": [
            [
                1.0,
                1.0,
                1.0,
                1.0,
                1.0
            ],
            [
                1.0,
                1.0,
                1.0,
                0.0,
                1.0
            ]
        ],
        "epoches": [
            0,
            10
        ]
    },
    "val_avg_recall": {
        "best_results": [
            0.9814814814814815,
            0.7757009345794392,
            1.0,
            0.5833333333333334,
            0.8055555555555556
        ],
        "all_results": [
            [
                0.9814814814814815,
                0.7757009345794392,
                1.0,
                0.5833333333333334,
                0.8055555555555556
            ],
            [
                0.9814814814814815,
                0.7757009345794392,
                1.0,
                0.0,
                0.8055555555555556
            ]
        ],
        "epoches": [
            0,
            10
        ]
    },
    "val_avg_f1": {
        "best_results": [
            0.9906542056074767,
            0.8736842105263157,
            1.0,
            0.7368421052631579,
            0.8923076923076924
        ],
        "all_results": [
            [
                0.9906542056074767,
                0.8736842105263157,
                1.0,
                0.7368421052631579,
                0.8923076923076924
            ],
            [
                0.9906542056074767,
                0.8736842105263157,
                1.0,
                0.0,
                0.8923076923076924
            ]
        ],
        "epoches": [
            0,
            10
        ]
    },
    "val_avg_accuracy": {
        "best_results": [
            0.9814814925193787,
            0.7777777910232544,
            1.0,
            0.5833333134651184,
            0.8055555820465088
        ],
        "all_results": [
            [
                0.9814814925193787,
                0.7777777910232544,
                1.0,
                0.5833333134651184,
                0.8055555820465088
            ],
            [
                0.9814814925193787,
                0.7777777910232544,
                1.0,
                0.4166666567325592,
                0.8055555820465088
            ]
        ],
        "epoches": [
            0,
            10
        ]
    },
    "test_avg_precision": {
        "best_results": [
            1.0,
            1.0,
            1.0,
            1.0,
            1.0
        ],
        "all_results": [
            [
                1.0,
                1.0,
                1.0,
                1.0,
                1.0
            ],
            [
                1.0,
                1.0,
                1.0,
                0.0,
                1.0
            ]
        ],
        "epoches": [
            0,
            10
        ]
    },
    "test_avg_recall": {
        "best_results": [
            0.9345794392523364,
            0.8095238095238095,
            1.0,
            0.4953271028037383,
            0.897196261682243
        ],
        "all_results": [
            [
                0.9345794392523364,
                0.8095238095238095,
                1.0,
                0.4953271028037383,
                0.897196261682243
            ],
            [
                0.9345794392523364,
                0.8095238095238095,
                1.0,
                0.0,
                0.897196261682243
            ]
        ],
        "epoches": [
            0,
            10
        ]
    },
    "test_avg_f1": {
        "best_results": [
            0.966183574879227,
            0.8947368421052632,
            1.0,
            0.6625,
            0.9458128078817734
        ],
        "all_results": [
            [
                0.966183574879227,
                0.8947368421052632,
                1.0,
                0.6625,
                0.9458128078817734
            ],
            [
                0.966183574879227,
                0.8947368421052632,
                1.0,
                0.0,
                0.9458128078817734
            ]
        ],
        "epoches": [
            0,
            10
        ]
    },
    "test_avg_accuracy": {
        "best_results": [
            0.9345794320106506,
            0.8130841255187988,
            1.0,
            0.5046728849411011,
            0.8971962332725525
        ],
        "all_results": [
            [
                0.9345794320106506,
                0.8130841255187988,
                1.0,
                0.5046728849411011,
                0.8971962332725525
            ],
            [
                0.9345794320106506,
                0.8130841255187988,
                1.0,
                0.5046728849411011,
                0.8971962332725525
            ]
        ],
        "epoches": [
            0,
            10
        ]
    }
}