{
    "train_avg_precision": {
        "best_results": [
            1.0,
            1.0,
            1.0,
            1.0,
            0.0
        ],
        "all_results": [
            [
                1.0,
                1.0,
                1.0,
                1.0,
                0.0
            ],
            [
                1.0,
                1.0,
                1.0,
                1.0,
                0.0
            ]
        ],
        "epoches": [
            0,
            10
        ]
    },
    "train_avg_recall": {
        "best_results": [
            1.0,
            0.8282828282828283,
            1.0,
            0.8787878787878788,
            0.0
        ],
        "all_results": [
            [
                1.0,
                0.8282828282828283,
                1.0,
                0.8787878787878788,
                0.0
            ],
            [
                1.0,
                0.8282828282828283,
                1.0,
                0.8787878787878788,
                0.0
            ]
        ],
        "epoches": [
            0,
            10
        ]
    },
    "train_avg_f1": {
        "best_results": [
            1.0,
            0.9060773480662984,
            1.0,
            0.9354838709677419,
            0.0
        ],
        "all_results": [
            [
                1.0,
                0.9060773480662984,
                1.0,
                0.9354838709677419,
                0.0
            ],
            [
                1.0,
                0.9060773480662984,
                1.0,
                0.9354838709677419,
                0.0
            ]
        ],
        "epoches": [
            0,
            10
        ]
    },
    "train_avg_accuracy": {
        "best_results": [
            1.0,
            0.8282828330993652,
            1.0,
            0.8787878751754761,
            0.5488215684890747
        ],
        "all_results": [
            [
                1.0,
                0.8282828330993652,
                1.0,
                0.8787878751754761,
                0.5488215684890747
            ],
            [
                1.0,
                0.8282828330993652,
                1.0,
                0.8787878751754761,
                0.5488215684890747
            ]
        ],
        "epoches": [
            0,
            10
        ]
    },
    "val_avg_precision": {
        "best_results": [
            1.0,
            1.0,
            1.0,
            1.0,
            0.0
        ],
        "all_results": [
            [
                1.0,
                1.0,
                1.0,
                1.0,
                0.0
            ],
            [
                1.0,
                1.0,
                1.0,
                1.0,
                0.0
            ]
        ],
        "epoches": [
            0,
            10
        ]
    },
    "val_avg_recall": {
        "best_results": [
            1.0,
            0.7777777777777778,
            1.0,
            0.8383838383838383,
            0.0
        ],
        "all_results": [
            [
                1.0,
                0.7777777777777778,
                1.0,
                0.8383838383838383,
                0.0
            ],
            [
                1.0,
                0.7777777777777778,
                1.0,
                0.8383838383838383,
                0.0
            ]
        ],
        "epoches": [
            0,
            10
        ]
    },
    "val_avg_f1": {
        "best_results": [
            1.0,
            0.8750000000000001,
            1.0,
            0.9120879120879121,
            0.0
        ],
        "all_results": [
            [
                1.0,
                0.8750000000000001,
                1.0,
                0.9120879120879121,
                0.0
            ],
            [
                1.0,
                0.8750000000000001,
                1.0,
                0.9120879120879121,
                0.0
            ]
        ],
        "epoches": [
            0,
            10
        ]
    },
    "val_avg_accuracy": {
        "best_results": [
            1.0,
            0.7777777910232544,
            1.0,
            0.8383838534355164,
            0.4545454680919647
        ],
        "all_results": [
            [
                1.0,
                0.7777777910232544,
                1.0,
                0.8383838534355164,
                0.4545454680919647
            ],
            [
                1.0,
                0.7777777910232544,
                1.0,
                0.8383838534355164,
                0.4545454680919647
            ]
        ],
        "epoches": [
            0,
            10
        ]
    },
    "test_avg_precision": {
        "best_results": [
            1.0,
            1.0,
            1.0,
            1.0,
            0.0
        ],
        "all_results": [
            [
                1.0,
                1.0,
                1.0,
                1.0,
                0.0
            ],
            [
                1.0,
                1.0,
                1.0,
                1.0,
                0.0
            ]
        ],
        "epoches": [
            0,
            10
        ]
    },
    "test_avg_recall": {
        "best_results": [
            1.0,
            0.8484848484848485,
            1.0,
            0.8080808080808081,
            0.0
        ],
        "all_results": [
            [
                1.0,
                0.8484848484848485,
                1.0,
                0.8080808080808081,
                0.0
            ],
            [
                1.0,
                0.8484848484848485,
                1.0,
                0.8080808080808081,
                0.0
            ]
        ],
        "epoches": [
            0,
            10
        ]
    },
    "test_avg_f1": {
        "best_results": [
            1.0,
            0.9180327868852458,
            1.0,
            0.893854748603352,
            0.0
        ],
        "all_results": [
            [
                1.0,
                0.9180327868852458,
                1.0,
                0.893854748603352,
                0.0
            ],
            [
                1.0,
                0.9180327868852458,
                1.0,
                0.893854748603352,
                0.0
            ]
        ],
        "epoches": [
            0,
            10
        ]
    },
    "test_avg_accuracy": {
        "best_results": [
            1.0,
            0.8484848737716675,
            1.0,
            0.808080792427063,
            0.4747474789619446
        ],
        "all_results": [
            [
                1.0,
                0.8484848737716675,
                1.0,
                0.808080792427063,
                0.4747474789619446
            ],
            [
                1.0,
                0.8484848737716675,
                1.0,
                0.808080792427063,
                0.4747474789619446
            ]
        ],
        "epoches": [
            0,
            10
        ]
    }
}