{
    "train_avg_precision": {
        "best_results": [
            1.0,
            1.0,
            1.0,
            0.0,
            1.0
        ],
        "all_results": [
            [
                1.0,
                1.0,
                1.0,
                0.0,
                1.0
            ],
            [
                1.0,
                0.9563106796116505,
                1.0,
                0.0,
                1.0
            ],
            [
                1.0,
                1.0,
                1.0,
                0.0,
                1.0
            ]
        ],
        "epoches": [
            0,
            10,
            20
        ]
    },
    "train_avg_recall": {
        "best_results": [
            1.0,
            0.8312236286919831,
            1.0,
            0.0,
            0.876
        ],
        "all_results": [
            [
                1.0,
                0.8312236286919831,
                1.0,
                0.0,
                0.876
            ],
            [
                1.0,
                0.8312236286919831,
                1.0,
                0.0,
                0.876
            ],
            [
                1.0,
                0.824,
                1.0,
                0.0,
                0.876
            ]
        ],
        "epoches": [
            0,
            10,
            20
        ]
    },
    "train_avg_f1": {
        "best_results": [
            1.0,
            0.9035087719298246,
            1.0,
            0.0,
            0.933901918976546
        ],
        "all_results": [
            [
                1.0,
                0.9035087719298246,
                1.0,
                0.0,
                0.933901918976546
            ],
            [
                1.0,
                0.8893905191873588,
                1.0,
                0.0,
                0.933901918976546
            ],
            [
                1.0,
                0.9035087719298246,
                1.0,
                0.0,
                0.933901918976546
            ]
        ],
        "epoches": [
            0,
            10,
            20
        ]
    },
    "train_avg_accuracy": {
        "best_results": [
            1.0,
            0.8240000009536743,
            1.0,
            0.5479999780654907,
            0.8759999871253967
        ],
        "all_results": [
            [
                1.0,
                0.8240000009536743,
                1.0,
                0.5479999780654907,
                0.8759999871253967
            ],
            [
                1.0,
                0.8040000200271606,
                1.0,
                0.5479999780654907,
                0.8759999871253967
            ],
            [
                1.0,
                0.8240000009536743,
                1.0,
                0.5479999780654907,
                0.8759999871253967
            ]
        ],
        "epoches": [
            0,
            10,
            20
        ]
    },
    "val_avg_precision": {
        "best_results": [
            1.0,
            1.0,
            1.0,
            0.0,
            1.0
        ],
        "all_results": [
            [
                1.0,
                1.0,
                1.0,
                0.0,
                1.0
            ],
            [
                1.0,
                0.8955223880597015,
                1.0,
                0.0,
                1.0
            ],
            [
                1.0,
                1.0,
                1.0,
                0.0,
                1.0
            ]
        ],
        "epoches": [
            0,
            10,
            20
        ]
    },
    "val_avg_recall": {
        "best_results": [
            1.0,
            0.8333333333333334,
            1.0,
            0.0,
            0.8809523809523809
        ],
        "all_results": [
            [
                1.0,
                0.8333333333333334,
                1.0,
                0.0,
                0.8809523809523809
            ],
            [
                1.0,
                0.8333333333333334,
                1.0,
                0.0,
                0.8809523809523809
            ],
            [
                1.0,
                0.7976190476190477,
                1.0,
                0.0,
                0.8809523809523809
            ]
        ],
        "epoches": [
            0,
            10,
            20
        ]
    },
    "val_avg_f1": {
        "best_results": [
            1.0,
            0.8874172185430463,
            1.0,
            0.0,
            0.9367088607594937
        ],
        "all_results": [
            [
                1.0,
                0.8874172185430463,
                1.0,
                0.0,
                0.9367088607594937
            ],
            [
                1.0,
                0.8633093525179857,
                1.0,
                0.0,
                0.9367088607594937
            ],
            [
                1.0,
                0.8874172185430463,
                1.0,
                0.0,
                0.9367088607594937
            ]
        ],
        "epoches": [
            0,
            10,
            20
        ]
    },
    "val_avg_accuracy": {
        "best_results": [
            1.0,
            0.7976190447807312,
            1.0,
            0.5714285969734192,
            0.8809523582458496
        ],
        "all_results": [
            [
                1.0,
                0.7976190447807312,
                1.0,
                0.5714285969734192,
                0.8809523582458496
            ],
            [
                1.0,
                0.773809552192688,
                1.0,
                0.5714285969734192,
                0.8809523582458496
            ],
            [
                1.0,
                0.7976190447807312,
                1.0,
                0.5714285969734192,
                0.8809523582458496
            ]
        ],
        "epoches": [
            0,
            10,
            20
        ]
    },
    "test_avg_precision": {
        "best_results": [
            1.0,
            1.0,
            1.0,
            0.0,
            1.0
        ],
        "all_results": [
            [
                1.0,
                1.0,
                1.0,
                0.0,
                1.0
            ],
            [
                1.0,
                0.7796610169491526,
                1.0,
                0.0,
                1.0
            ],
            [
                1.0,
                1.0,
                1.0,
                0.0,
                1.0
            ]
        ],
        "epoches": [
            0,
            10,
            20
        ]
    },
    "test_avg_recall": {
        "best_results": [
            1.0,
            0.7301587301587301,
            1.0,
            0.0,
            0.8809523809523809
        ],
        "all_results": [
            [
                1.0,
                0.7301587301587301,
                1.0,
                0.0,
                0.8809523809523809
            ],
            [
                1.0,
                0.7301587301587301,
                1.0,
                0.0,
                0.8809523809523809
            ],
            [
                1.0,
                0.7023809523809523,
                1.0,
                0.0,
                0.8809523809523809
            ]
        ],
        "epoches": [
            0,
            10,
            20
        ]
    },
    "test_avg_f1": {
        "best_results": [
            1.0,
            0.8251748251748251,
            1.0,
            0.0,
            0.9367088607594937
        ],