{
    "train_avg_precision": {
        "best_results": [
            1.0,
            1.0,
            1.0,
            1.0,
            1.0
        ],
        "all_results": [
            [
                1.0,
                1.0,
                1.0,
                1.0,
                1.0
            ],
            [
                1.0,
                1.0,
                1.0,
                1.0,
                0.0
            ],
            [
                1.0,
                1.0,
                1.0,
                1.0,
                0.0
            ]
        ],
        "epoches": [
            0,
            10,
            20
        ]
    },
    "train_avg_recall": {
        "best_results": [
            1.0,
            0.8504273504273504,
            1.0,
            0.9166666666666666,
            0.45726495726495725
        ],
        "all_results": [
            [
                1.0,
                0.8504273504273504,
                1.0,
                0.9166666666666666,
                0.45726495726495725
            ],
            [
                1.0,
                0.8504273504273504,
                1.0,
                0.9166666666666666,
                0.0
            ],
            [
                1.0,
                0.8504273504273504,
                1.0,
                0.9166666666666666,
                0.0
            ]
        ],
        "epoches": [
            0,
            10,
            20
        ]
    },
    "train_avg_f1": {
        "best_results": [
            1.0,
            0.9191685912240184,
            1.0,
            0.9565217391304348,
            0.6275659824046921
        ],
        "all_results": [
            [
                1.0,
                0.9191685912240184,
                1.0,
                0.9565217391304348,
                0.6275659824046921
            ],
            [
                1.0,
                0.9191685912240184,
                1.0,
                0.9565217391304348,
                0.0
            ],
            [
                1.0,
                0.9191685912240184,
                1.0,
                0.9565217391304348,
                0.0
            ]
        ],
        "epoches": [
            0,
            10,
            20
        ]
    },
    "train_avg_accuracy": {
        "best_results": [
            1.0,
            0.8504273295402527,
            1.0,
            0.9166666865348816,
            0.5427350401878357
        ],
        "all_results": [
            [
                1.0,
                0.8504273295402527,
                1.0,
                0.9166666865348816,
                0.5427350401878357
            ],
            [
                1.0,
                0.8504273295402527,
                1.0,
                0.9166666865348816,
                0.5427350401878357
            ],
            [
                1.0,
                0.8504273295402527,
                1.0,
                0.9166666865348816,
                0.5427350401878357
            ]
        ],
        "epoches": [
            0,
            10,
            20
        ]
    },
    "val_avg_precision": {
        "best_results": [
            1.0,
            1.0,
            1.0,
            1.0,
            1.0
        ],
        "all_results": [
            [
                1.0,
                1.0,
                1.0,
                1.0,
                1.0
            ],
            [
                1.0,
                1.0,
                1.0,
                1.0,
                0.0
            ],
            [
                1.0,
                1.0,
                1.0,
                1.0,
                0.0
            ]
        ],
        "epoches": [
            0,
            10,
            20
        ]
    },
    "val_avg_recall": {
        "best_results": [
            1.0,
            0.8152866242038217,
            1.0,
            0.8598726114649682,
            0.5222929936305732
        ],
        "all_results": [
            [
                1.0,
                0.8152866242038217,
                1.0,
                0.8598726114649682,
                0.5222929936305732
            ],
            [
                1.0,
                0.8152866242038217,
                1.0,
                0.8598726114649682,
                0.0
            ],
            [
                1.0,
                0.8152866242038217,
                1.0,
                0.8598726114649682,
                0.0
            ]
        ],
        "epoches": [
            0,
            10,
            20
        ]
    },
    "val_avg_f1": {
        "best_results": [
            1.0,
            0.8982456140350877,
            1.0,
            0.9246575342465754,
            0.6861924686192469
        ],
        "all_results": [
            [
                1.0,
                0.8982456140350877,
                1.0,
                0.9246575342465754,
                0.6861924686192469
            ],
            [
                1.0,
                0.8982456140350877,
                1.0,
                0.9246575342465754,
                0.0
            ],
            [
                1.0,
                0.8982456140350877,
                1.0,
                0.9246575342465754,
                0.0
            ]
        ],
        "epoches": [
            0,
            10,
            20
        ]
    },
    "val_avg_accuracy": {
        "best_results": [
            1.0,
            0.8152866363525391,
            1.0,
            0.8598726391792297,
            0.522292971611023
        ],
        "all_results": [
            [
                1.0,
                0.8152866363525391,
                1.0,
                0.8598726391792297,
                0.522292971611023
            ],
            [
                1.0,
                0.8152866363525391,
                1.0,
                0.8598726391792297,
                0.47770699858665466
            ],
            [
                1.0,
                0.8152866363525391,
                1.0,
                0.8598726391792297,
                0.47770699858665466
            ]
        ],
        "epoches": [
            0,
            10,
            20
        ]
    },
    "test_avg_precision": {
        "best_results": [
            1.0,
            1.0,
            1.0,
            1.0,
            1.0
        ],
        "all_results": [
            [
                1.0,
                1.0,
                1.0,
                1.0,
                1.0
            ],
            [
                1.0,
                1.0,
                1.0,
                1.0,
                0.0
            ],
            [
                1.0,
                1.0,
                1.0,
                1.0,
                0.0
            ]
        ],
        "epoches": [
            0,
            10,
            20
        ]
    },
    "test_avg_recall": {
        "best_results": [
            1.0,
            0.8782051282051282,
            1.0,
            0.7756410256410257,
            0.5897435897435898
        ],
        "all_results": [
            [
                1.0,
                0.8782051282051282,
                1.0,
                0.7756410256410257,
                0.5897435897435898
            ],
            [
                1.0,
                0.8782051282051282,
                1.0,
                0.7756410256410257,
                0.0
            ],
            [
                1.0,
                0.8782051282051282,
                1.0,
                0.7756410256410257,
                0.0
            ]
        ],
        "epoches": [
            0,
            10,
            20
        ]
    },
    "test_avg_f1": {
        "best_results": [
            1.0,
            0.9351535836177475,
            1.0,
            0.8736462093862817,
            0.7419354838709677
        ],