{
    "train_avg_precision": {
        "best_results": [
            1.0,
            0.0,
            1.0,
            1.0,
            0.0
        ],
        "all_results": [
            [
                1.0,
                0.0,
                1.0,
                1.0,
                0.0
            ],
            [
                1.0,
                0.0,
                1.0,
                0.0,
                0.0
            ]
        ],
        "epoches": [
            0,
            10
        ]
    },
    "train_avg_recall": {
        "best_results": [
            1.0,
            0.0,
            1.0,
            0.8348214285714286,
            0.0
        ],
        "all_results": [
            [
                1.0,
                0.0,
                1.0,
                0.8348214285714286,
                0.0
            ],
            [
                1.0,
                0.0,
                1.0,
                0.0,
                0.0
            ]
        ],
        "epoches": [
            0,
            10
        ]
    },
    "train_avg_f1": {
        "best_results": [
            1.0,
            0.0,
            1.0,
            0.9099756690997567,
            0.0
        ],
        "all_results": [
            [
                1.0,
                0.0,
                1.0,
                0.9099756690997567,
                0.0
            ],
            [
                1.0,
                0.0,
                1.0,
                0.0,
                0.0
            ]
        ],
        "epoches": [
            0,
            10
        ]
    },
    "train_avg_accuracy": {
        "best_results": [
            1.0,
            0.1830357164144516,
            1.0,
            0.8348214030265808,
            0.4620535671710968
        ],
        "all_results": [
            [
                1.0,
                0.1830357164144516,
                1.0,
                0.8348214030265808,
                0.4620535671710968
            ],
            [
                1.0,
                0.1830357164144516,
                1.0,
                0.1651785671710968,
                0.4620535671710968
            ]
        ],
        "epoches": [
            0,
            10
        ]
    },
    "val_avg_precision": {
        "best_results": [
            1.0,
            0.0,
            1.0,
            1.0,
            0.0
        ],
        "all_results": [
            [
                1.0,
                0.0,
                1.0,
                1.0,
                0.0
            ],
            [
                1.0,
                0.0,
                1.0,
                0.0,
                0.0
            ]
        ],
        "epoches": [
            0,
            10
        ]
    },
    "val_avg_recall": {
        "best_results": [
            1.0,
            0.0,
            1.0,
            0.74,
            0.0
        ],
        "all_results": [
            [
                1.0,
                0.0,
                1.0,
                0.74,
                0.0
            ],
            [
                1.0,
                0.0,
                1.0,
                0.0,
                0.0
            ]
        ],
        "epoches": [
            0,
            10
        ]
    },
    "val_avg_f1": {
        "best_results": [
            1.0,
            0.0,
            1.0,
            0.8505747126436781,
            0.0
        ],
        "all_results": [
            [
                1.0,
                0.0,
                1.0,
                0.8505747126436781,
                0.0
            ],
            [
                1.0,
                0.0,
                1.0,
                0.0,
                0.0
            ]
        ],
        "epoches": [
            0,
            10
        ]
    },
    "val_avg_accuracy": {
        "best_results": [
            1.0,
            0.1599999964237213,
            1.0,
            0.7400000095367432,
            0.41333332657814026
        ],
        "all_results": [
            [
                1.0,
                0.1599999964237213,
                1.0,
                0.7400000095367432,
                0.41333332657814026
            ],
            [
                1.0,
                0.1599999964237213,
                1.0,
                0.25999999046325684,
                0.41333332657814026
            ]
        ],
        "epoches": [
            0,
            10
        ]
    },
    "test_avg_precision": {
        "best_results": [
            1.0,
            0.0,
            1.0,
            1.0,
            0.0
        ],
        "all_results": [
            [
                1.0,
                0.0,
                1.0,
                1.0,
                0.0
            ],
            [
                1.0,
                0.0,
                1.0,
                0.0,
                0.0
            ]
        ],
        "epoches": [
            0,
            10
        ]
    },
    "test_avg_recall": {
        "best_results": [
            1.0,
            0.0,
            1.0,
            0.76,
            0.0
        ],
        "all_results": [
            [
                1.0,
                0.0,
                1.0,
                0.76,
                0.0
            ],
            [
                1.0,
                0.0,
                1.0,
                0.0,
                0.0
            ]
        ],
        "epoches": [
            0,
            10
        ]
    },
    "test_avg_f1": {
        "best_results": [
            1.0,
            0.0,
            1.0,
            0.8636363636363636,
            0.0
        ],
        "all_results": [
            [
                1.0,
                0.0,
                1.0,
                0.8636363636363636,
                0.0
            ],
            [
                1.0,
                0.0,
                1.0,
                0.0,
                0.0
            ]
        ],
        "epoches": [
            0,
            10
        ]
    },
    "test_avg_accuracy": {
        "best_results": [
            1.0,
            0.14000000059604645,
            1.0,
            0.7599999904632568,
            0.3400000035762787
        ],
        "all_results": [
            [
                1.0,
                0.14000000059604645,
                1.0,
                0.7599999904632568,
                0.3400000035762787
            ],
            [
                1.0,
                0.14000000059604645,
                1.0,
                0.23999999463558197,
                0.3400000035762787
            ]
        ],
        "epoches": [
            0,
            10
        ]
    }
}