{
    "train_avg_precision": {
        "best_results": [
            1.0,
            1.0,
            1.0,
            1.0,
            1.0
        ],
        "all_results": [
            [
                1.0,
                1.0,
                1.0,
                1.0,
                1.0
            ],
            [
                1.0,
                1.0,
                1.0,
                0.0,
                1.0
            ]
        ],
        "epoches": [
            0,
            10
        ]
    },
    "train_avg_recall": {
        "best_results": [
            1.0,
            0.8314606741573034,
            1.0,
            0.5438202247191011,
            0.8269662921348314
        ],
        "all_results": [
            [
                1.0,
                0.8314606741573034,
                1.0,
                0.5438202247191011,
                0.8269662921348314
            ],
            [
                1.0,
                0.8314606741573034,
                1.0,
                0.0,
                0.8269662921348314
            ]
        ],
        "epoches": [
            0,
            10
        ]
    },
    "train_avg_f1": {
        "best_results": [
            1.0,
            0.9079754601226994,
            1.0,
            0.7045123726346434,
            0.9052890528905289
        ],
        "all_results": [
            [
                1.0,
                0.9079754601226994,
                1.0,
                0.7045123726346434,
                0.9052890528905289
            ],
            [
                1.0,
                0.9079754601226994,
                1.0,
                0.0,
                0.9052890528905289
            ]
        ],
        "epoches": [
            0,
            10
        ]
    },
    "train_avg_accuracy": {
        "best_results": [
            1.0,
            0.8314606547355652,
            1.0,
            0.5438202023506165,
            0.8269662857055664
        ],
        "all_results": [
            [
                1.0,
                0.8314606547355652,
                1.0,
                0.5438202023506165,
                0.8269662857055664
            ],
            [
                1.0,
                0.8314606547355652,
                1.0,
                0.45617976784706116,
                0.8269662857055664
            ]
        ],
        "epoches": [
            0,
            10
        ]
    },
    "val_avg_precision": {
        "best_results": [
            1.0,
            1.0,
            1.0,
            1.0,
            1.0
        ],
        "all_results": [
            [
                1.0,
                1.0,
                1.0,
                1.0,
                1.0
            ],
            [
                1.0,
                1.0,
                1.0,
                0.0,
                1.0
            ]
        ],
        "epoches": [
            0,
            10
        ]
    },
    "val_avg_recall": {
        "best_results": [
            1.0,
            0.7919463087248322,
            1.0,
            0.46308724832214765,
            0.8187919463087249
        ],
        "all_results": [
            [
                1.0,
                0.7919463087248322,
                1.0,
                0.46308724832214765,
                0.8187919463087249
            ],
            [
                1.0,
                0.7919463087248322,
                1.0,
                0.0,
                0.8187919463087249
            ]
        ],
        "epoches": [
            0,
            10
        ]
    },
    "val_avg_f1": {
        "best_results": [
            1.0,
            0.8838951310861423,
            1.0,
            0.6330275229357799,
            0.900369003690037
        ],
        "all_results": [
            [
                1.0,
                0.8838951310861423,
                1.0,
                0.6330275229357799,
                0.900369003690037
            ],
            [
                1.0,
                0.8838951310861423,
                1.0,
                0.0,
                0.900369003690037
            ]
        ],
        "epoches": [
            0,
            10
        ]
    },
    "val_avg_accuracy": {
        "best_results": [
            1.0,
            0.791946291923523,
            1.0,
            0.536912739276886,
            0.818791925907135
        ],
        "all_results": [
            [
                1.0,
                0.791946291923523,
                1.0,
                0.536912739276886,
                0.818791925907135
            ],
            [
                1.0,
                0.791946291923523,
                1.0,
                0.536912739276886,
                0.818791925907135
            ]
        ],
        "epoches": [
            0,
            10
        ]
    },
    "test_avg_precision": {
        "best_results": [
            1.0,
            1.0,
            1.0,
            1.0,
            1.0
        ],
        "all_results": [
            [
                1.0,
                1.0,
                1.0,
                1.0,
                1.0
            ],
            [
                1.0,
                1.0,
                1.0,
                0.0,
                1.0
            ]
        ],
        "epoches": [
            0,
            10
        ]
    },
    "test_avg_recall": {
        "best_results": [
            1.0,
            0.777027027027027,
            1.0,
            0.5675675675675675,
            0.8040540540540541
        ],
        "all_results": [
            [
                1.0,
                0.777027027027027,
                1.0,
                0.5675675675675675,
                0.8040540540540541
            ],
            [
                1.0,
                0.777027027027027,
                1.0,
                0.0,
                0.8040540540540541
            ]
        ],
        "epoches": [
            0,
            10
        ]
    },
    "test_avg_f1": {
        "best_results": [
            1.0,
            0.8745247148288973,
            1.0,
            0.7241379310344828,
            0.8913857677902622
        ],
        "all_results": [
            [
                1.0,
                0.8745247148288973,
                1.0,
                0.7241379310344828,
                0.8913857677902622
            ],
            [
                1.0,
                0.8745247148288973,
                1.0,
                0.0,
                0.8913857677902622
            ]
        ],
        "epoches": [
            0,
            10
        ]
    },
    "test_avg_accuracy": {
        "best_results": [
            1.0,
            0.7770270109176636,
            1.0,
            0.5675675868988037,
            0.8040540814399719
        ],
        "all_results": [
            [
                1.0,
                0.7770270109176636,
                1.0,
                0.5675675868988037,
                0.8040540814399719
            ],
            [
                1.0,
                0.7770270109176636,
                1.0,
                0.4324324429035187,
                0.8040540814399719
            ]
        ],
        "epoches": [
            0,
            10
        ]
    }
}