{
    "train_avg_precision": {
        "best_results": [
            1.0,
            1.0,
            1.0,
            1.0,
            0.0
        ],
        "all_results": [
            [
                1.0,
                1.0,
                1.0,
                1.0,
                0.0
            ],
            [
                1.0,
                0.0,
                1.0,
                1.0,
                0.0
            ],
            [
                1.0,
                1.0,
                1.0,
                1.0,
                0.0
            ]
        ],
        "epoches": [
            0,
            10,
            20
        ]
    },
    "train_avg_recall": {
        "best_results": [
            1.0,
            0.8371040723981901,
            1.0,
            0.8506787330316742,
            0.0
        ],
        "all_results": [
            [
                1.0,
                0.8371040723981901,
                1.0,
                0.8506787330316742,
                0.0
            ],
            [
                1.0,
                0.0,
                1.0,
                0.8506787330316742,
                0.0
            ],
            [
                1.0,
                0.8371040723981901,
                1.0,
                0.8506787330316742,
                0.0
            ]
        ],
        "epoches": [
            0,
            10,
            20
        ]
    },
    "train_avg_f1": {
        "best_results": [
            1.0,
            0.9113300492610837,
            1.0,
            0.9193154034229828,
            0.0
        ],
        "all_results": [
            [
                1.0,
                0.9113300492610837,
                1.0,
                0.9193154034229828,
                0.0
            ],
            [
                1.0,
                0.0,
                1.0,
                0.9193154034229828,
                0.0
            ],
            [
                1.0,
                0.9113300492610837,
                1.0,
                0.9193154034229828,
                0.0
            ]
        ],
        "epoches": [
            0,
            10,
            20
        ]
    },
    "train_avg_accuracy": {
        "best_results": [
            1.0,
            0.837104082107544,
            1.0,
            0.8506787419319153,
            0.5113122463226318
        ],
        "all_results": [
            [
                1.0,
                0.837104082107544,
                1.0,
                0.8506787419319153,
                0.5113122463226318
            ],
            [
                1.0,
                0.16289593279361725,
                1.0,
                0.8506787419319153,
                0.5113122463226318
            ],
            [
                1.0,
                0.837104082107544,
                1.0,
                0.8506787419319153,
                0.5113122463226318
            ]
        ],
        "epoches": [
            0,
            10,
            20
        ]
    },
    "val_avg_precision": {
        "best_results": [
            1.0,
            1.0,
            1.0,
            1.0,
            0.0
        ],
        "all_results": [
            [
                1.0,
                1.0,
                1.0,
                1.0,
                0.0
            ],
            [
                1.0,
                0.0,
                1.0,
                1.0,
                0.0
            ],
            [
                1.0,
                1.0,
                1.0,
                1.0,
                0.0
            ]
        ],
        "epoches": [
            0,
            10,
            20
        ]
    },
    "val_avg_recall": {
        "best_results": [
            1.0,
            0.8581081081081081,
            1.0,
            0.8581081081081081,
            0.0
        ],
        "all_results": [
            [
                1.0,
                0.8581081081081081,
                1.0,
                0.8581081081081081,
                0.0
            ],
            [
                1.0,
                0.0,
                1.0,
                0.8581081081081081,
                0.0
            ],
            [
                1.0,
                0.8581081081081081,
                1.0,
                0.8581081081081081,
                0.0
            ]
        ],
        "epoches": [
            0,
            10,
            20
        ]
    },
    "val_avg_f1": {
        "best_results": [
            1.0,
            0.9236363636363636,
            1.0,
            0.9236363636363636,
            0.0
        ],
        "all_results": [
            [
                1.0,
                0.9236363636363636,
                1.0,
                0.9236363636363636,
                0.0
            ],
            [
                1.0,
                0.0,
                1.0,
                0.9236363636363636,
                0.0
            ],
            [
                1.0,
                0.9236363636363636,
                1.0,
                0.9236363636363636,
                0.0
            ]
        ],
        "epoches": [
            0,
            10,
            20
        ]
    },
    "val_avg_accuracy": {
        "best_results": [
            1.0,
            0.8581081032752991,
            1.0,
            0.8581081032752991,
            0.4864864945411682
        ],
        "all_results": [
            [
                1.0,
                0.8581081032752991,
                1.0,
                0.8581081032752991,
                0.4864864945411682
            ],
            [
                1.0,
                0.14189189672470093,
                1.0,
                0.8581081032752991,
                0.4864864945411682
            ],
            [
                1.0,
                0.8581081032752991,
                1.0,
                0.8581081032752991,
                0.4864864945411682
            ]
        ],
        "epoches": [
            0,
            10,
            20
        ]
    },
    "test_avg_precision": {
        "best_results": [
            1.0,
            1.0,
            1.0,
            1.0,
            0.0
        ],
        "all_results": [
            [
                1.0,
                1.0,
                1.0,
                1.0,
                0.0
            ],
            [
                1.0,
                0.0,
                1.0,
                1.0,
                0.0
            ],
            [
                1.0,
                1.0,
                1.0,
                1.0,
                0.0
            ]
        ],
        "epoches": [
            0,
            10,
            20
        ]
    },
    "test_avg_recall": {
        "best_results": [
            1.0,
            0.7364864864864865,
            1.0,
            0.8581081081081081,
            0.0
        ],
        "all_results": [
            [
                1.0,
                0.7364864864864865,
                1.0,
                0.8581081081081081,
                0.0
            ],
            [
                1.0,
                0.0,
                1.0,
                0.8581081081081081,
                0.0
            ],
            [
                1.0,
                0.7364864864864865,
                1.0,
                0.8581081081081081,
                0.0
            ]
        ],
        "epoches": [
            0,
            10,
            20
        ]
    },
    "test_avg_f1": {
        "best_results": [
            1.0,
            0.8482490272373542,
            1.0,
            0.9236363636363636,
            0.0
        ],