{
    "train_avg_precision": {
        "best_results": [
            1.0,
            1.0,
            1.0,
            0.0,
            1.0
        ],
        "all_results": [
            [
                1.0,
                1.0,
                1.0,
                0.0,
                1.0
            ],
            [
                1.0,
                1.0,
                1.0,
                0.0,
                1.0
            ]
        ],
        "epoches": [
            0,
            10
        ]
    },
    "train_avg_recall": {
        "best_results": [
            1.0,
            0.7969924812030075,
            1.0,
            0.0,
            0.8370927318295739
        ],
        "all_results": [
            [
                1.0,
                0.7969924812030075,
                1.0,
                0.0,
                0.8370927318295739
            ],
            [
                1.0,
                0.7969924812030075,
                1.0,
                0.0,
                0.8370927318295739
            ]
        ],
        "epoches": [
            0,
            10
        ]
    },
    "train_avg_f1": {
        "best_results": [
            1.0,
            0.8870292887029287,
            1.0,
            0.0,
            0.9113233287858117
        ],
        "all_results": [
            [
                1.0,
                0.8870292887029287,
                1.0,
                0.0,
                0.9113233287858117
            ],
            [
                1.0,
                0.8870292887029287,
                1.0,
                0.0,
                0.9113233287858117
            ]
        ],
        "epoches": [
            0,
            10
        ]
    },
    "train_avg_accuracy": {
        "best_results": [
            1.0,
            0.7969924807548523,
            1.0,
            0.45614033937454224,
            0.8370927572250366
        ],
        "all_results": [
            [
                1.0,
                0.7969924807548523,
                1.0,
                0.45614033937454224,
                0.8370927572250366
            ],
            [
                1.0,
                0.7969924807548523,
                1.0,
                0.45614033937454224,
                0.8370927572250366
            ]
        ],
        "epoches": [
            0,
            10
        ]
    },
    "val_avg_precision": {
        "best_results": [
            1.0,
            1.0,
            1.0,
            0.0,
            1.0
        ],
        "all_results": [
            [
                1.0,
                1.0,
                1.0,
                0.0,
                1.0
            ],
            [
                1.0,
                1.0,
                1.0,
                0.0,
                1.0
            ]
        ],
        "epoches": [
            0,
            10
        ]
    },
    "val_avg_recall": {
        "best_results": [
            1.0,
            0.7686567164179104,
            1.0,
            0.0,
            0.8134328358208955
        ],
        "all_results": [
            [
                1.0,
                0.7686567164179104,
                1.0,
                0.0,
                0.8134328358208955
            ],
            [
                1.0,
                0.7686567164179104,
                1.0,
                0.0,
                0.8134328358208955
            ]
        ],
        "epoches": [
            0,
            10
        ]
    },
    "val_avg_f1": {
        "best_results": [
            1.0,
            0.869198312236287,
            1.0,
            0.0,
            0.897119341563786
        ],
        "all_results": [
            [
                1.0,
                0.869198312236287,
                1.0,
                0.0,
                0.897119341563786
            ],
            [
                1.0,
                0.869198312236287,
                1.0,
                0.0,
                0.897119341563786
            ]
        ],
        "epoches": [
            0,
            10
        ]
    },
    "val_avg_accuracy": {
        "best_results": [
            1.0,
            0.7686567306518555,
            1.0,
            0.3955223858356476,
            0.8134328126907349
        ],
        "all_results": [
            [
                1.0,
                0.7686567306518555,
                1.0,
                0.3955223858356476,
                0.8134328126907349
            ],
            [
                1.0,
                0.7686567306518555,
                1.0,
                0.3955223858356476,
                0.8134328126907349
            ]
        ],
        "epoches": [
            0,
            10
        ]
    },
    "test_avg_precision": {
        "best_results": [
            1.0,
            1.0,
            1.0,
            0.0,
            1.0
        ],
        "all_results": [
            [
                1.0,
                1.0,
                1.0,
                0.0,
                1.0
            ],
            [
                1.0,
                1.0,
                1.0,
                0.0,
                1.0
            ]
        ],
        "epoches": [
            0,
            10
        ]
    },
    "test_avg_recall": {
        "best_results": [
            1.0,
            0.7969924812030075,
            1.0,
            0.0,
            0.8571428571428571
        ],
        "all_results": [
            [
                1.0,
                0.7969924812030075,
                1.0,
                0.0,
                0.8571428571428571
            ],
            [
                1.0,
                0.7969924812030075,
                1.0,
                0.0,
                0.8571428571428571
            ]
        ],
        "epoches": [
            0,
            10
        ]
    },
    "test_avg_f1": {
        "best_results": [
            1.0,
            0.8870292887029287,
            1.0,
            0.0,
            0.923076923076923
        ],
        "all_results": [
            [
                1.0,
                0.8870292887029287,
                1.0,
                0.0,
                0.923076923076923
            ],
            [
                1.0,
                0.8870292887029287,
                1.0,
                0.0,
                0.923076923076923
            ]
        ],
        "epoches": [
            0,
            10
        ]
    },
    "test_avg_accuracy": {
        "best_results": [
            1.0,
            0.7969924807548523,
            1.0,
            0.5112782120704651,
            0.8571428656578064
        ],
        "all_results": [
            [
                1.0,
                0.7969924807548523,
                1.0,
                0.5112782120704651,
                0.8571428656578064
            ],
            [
                1.0,
                0.7969924807548523,
                1.0,
                0.5112782120704651,
                0.8571428656578064
            ]
        ],
        "epoches": [
            0,
            10
        ]
    }
}