{
    "train_avg_precision": {
        "best_results": [
            1.0,
            1.0,
            1.0,
            1.0,
            1.0
        ],
        "all_results": [
            [
                1.0,
                1.0,
                1.0,
                1.0,
                1.0
            ],
            [
                1.0,
                1.0,
                1.0,
                1.0,
                0.0
            ],
            [
                1.0,
                1.0,
                1.0,
                1.0,
                0.0
            ]
        ],
        "epoches": [
            0,
            10,
            20
        ]
    },
    "train_avg_recall": {
        "best_results": [
            1.0,
            0.8575129533678757,
            1.0,
            0.8367875647668394,
            0.45077720207253885
        ],
        "all_results": [
            [
                1.0,
                0.8575129533678757,
                1.0,
                0.8367875647668394,
                0.45077720207253885
            ],
            [
                1.0,
                0.8575129533678757,
                1.0,
                0.8367875647668394,
                0.0
            ],
            [
                1.0,
                0.8575129533678757,
                1.0,
                0.8367875647668394,
                0.0
            ]
        ],
        "epoches": [
            0,
            10,
            20
        ]
    },
    "train_avg_f1": {
        "best_results": [
            1.0,
            0.9232914923291493,
            1.0,
            0.9111424541607899,
            0.6214285714285714
        ],
        "all_results": [
            [
                1.0,
                0.9232914923291493,
                1.0,
                0.9111424541607899,
                0.6214285714285714
            ],
            [
                1.0,
                0.9232914923291493,
                1.0,
                0.9111424541607899,
                0.0
            ],
            [
                1.0,
                0.9232914923291493,
                1.0,
                0.9111424541607899,
                0.0
            ]
        ],
        "epoches": [
            0,
            10,
            20
        ]
    },
    "train_avg_accuracy": {
        "best_results": [
            1.0,
            0.8575129508972168,
            1.0,
            0.8367875814437866,
            0.5492228269577026
        ],
        "all_results": [
            [
                1.0,
                0.8575129508972168,
                1.0,
                0.8367875814437866,
                0.5492228269577026
            ],
            [
                1.0,
                0.8575129508972168,
                1.0,
                0.8367875814437866,
                0.5492228269577026
            ],
            [
                1.0,
                0.8575129508972168,
                1.0,
                0.8367875814437866,
                0.5492228269577026
            ]
        ],
        "epoches": [
            0,
            10,
            20
        ]
    },
    "val_avg_precision": {
        "best_results": [
            1.0,
            1.0,
            1.0,
            1.0,
            1.0
        ],
        "all_results": [
            [
                1.0,
                1.0,
                1.0,
                1.0,
                1.0
            ],
            [
                1.0,
                1.0,
                1.0,
                1.0,
                0.0
            ],
            [
                1.0,
                1.0,
                1.0,
                1.0,
                0.0
            ]
        ],
        "epoches": [
            0,
            10,
            20
        ]
    },
    "val_avg_recall": {
        "best_results": [
            1.0,
            0.8372093023255814,
            1.0,
            0.875968992248062,
            0.4263565891472868
        ],
        "all_results": [
            [
                1.0,
                0.8372093023255814,
                1.0,
                0.875968992248062,
                0.4263565891472868
            ],
            [
                1.0,
                0.8372093023255814,
                1.0,
                0.875968992248062,
                0.0
            ],
            [
                1.0,
                0.8372093023255814,
                1.0,
                0.875968992248062,
                0.0
            ]
        ],
        "epoches": [
            0,
            10,
            20
        ]
    },
    "val_avg_f1": {
        "best_results": [
            1.0,
            0.9113924050632911,
            1.0,
            0.9338842975206612,
            0.5978260869565217
        ],
        "all_results": [
            [
                1.0,
                0.9113924050632911,
                1.0,
                0.9338842975206612,
                0.5978260869565217
            ],
            [
                1.0,
                0.9113924050632911,
                1.0,
                0.9338842975206612,
                0.0
            ],
            [
                1.0,
                0.9113924050632911,
                1.0,
                0.9338842975206612,
                0.0
            ]
        ],
        "epoches": [
            0,
            10,
            20
        ]
    },
    "val_avg_accuracy": {
        "best_results": [
            1.0,
            0.8372092843055725,
            1.0,
            0.8759689927101135,
            0.5736433863639832
        ],
        "all_results": [
            [
                1.0,
                0.8372092843055725,
                1.0,
                0.8759689927101135,
                0.5736433863639832
            ],
            [
                1.0,
                0.8372092843055725,
                1.0,
                0.8759689927101135,
                0.5736433863639832
            ],
            [
                1.0,
                0.8372092843055725,
                1.0,
                0.8759689927101135,
                0.5736433863639832
            ]
        ],
        "epoches": [
            0,
            10,
            20
        ]
    },
    "test_avg_precision": {
        "best_results": [
            1.0,
            1.0,
            1.0,
            1.0,
            1.0
        ],
        "all_results": [
            [
                1.0,
                1.0,
                1.0,
                1.0,
                1.0
            ],
            [
                1.0,
                1.0,
                1.0,
                1.0,
                0.0
            ],
            [
                1.0,
                1.0,
                1.0,
                1.0,
                0.0
            ]
        ],
        "epoches": [
            0,
            10,
            20
        ]
    },
    "test_avg_recall": {
        "best_results": [
            1.0,
            0.813953488372093,
            1.0,
            0.9302325581395349,
            0.43410852713178294
        ],
        "all_results": [
            [
                1.0,
                0.813953488372093,
                1.0,
                0.9302325581395349,
                0.43410852713178294
            ],
            [
                1.0,
                0.813953488372093,
                1.0,
                0.9302325581395349,
                0.0
            ],
            [
                1.0,
                0.813953488372093,
                1.0,
                0.9302325581395349,
                0.0
            ]
        ],
        "epoches": [
            0,
            10,
            20
        ]
    },
    "test_avg_f1": {
        "best_results": [
            1.0,
            0.8974358974358974,
            1.0,
            0.963855421686747,
            0.6054054054054054
        ],