{
    "train_avg_precision": {
        "best_results": [
            0.0,
            1.0,
            0.0,
            1.0,
            0.0
        ],
        "all_results": [
            [
                0.0,
                1.0,
                0.0,
                1.0,
                0.0
            ],
            [
                0.0,
                1.0,
                0.0,
                0.0,
                0.0
            ],
            [
                0.0,
                1.0,
                0.0,
                0.0,
                0.0
            ],
            [
                0.0,
                1.0,
                0.0,
                1.0,
                0.0
            ]
        ],
        "epoches": [
            0,
            10,
            20,
            30
        ]
    },
    "train_avg_recall": {
        "best_results": [
            0.0,
            0.9180790960451978,
            0.0,
            0.5310734463276836,
            0.0
        ],
        "all_results": [
            [
                0.0,
                0.9180790960451978,
                0.0,
                0.5310734463276836,
                0.0
            ],
            [
                0.0,
                0.9180790960451978,
                0.0,
                0.0,
                0.0
            ],
            [
                0.0,
                0.9180790960451978,
                0.0,
                0.0,
                0.0
            ],
            [
                0.0,
                0.9180790960451978,
                0.0,
                0.5310734463276836,
                0.0
            ]
        ],
        "epoches": [
            0,
            10,
            20,
            30
        ]
    },
    "train_avg_f1": {
        "best_results": [
            0.0,
            0.9572901325478645,
            0.0,
            0.6937269372693727,
            0.0
        ],
        "all_results": [
            [
                0.0,
                0.9572901325478645,
                0.0,
                0.6937269372693727,
                0.0
            ],
            [
                0.0,
                0.9572901325478645,
                0.0,
                0.0,
                0.0
            ],
            [
                0.0,
                0.9572901325478645,
                0.0,
                0.0,
                0.0
            ],
            [
                0.0,
                0.9572901325478645,
                0.0,
                0.6937269372693727,
                0.0
            ]
        ],
        "epoches": [
            0,
            10,
            20,
            30
        ]
    },
    "train_avg_accuracy": {
        "best_results": [
            0.612994372844696,
            0.9180790781974792,
            0.6963276863098145,
            0.5310734510421753,
            0.5282486081123352
        ],
        "all_results": [
            [
                0.612994372844696,
                0.9180790781974792,
                0.6963276863098145,
                0.5310734510421753,
                0.5282486081123352
            ],
            [
                0.612994372844696,
                0.9180790781974792,
                0.6963276863098145,
                0.4689265489578247,
                0.5282486081123352
            ],
            [
                0.612994372844696,
                0.9180790781974792,
                0.6963276863098145,
                0.4689265489578247,
                0.5282486081123352
            ],
            [
                0.612994372844696,
                0.9180790781974792,
                0.6963276863098145,
                0.5310734510421753,
                0.5282486081123352
            ]
        ],
        "epoches": [
            0,
            10,
            20,
            30
        ]
    },
    "val_avg_precision": {
        "best_results": [
            0.0,
            1.0,
            0.0,
            1.0,
            0.0
        ],
        "all_results": [
            [
                0.0,
                1.0,
                0.0,
                1.0,
                0.0
            ],
            [
                0.0,
                1.0,
                0.0,
                0.0,
                0.0
            ],
            [
                0.0,
                1.0,
                0.0,
                0.0,
                0.0
            ],
            [
                0.0,
                1.0,
                0.0,
                1.0,
                0.0
            ]
        ],
        "epoches": [
            0,
            10,
            20,
            30
        ]
    },
    "val_avg_recall": {
        "best_results": [
            0.0,
            0.8771186440677966,
            0.0,
            0.5,
            0.0
        ],
        "all_results": [
            [
                0.0,
                0.8771186440677966,
                0.0,
                0.5,
                0.0
            ],
            [
                0.0,
                0.8771186440677966,
                0.0,
                0.0,
                0.0
            ],
            [
                0.0,
                0.8771186440677966,
                0.0,
                0.0,
                0.0
            ],
            [
                0.0,
                0.8771186440677966,
                0.0,
                0.5,
                0.0
            ]
        ],
        "epoches": [
            0,
            10,
            20,
            30
        ]
    },
    "val_avg_f1": {
        "best_results": [
            0.0,
            0.9345372460496614,
            0.0,
            0.6666666666666666,
            0.0
        ],
        "all_results": [
            [
                0.0,
                0.9345372460496614,
                0.0,
                0.6666666666666666,
                0.0
            ],
            [
                0.0,
                0.9345372460496614,
                0.0,
                0.0,
                0.0
            ],
            [
                0.0,
                0.9345372460496614,
                0.0,
                0.0,
                0.0
            ],
            [
                0.0,
                0.9345372460496614,
                0.0,
                0.6666666666666666,
                0.0
            ]
        ],
        "epoches": [
            0,
            10,
            20,
            30
        ]
    },
    "val_avg_accuracy": {
        "best_results": [
            0.6186440587043762,
            0.8771186470985413,
            0.6906779408454895,
            0.5,
            0.43220338225364685
        ],
        "all_results": [
            [
                0.6186440587043762,
                0.8771186470985413,
                0.6906779408454895,
                0.5,
                0.43220338225364685
            ],
            [
                0.6186440587043762,
                0.8771186470985413,
                0.6906779408454895,
                0.5,
                0.43220338225364685
            ],
            [
                0.6186440587043762,
                0.8771186470985413,
                0.6906779408454895,
                0.5,
                0.43220338225364685
            ],
            [
                0.6186440587043762,
                0.8771186470985413,
                0.6906779408454895,
                0.5,
                0.43220338225364685
            ]
        ],
        "epoches": [
            0,
            10,
            20,
            30
        ]
    },
    "test_avg_precision": {
        "best_results": [
            0.0,
            1.0,
            0.0,
            1.0,
            0.0
        ],