{
    "train_avg_precision": {
        "best_results": [
            1.0,
            1.0,
            0.0,
            1.0,
            1.0
        ],
        "all_results": [
            [
                1.0,
                1.0,
                0.0,
                1.0,
                1.0
            ],
            [
                0.0,
                1.0,
                0.0,
                0.0,
                0.0
            ],
            [
                0.821656050955414,
                1.0,
                0.0,
                0.0,
                0.0
            ],
            [
                1.0,
                1.0,
                0.0,
                1.0,
                0.0
            ]
        ],
        "epoches": [
            0,
            10,
            20,
            30
        ]
    },
    "train_avg_recall": {
        "best_results": [
            0.49710982658959535,
            0.9535603715170279,
            0.0,
            0.46904024767801855,
            0.25077399380804954
        ],
        "all_results": [
            [
                0.49710982658959535,
                0.9535603715170279,
                0.0,
                0.46904024767801855,
                0.25077399380804954
            ],
            [
                0.0,
                0.9535603715170279,
                0.0,
                0.0,
                0.0
            ],
            [
                0.49710982658959535,
                0.9535603715170279,
                0.0,
                0.0,
                0.0
            ],
            [
                0.48606811145510836,
                0.9535603715170279,
                0.0,
                0.46904024767801855,
                0.0
            ]
        ],
        "epoches": [
            0,
            10,
            20,
            30
        ]
    },
    "train_avg_f1": {
        "best_results": [
            0.6541666666666667,
            0.9762282091917592,
            0.0,
            0.6385669125395153,
            0.400990099009901
        ],
        "all_results": [
            [
                0.6541666666666667,
                0.9762282091917592,
                0.0,
                0.6385669125395153,
                0.400990099009901
            ],
            [
                0.0,
                0.9762282091917592,
                0.0,
                0.0,
                0.0
            ],
            [
                0.6194477791116446,
                0.9762282091917592,
                0.0,
                0.0,
                0.0
            ],
            [
                0.6541666666666667,
                0.9762282091917592,
                0.0,
                0.6385669125395153,
                0.0
            ]
        ],
        "epoches": [
            0,
            10,
            20,
            30
        ]
    },
    "train_avg_accuracy": {
        "best_results": [
            0.5139318704605103,
            0.9535603523254395,
            0.6424148678779602,
            0.5309597253799438,
            0.7492260336875916
        ],
        "all_results": [
            [
                0.5139318704605103,
                0.9535603523254395,
                0.6424148678779602,
                0.5309597253799438,
                0.7492260336875916
            ],
            [
                0.5139318704605103,
                0.9535603523254395,
                0.6424148678779602,
                0.5309597253799438,
                0.7492260336875916
            ],
            [
                0.50928795337677,
                0.9535603523254395,
                0.6424148678779602,
                0.5309597253799438,
                0.7492260336875916
            ],
            [
                0.48606809973716736,
                0.9535603523254395,
                0.6424148678779602,
                0.46904024481773376,
                0.7492260336875916
            ]
        ],
        "epoches": [
            0,
            10,
            20,
            30
        ]
    },
    "val_avg_precision": {
        "best_results": [
            1.0,
            1.0,
            0.0,
            1.0,
            1.0
        ],
        "all_results": [
            [
                1.0,
                1.0,
                0.0,
                1.0,
                1.0
            ],
            [
                0.0,
                1.0,
                0.0,
                0.0,
                0.0
            ],
            [
                0.904,
                1.0,
                0.0,
                0.0,
                0.0
            ],
            [
                1.0,
                1.0,
                0.0,
                1.0,
                0.0
            ]
        ],
        "epoches": [
            0,
            10,
            20,
            30
        ]
    },
    "val_avg_recall": {
        "best_results": [
            0.5787037037037037,
            0.8564814814814815,
            0.0,
            0.6203703703703703,
            0.3287037037037037
        ],
        "all_results": [
            [
                0.5787037037037037,
                0.8564814814814815,
                0.0,
                0.6203703703703703,
                0.3287037037037037
            ],
            [
                0.0,
                0.8564814814814815,
                0.0,
                0.0,
                0.0
            ],
            [
                0.5736040609137056,
                0.8564814814814815,
                0.0,
                0.0,
                0.0
            ],
            [
                0.5787037037037037,
                0.8564814814814815,
                0.0,
                0.6203703703703703,
                0.0
            ]
        ],
        "epoches": [
            0,
            10,
            20,
            30
        ]
    },
    "val_avg_f1": {
        "best_results": [
            0.7331378299120235,
            0.9226932668329177,
            0.0,
            0.7657142857142858,
            0.4947735191637631
        ],
        "all_results": [
            [
                0.7331378299120235,
                0.9226932668329177,
                0.0,
                0.7657142857142858,
                0.4947735191637631
            ],
            [
                0.0,
                0.9226932668329177,
                0.0,
                0.0,
                0.0
            ],
            [
                0.7018633540372672,
                0.9226932668329177,
                0.0,
                0.0,
                0.0
            ],
            [
                0.7331378299120235,
                0.9226932668329177,
                0.0,
                0.7657142857142858,
                0.0
            ]
        ],
        "epoches": [
            0,
            10,
            20,
            30
        ]
    },
    "val_avg_accuracy": {
        "best_results": [
            0.5787037014961243,
            0.8564814925193787,
            0.5138888955116272,
            0.6203703880310059,
            0.6712962985038757
        ],