{
    "train_avg_precision": {
        "best_results": [
            1.0,
            1.0,
            1.0,
            1.0,
            0.0
        ],
        "all_results": [
            [
                1.0,
                1.0,
                1.0,
                1.0,
                0.0
            ],
            [
                1.0,
                0.0,
                0.0,
                0.0,
                0.0
            ],
            [
                1.0,
                0.0,
                0.009345794392523364,
                0.0,
                0.0
            ],
            [
                1.0,
                1.0,
                1.0,
                0.0,
                0.0
            ]
        ],
        "epoches": [
            0,
            10,
            20,
            30
        ]
    },
    "train_avg_recall": {
        "best_results": [
            0.9105504587155964,
            0.481651376146789,
            0.6666666666666666,
            0.38990825688073394,
            0.0
        ],
        "all_results": [
            [
                0.9105504587155964,
                0.481651376146789,
                0.6666666666666666,
                0.38990825688073394,
                0.0
            ],
            [
                0.9105504587155964,
                0.0,
                0.0,
                0.0,
                0.0
            ],
            [
                0.9105504587155964,
                0.0,
                0.6666666666666666,
                0.0,
                0.0
            ],
            [
                0.9105504587155964,
                0.481651376146789,
                0.4908256880733945,
                0.0,
                0.0
            ]
        ],
        "epoches": [
            0,
            10,
            20,
            30
        ]
    },
    "train_avg_f1": {
        "best_results": [
            0.9531812725090036,
            0.6501547987616099,
            0.6584615384615384,
            0.5610561056105611,
            0.0
        ],
        "all_results": [
            [
                0.9531812725090036,
                0.6501547987616099,
                0.6584615384615384,
                0.5610561056105611,
                0.0
            ],
            [
                0.9531812725090036,
                0.0,
                0.0,
                0.0,
                0.0
            ],
            [
                0.9531812725090036,
                0.0,
                0.0184331797235023,
                0.0,
                0.0
            ],
            [
                0.9531812725090036,
                0.6501547987616099,
                0.6584615384615384,
                0.0,
                0.0
            ]
        ],
        "epoches": [
            0,
            10,
            20,
            30
        ]
    },
    "train_avg_accuracy": {
        "best_results": [
            0.9105504751205444,
            0.5183486342430115,
            0.5114678740501404,
            0.6100917458534241,
            0.75
        ],
        "all_results": [
            [
                0.9105504751205444,
                0.5183486342430115,
                0.5114678740501404,
                0.6100917458534241,
                0.75
            ],
            [
                0.9105504751205444,
                0.5183486342430115,
                0.5091742873191833,
                0.6100917458534241,
                0.75
            ],
            [
                0.9105504751205444,
                0.5183486342430115,
                0.5114678740501404,
                0.6100917458534241,
                0.75
            ],
            [
                0.9105504751205444,
                0.4816513657569885,
                0.49082568287849426,
                0.6100917458534241,
                0.75
            ]
        ],
        "epoches": [
            0,
            10,
            20,
            30
        ]
    },
    "val_avg_precision": {
        "best_results": [
            1.0,
            1.0,
            1.0,
            1.0,
            0.0
        ],
        "all_results": [
            [
                1.0,
                1.0,
                1.0,
                1.0,
                0.0
            ],
            [
                1.0,
                0.0,
                0.0,
                0.0,
                0.0
            ],
            [
                1.0,
                0.0,
                0.012987012987012988,
                0.0,
                0.0
            ],
            [
                1.0,
                1.0,
                1.0,
                0.0,
                0.0
            ]
        ],
        "epoches": [
            0,
            10,
            20,
            30
        ]
    },
    "val_avg_recall": {
        "best_results": [
            0.910958904109589,
            0.5753424657534246,
            0.5273972602739726,
            0.5068493150684932,
            0.0
        ],
        "all_results": [
            [
                0.910958904109589,
                0.5753424657534246,
                0.5273972602739726,
                0.5068493150684932,
                0.0
            ],
            [
                0.910958904109589,
                0.0,
                0.0,
                0.0,
                0.0
            ],
            [
                0.910958904109589,
                0.0,
                0.5,
                0.0,
                0.0
            ],
            [
                0.910958904109589,
                0.5753424657534246,
                0.5273972602739726,
                0.0,
                0.0
            ]
        ],
        "epoches": [
            0,
            10,
            20,
            30
        ]
    },
    "val_avg_f1": {
        "best_results": [
            0.953405017921147,
            0.7304347826086955,
            0.6905829596412556,
            0.6727272727272727,
            0.0
        ],
        "all_results": [
            [
                0.953405017921147,
                0.7304347826086955,
                0.6905829596412556,
                0.6727272727272727,
                0.0
            ],
            [
                0.953405017921147,
                0.0,
                0.0,
                0.0,
                0.0
            ],
            [
                0.953405017921147,
                0.0,
                0.025316455696202535,
                0.0,
                0.0
            ],
            [
                0.953405017921147,
                0.7304347826086955,
                0.6905829596412556,
                0.0,
                0.0
            ]
        ],
        "epoches": [
            0,
            10,
            20,
            30
        ]
    },
    "val_avg_accuracy": {
        "best_results": [
            0.9109588861465454,
            0.5753424763679504,
            0.5273972749710083,
            0.5068492889404297,
            0.6712328791618347
        ],
        "all_results": [
            [
                0.9109588861465454,
                0.5753424763679504,
                0.5273972749710083,
                0.5068492889404297,
                0.6712328791618347
            ],
            [
                0.9109588861465454,
                0.42465752363204956,
                0.4726027250289917,
                0.4931506812572479,
                0.6712328791618347
            ],
            [
                0.9109588861465454,
                0.42465752363204956,
                0.4726027250289917,
                0.4931506812572479,
                0.6712328791618347
            ],
            [
                0.9109588861465454,
                0.5753424763679504,
                0.5273972749710083,
                0.4931506812572479,
                0.6712328791618347
            ]
        ],