{
    "train_avg_precision": {
        "best_results": [
            0.0,
            1.0,
            1.0,
            0.0,
            0.0
        ],
        "all_results": [
            [
                0.0,
                1.0,
                1.0,
                0.0,
                0.0
            ],
            [
                0.0,
                1.0,
                0.0,
                0.0,
                0.0
            ],
            [
                0.0,
                1.0,
                0.0,
                0.0,
                0.0
            ],
            [
                0.0,
                1.0,
                1.0,
                0.0,
                0.0
            ]
        ],
        "epoches": [
            0,
            10,
            20,
            30
        ]
    },
    "train_avg_recall": {
        "best_results": [
            0.0,
            0.9453681710213777,
            0.5296912114014252,
            0.0,
            0.0
        ],
        "all_results": [
            [
                0.0,
                0.9453681710213777,
                0.5296912114014252,
                0.0,
                0.0
            ],
            [
                0.0,
                0.9453681710213777,
                0.0,
                0.0,
                0.0
            ],
            [
                0.0,
                0.9453681710213777,
                0.0,
                0.0,
                0.0
            ],
            [
                0.0,
                0.9453681710213777,
                0.5296912114014252,
                0.0,
                0.0
            ]
        ],
        "epoches": [
            0,
            10,
            20,
            30
        ]
    },
    "train_avg_f1": {
        "best_results": [
            0.0,
            0.9719169719169719,
            0.6925465838509317,
            0.0,
            0.0
        ],
        "all_results": [
            [
                0.0,
                0.9719169719169719,
                0.6925465838509317,
                0.0,
                0.0
            ],
            [
                0.0,
                0.9719169719169719,
                0.0,
                0.0,
                0.0
            ],
            [
                0.0,
                0.9719169719169719,
                0.0,
                0.0,
                0.0
            ],
            [
                0.0,
                0.9719169719169719,
                0.6925465838509317,
                0.0,
                0.0
            ]
        ],
        "epoches": [
            0,
            10,
            20,
            30
        ]
    },
    "train_avg_accuracy": {
        "best_results": [
            0.5938242077827454,
            0.9453681707382202,
            0.529691219329834,
            0.5201900005340576,
            0.7672209143638611
        ],
        "all_results": [
            [
                0.5938242077827454,
                0.9453681707382202,
                0.529691219329834,
                0.5201900005340576,
                0.7672209143638611
            ],
            [
                0.5938242077827454,
                0.9453681707382202,
                0.470308780670166,
                0.5201900005340576,
                0.7672209143638611
            ],
            [
                0.5938242077827454,
                0.9453681707382202,
                0.470308780670166,
                0.5201900005340576,
                0.7672209143638611
            ],
            [
                0.5938242077827454,
                0.9453681707382202,
                0.529691219329834,
                0.5201900005340576,
                0.7672209143638611
            ]
        ],
        "epoches": [
            0,
            10,
            20,
            30
        ]
    },
    "val_avg_precision": {
        "best_results": [
            0.0,
            1.0,
            1.0,
            0.0,
            0.0
        ],
        "all_results": [
            [
                0.0,
                1.0,
                1.0,
                0.0,
                0.0
            ],
            [
                0.0,
                1.0,
                0.0,
                0.0,
                0.0
            ],
            [
                0.0,
                1.0,
                0.0,
                0.0,
                0.0
            ],
            [
                0.0,
                1.0,
                1.0,
                0.0,
                0.0
            ]
        ],
        "epoches": [
            0,
            10,
            20,
            30
        ]
    },
    "val_avg_recall": {
        "best_results": [
            0.0,
            0.8794326241134752,
            0.5815602836879432,
            0.0,
            0.0
        ],
        "all_results": [
            [
                0.0,
                0.8794326241134752,
                0.5815602836879432,
                0.0,
                0.0
            ],
            [
                0.0,
                0.8794326241134752,
                0.0,
                0.0,
                0.0
            ],
            [
                0.0,
                0.8794326241134752,
                0.0,
                0.0,
                0.0
            ],
            [
                0.0,
                0.8794326241134752,
                0.5815602836879432,
                0.0,
                0.0
            ]
        ],
        "epoches": [
            0,
            10,
            20,
            30
        ]
    },
    "val_avg_f1": {
        "best_results": [
            0.0,
            0.9358490566037737,
            0.7354260089686099,
            0.0,
            0.0
        ],
        "all_results": [
            [
                0.0,
                0.9358490566037737,
                0.7354260089686099,
                0.0,
                0.0
            ],
            [
                0.0,
                0.9358490566037737,
                0.0,
                0.0,
                0.0
            ],
            [
                0.0,
                0.9358490566037737,
                0.0,
                0.0,
                0.0
            ],
            [
                0.0,
                0.9358490566037737,
                0.7354260089686099,
                0.0,
                0.0
            ]
        ],
        "epoches": [
            0,
            10,
            20,
            30
        ]
    },
    "val_avg_accuracy": {
        "best_results": [
            0.609929084777832,
            0.8794326186180115,
            0.5815602540969849,
            0.40425533056259155,
            0.631205677986145
        ],
        "all_results": [
            [
                0.609929084777832,
                0.8794326186180115,
                0.5815602540969849,
                0.40425533056259155,
                0.631205677986145
            ],
            [
                0.609929084777832,
                0.8794326186180115,
                0.41843971610069275,
                0.40425533056259155,
                0.631205677986145
            ],
            [
                0.609929084777832,
                0.8794326186180115,
                0.41843971610069275,
                0.40425533056259155,
                0.631205677986145
            ],
            [
                0.609929084777832,
                0.8794326186180115,
                0.5815602540969849,
                0.40425533056259155,
                0.631205677986145
            ]
        ],
        "epoches": [
            0,
            10,
            20,
            30
        ]
    },
    "test_avg_precision": {
        "best_results": [
            0.0,
            1.0,
            1.0,
            0.0,
            0.0
        ],