{
    "train_avg_precision": {
        "best_results": [
            1.0,
            1.0,
            1.0,
            1.0,
            1.0
        ],
        "all_results": [
            [
                1.0,
                1.0,
                1.0,
                1.0,
                1.0
            ],
            [
                0.0,
                1.0,
                0.0,
                0.0,
                0.0
            ],
            [
                0.0,
                1.0,
                0.0,
                0.0,
                0.0
            ],
            [
                0.0,
                1.0,
                0.0,
                1.0,
                1.0
            ]
        ],
        "epoches": [
            0,
            10,
            20,
            30
        ]
    },
    "train_avg_recall": {
        "best_results": [
            0.4160919540229885,
            0.9264367816091954,
            0.2597701149425287,
            0.49885057471264366,
            0.5149425287356322
        ],
        "all_results": [
            [
                0.4160919540229885,
                0.9264367816091954,
                0.2597701149425287,
                0.49885057471264366,
                0.5149425287356322
            ],
            [
                0.0,
                0.9264367816091954,
                0.0,
                0.0,
                0.0
            ],
            [
                0.0,
                0.9264367816091954,
                0.0,
                0.0,
                0.0
            ],
            [
                0.0,
                0.9264367816091954,
                0.0,
                0.49885057471264366,
                0.5149425287356322
            ]
        ],
        "epoches": [
            0,
            10,
            20,
            30
        ]
    },
    "train_avg_f1": {
        "best_results": [
            0.5876623376623377,
            0.9618138424821002,
            0.4124087591240876,
            0.665644171779141,
            0.6798179059180577
        ],
        "all_results": [
            [
                0.5876623376623377,
                0.9618138424821002,
                0.4124087591240876,
                0.665644171779141,
                0.6798179059180577
            ],
            [
                0.0,
                0.9618138424821002,
                0.0,
                0.0,
                0.0
            ],
            [
                0.0,
                0.9618138424821002,
                0.0,
                0.0,
                0.0
            ],
            [
                0.0,
                0.9618138424821002,
                0.0,
                0.665644171779141,
                0.6798179059180577
            ]
        ],
        "epoches": [
            0,
            10,
            20,
            30
        ]
    },
    "train_avg_accuracy": {
        "best_results": [
            0.5839080214500427,
            0.9264367818832397,
            0.7402299046516418,
            0.5011494159698486,
            0.5149425268173218
        ],
        "all_results": [
            [
                0.5839080214500427,
                0.9264367818832397,
                0.7402299046516418,
                0.5011494159698486,
                0.5149425268173218
            ],
            [
                0.5839080214500427,
                0.9264367818832397,
                0.7402299046516418,
                0.5011494159698486,
                0.4850574731826782
            ],
            [
                0.5839080214500427,
                0.9264367818832397,
                0.7402299046516418,
                0.49885058403015137,
                0.4850574731826782
            ],
            [
                0.5839080214500427,
                0.9264367818832397,
                0.7402299046516418,
                0.49885058403015137,
                0.5149425268173218
            ]
        ],
        "epoches": [
            0,
            10,
            20,
            30
        ]
    },
    "val_avg_precision": {
        "best_results": [
            1.0,
            1.0,
            1.0,
            1.0,
            1.0
        ],
        "all_results": [
            [
                1.0,
                1.0,
                1.0,
                1.0,
                1.0
            ],
            [
                0.0,
                1.0,
                0.0,
                0.0,
                0.0
            ],
            [
                0.0,
                1.0,
                0.0,
                0.0,
                0.0
            ],
            [
                0.0,
                1.0,
                0.0,
                1.0,
                1.0
            ]
        ],
        "epoches": [
            0,
            10,
            20,
            30
        ]
    },
    "val_avg_recall": {
        "best_results": [
            0.4482758620689655,
            0.8482758620689655,
            0.3448275862068966,
            0.6551724137931034,
            0.6
        ],
        "all_results": [
            [
                0.4482758620689655,
                0.8482758620689655,
                0.3448275862068966,
                0.6551724137931034,
                0.6
            ],
            [
                0.0,
                0.8482758620689655,
                0.0,
                0.0,
                0.0
            ],
            [
                0.0,
                0.8482758620689655,
                0.0,
                0.0,
                0.0
            ],
            [
                0.0,
                0.8482758620689655,
                0.0,
                0.6551724137931034,
                0.6
            ]
        ],
        "epoches": [
            0,
            10,
            20,
            30
        ]
    },
    "val_avg_f1": {
        "best_results": [
            0.6190476190476191,
            0.917910447761194,
            0.5128205128205129,
            0.7916666666666666,
            0.7499999999999999
        ],
        "all_results": [
            [
                0.6190476190476191,
                0.917910447761194,
                0.5128205128205129,
                0.7916666666666666,
                0.7499999999999999
            ],
            [
                0.0,
                0.917910447761194,
                0.0,
                0.0,
                0.0
            ],
            [
                0.0,
                0.917910447761194,
                0.0,
                0.0,
                0.0
            ],
            [
                0.0,
                0.917910447761194,
                0.0,
                0.7916666666666666,
                0.7499999999999999
            ]
        ],
        "epoches": [
            0,
            10,
            20,
            30
        ]
    },
    "val_avg_accuracy": {
        "best_results": [
            0.5517241358757019,
            0.8482758402824402,
            0.6551724076271057,
            0.6551724076271057,
            0.6000000238418579
        ],