{
    "train_avg_precision": {
        "best_results": [
            1.0,
            1.0,
            1.0,
            1.0,
            0.0
        ],
        "all_results": [
            [
                1.0,
                1.0,
                1.0,
                1.0,
                0.0
            ],
            [
                0.0,
                1.0,
                0.0,
                0.0,
                0.0
            ],
            [
                0.008620689655172414,
                1.0,
                0.0,
                0.0,
                0.0
            ],
            [
                1.0,
                1.0,
                0.0,
                1.0,
                0.0
            ]
        ],
        "epoches": [
            0,
            10,
            20,
            30
        ]
    },
    "train_avg_recall": {
        "best_results": [
            0.5296803652968036,
            0.9018264840182648,
            0.4360730593607306,
            0.5298165137614679,
            0.0
        ],
        "all_results": [
            [
                0.5296803652968036,
                0.9018264840182648,
                0.4360730593607306,
                0.5298165137614679,
                0.0
            ],
            [
                0.0,
                0.9018264840182648,
                0.0,
                0.0,
                0.0
            ],
            [
                0.3333333333333333,
                0.9018264840182648,
                0.0,
                0.0,
                0.0
            ],
            [
                0.5296803652968036,
                0.9018264840182648,
                0.0,
                0.5298165137614679,
                0.0
            ]
        ],
        "epoches": [
            0,
            10,
            20,
            30
        ]
    },
    "train_avg_f1": {
        "best_results": [
            0.6925373134328358,
            0.9483793517406963,
            0.6073131955484897,
            0.6926536731634183,
            0.0
        ],
        "all_results": [
            [
                0.6925373134328358,
                0.9483793517406963,
                0.6073131955484897,
                0.6926536731634183,
                0.0
            ],
            [
                0.0,
                0.9483793517406963,
                0.0,
                0.0,
                0.0
            ],
            [
                0.01680672268907563,
                0.9483793517406963,
                0.0,
                0.0,
                0.0
            ],
            [
                0.6925373134328358,
                0.9483793517406963,
                0.0,
                0.6926536731634183,
                0.0
            ]
        ],
        "epoches": [
            0,
            10,
            20,
            30
        ]
    },
    "train_avg_accuracy": {
        "best_results": [
            0.5296803712844849,
            0.9018265008926392,
            0.5639269351959229,
            0.5319634675979614,
            0.7077625393867493
        ],
        "all_results": [
            [
                0.5296803712844849,
                0.9018265008926392,
                0.5639269351959229,
                0.5319634675979614,
                0.7077625393867493
            ],
            [
                0.47031962871551514,
                0.9018265008926392,
                0.5639269351959229,
                0.4726027250289917,
                0.7077625393867493
            ],
            [
                0.465753436088562,
                0.9018265008926392,
                0.5639269351959229,
                0.4726027250289917,
                0.7077625393867493
            ],
            [
                0.5296803712844849,
                0.9018265008926392,
                0.5639269351959229,
                0.5319634675979614,
                0.7077625393867493
            ]
        ],
        "epoches": [
            0,
            10,
            20,
            30
        ]
    },
    "val_avg_precision": {
        "best_results": [
            1.0,
            1.0,
            1.0,
            0.9885057471264368,
            0.0
        ],
        "all_results": [
            [
                1.0,
                1.0,
                1.0,
                0.9885057471264368,
                0.0
            ],
            [
                0.011494252873563218,
                1.0,
                0.0,
                0.0,
                0.0
            ],
            [
                0.022988505747126436,
                1.0,
                0.0,
                0.0,
                0.0
            ],
            [
                1.0,
                1.0,
                0.0,
                0.9885057471264368,
                0.0
            ]
        ],
        "epoches": [
            0,
            10,
            20,
            30
        ]
    },
    "val_avg_recall": {
        "best_results": [
            1.0,
            0.8367346938775511,
            0.3424657534246575,
            0.589041095890411,
            0.0
        ],
        "all_results": [
            [
                1.0,
                0.8367346938775511,
                0.3424657534246575,
                0.589041095890411,
                0.0
            ],
            [
                1.0,
                0.8367346938775511,
                0.0,
                0.0,
                0.0
            ],
            [
                0.6666666666666666,
                0.8367346938775511,
                0.0,
                0.0,
                0.0
            ],
            [
                0.5918367346938775,
                0.8367346938775511,
                0.0,
                0.589041095890411,
                0.0
            ]
        ],
        "epoches": [
            0,
            10,
            20,
            30
        ]
    },
    "val_avg_f1": {
        "best_results": [
            0.7435897435897436,
            0.9111111111111111,
            0.5102040816326531,
            0.7381974248927039,
            0.0
        ],
        "all_results": [
            [
                0.7435897435897436,
                0.9111111111111111,
                0.5102040816326531,
                0.7381974248927039,
                0.0
            ],
            [
                0.022727272727272724,
                0.9111111111111111,
                0.0,
                0.0,
                0.0
            ],
            [
                0.044444444444444446,
                0.9111111111111111,
                0.0,
                0.0,
                0.0
            ],
            [
                0.7435897435897436,
                0.9111111111111111,
                0.0,
                0.7381974248927039,
                0.0
            ]
        ],
        "epoches": [
            0,
            10,
            20,
            30
        ]
    },
    "val_avg_accuracy": {
        "best_results": [
            0.5918367505073547,
            0.8367347121238708,
            0.6598639488220215,
            0.5850340127944946,
            0.7755101919174194
        ],