{
    "train_avg_precision": {
        "best_results": [
            1.0,
            1.0,
            0.0,
            0.0,
            1.0
        ],
        "all_results": [
            [
                1.0,
                1.0,
                0.0,
                0.0,
                1.0
            ],
            [
                0.0,
                1.0,
                0.0,
                0.0,
                0.0
            ],
            [
                0.0,
                1.0,
                0.0,
                0.0,
                0.0
            ],
            [
                0.027906976744186046,
                1.0,
                0.0,
                0.0,
                0.0
            ],
            [
                1.0,
                1.0,
                0.0,
                0.0,
                0.0
            ]
        ],
        "epoches": [
            0,
            10,
            20,
            30,
            40
        ]
    },
    "train_avg_recall": {
        "best_results": [
            0.49539170506912444,
            0.9380733944954128,
            0.0,
            0.0,
            0.2408256880733945
        ],
        "all_results": [
            [
                0.49539170506912444,
                0.9380733944954128,
                0.0,
                0.0,
                0.2408256880733945
            ],
            [
                0.0,
                0.9380733944954128,
                0.0,
                0.0,
                0.0
            ],
            [
                0.0,
                0.9380733944954128,
                0.0,
                0.0,
                0.0
            ],
            [
                0.4,
                0.9380733944954128,
                0.0,
                0.0,
                0.0
            ],
            [
                0.49539170506912444,
                0.9380733944954128,
                0.0,
                0.0,
                0.0
            ]
        ],
        "epoches": [
            0,
            10,
            20,
            30,
            40
        ]
    },
    "train_avg_f1": {
        "best_results": [
            0.6625577812018489,
            0.9680473372781064,
            0.0,
            0.0,
            0.38817005545286504
        ],
        "all_results": [
            [
                0.6625577812018489,
                0.9680473372781064,
                0.0,
                0.0,
                0.38817005545286504
            ],
            [
                0.0,
                0.9680473372781064,
                0.0,
                0.0,
                0.0
            ],
            [
                0.0,
                0.9680473372781064,
                0.0,
                0.0,
                0.0
            ],
            [
                0.05217391304347826,
                0.9680473372781064,
                0.0,
                0.0,
                0.0
            ],
            [
                0.6625577812018489,
                0.9680473372781064,
                0.0,
                0.0,
                0.0
            ]
        ],
        "epoches": [
            0,
            10,
            20,
            30,
            40
        ]
    },
    "train_avg_accuracy": {
        "best_results": [
            0.5068807601928711,
            0.9380733966827393,
            0.6330274939537048,
            0.5298165082931519,
            0.7591742873191833
        ],
        "all_results": [
            [
                0.5068807601928711,
                0.9380733966827393,
                0.6330274939537048,
                0.5298165082931519,
                0.7591742873191833
            ],
            [
                0.5068807601928711,
                0.9380733966827393,
                0.6330274939537048,
                0.5298165082931519,
                0.7591742873191833
            ],
            [
                0.5068807601928711,
                0.9380733966827393,
                0.6330274939537048,
                0.5298165082931519,
                0.7591742873191833
            ],
            [
                0.5,
                0.9380733966827393,
                0.6330274939537048,
                0.5298165082931519,
                0.7591742873191833
            ],
            [
                0.49770641326904297,
                0.9380733966827393,
                0.6330274939537048,
                0.5275229215621948,
                0.7591742873191833
            ]
        ],
        "epoches": [
            0,
            10,
            20,
            30,
            40
        ]
    },
    "val_avg_precision": {
        "best_results": [
            1.0,
            1.0,
            0.0,
            0.0,
            1.0
        ],
        "all_results": [
            [
                1.0,
                1.0,
                0.0,
                0.0,
                1.0
            ],
            [
                0.0,
                1.0,
                0.0,
                0.0,
                0.0
            ],
            [
                0.0,
                1.0,
                0.0,
                0.0,
                0.0
            ],
            [
                0.04819277108433735,
                1.0,
                0.0,
                0.0,
                0.0
            ],
            [
                1.0,
                1.0,
                0.0,
                0.0,
                0.0
            ]
        ],
        "epoches": [
            0,
            10,
            20,
            30,
            40
        ]
    },
    "val_avg_recall": {
        "best_results": [
            0.5684931506849316,
            0.8835616438356164,
            0.0,
            0.0,
            0.3698630136986301
        ],
        "all_results": [
            [
                0.5684931506849316,
                0.8835616438356164,
                0.0,
                0.0,
                0.3698630136986301
            ],
            [
                0.0,
                0.8835616438356164,
                0.0,
                0.0,
                0.0
            ],
            [
                0.0,
                0.8835616438356164,
                0.0,
                0.0,
                0.0
            ],
            [
                0.3333333333333333,
                0.8835616438356164,
                0.0,
                0.0,
                0.0
            ],
            [
                0.5684931506849316,
                0.8835616438356164,
                0.0,
                0.0,
                0.0
            ]
        ],
        "epoches": [
            0,
            10,
            20,
            30,
            40
        ]
    },
    "val_avg_f1": {
        "best_results": [
            0.7248908296943232,
            0.9381818181818181,
            0.0,
            0.0,
            0.54
        ],
        "all_results": [
            [
                0.7248908296943232,
                0.9381818181818181,
                0.0,
                0.0,
                0.54
            ],
            [
                0.0,
                0.9381818181818181,
                0.0,
                0.0,
                0.0
            ],
            [
                0.0,
                0.9381818181818181,
                0.0,
                0.0,
                0.0
            ],
            [
                0.08421052631578947,
                0.9381818181818181,
                0.0,
                0.0,
                0.0
            ],
            [
                0.7248908296943232,
                0.9381818181818181,
                0.0,
                0.0,
                0.0
            ]
        ],
        "epoches": [
            0,
            10,
            20,
            30,
            40
        ]
    },