{
    "train_avg_precision": {
        "best_results": [
            0.004608294930875576,
            1.0,
            1.0,
            1.0,
            0.0
        ],
        "all_results": [
            [
                0.004608294930875576,
                1.0,
                1.0,
                1.0,
                0.0
            ],
            [
                0.0,
                1.0,
                0.0,
                0.0,
                0.0
            ],
            [
                0.0,
                1.0,
                0.0,
                0.0,
                0.0
            ],
            [
                0.004608294930875576,
                1.0,
                0.0,
                0.918918918918919,
                0.0
            ]
        ],
        "epoches": [
            0,
            10,
            20,
            30
        ]
    },
    "train_avg_recall": {
        "best_results": [
            0.25,
            0.9337748344370861,
            0.40618101545253865,
            0.4900662251655629,
            0.0
        ],
        "all_results": [
            [
                0.25,
                0.9337748344370861,
                0.40618101545253865,
                0.4900662251655629,
                0.0
            ],
            [
                0.0,
                0.9337748344370861,
                0.0,
                0.0,
                0.0
            ],
            [
                0.0,
                0.9337748344370861,
                0.0,
                0.0,
                0.0
            ],
            [
                0.25,
                0.9337748344370861,
                0.0,
                0.4880382775119617,
                0.0
            ]
        ],
        "epoches": [
            0,
            10,
            20,
            30
        ]
    },
    "train_avg_f1": {
        "best_results": [
            0.00904977375565611,
            0.9657534246575342,
            0.5777080062794349,
            0.6577777777777778,
            0.0
        ],
        "all_results": [
            [
                0.00904977375565611,
                0.9657534246575342,
                0.5777080062794349,
                0.6577777777777778,
                0.0
            ],
            [
                0.0,
                0.9657534246575342,
                0.0,
                0.0,
                0.0
            ],
            [
                0.0,
                0.9657534246575342,
                0.0,
                0.0,
                0.0
            ],
            [
                0.00904977375565611,
                0.9657534246575342,
                0.0,
                0.6375000000000001,
                0.0
            ]
        ],
        "epoches": [
            0,
            10,
            20,
            30
        ]
    },
    "train_avg_accuracy": {
        "best_results": [
            0.5209712982177734,
            0.9337748289108276,
            0.5938189625740051,
            0.5099337697029114,
            0.7240617871284485
        ],
        "all_results": [
            [
                0.5209712982177734,
                0.9337748289108276,
                0.5938189625740051,
                0.5099337697029114,
                0.7240617871284485
            ],
            [
                0.5209712982177734,
                0.9337748289108276,
                0.5938189625740051,
                0.5099337697029114,
                0.7240617871284485
            ],
            [
                0.5209712982177734,
                0.9337748289108276,
                0.5938189625740051,
                0.5099337697029114,
                0.7240617871284485
            ],
            [
                0.5165562629699707,
                0.9337748289108276,
                0.5938189625740051,
                0.48785871267318726,
                0.7240617871284485
            ]
        ],
        "epoches": [
            0,
            10,
            20,
            30
        ]
    },
    "val_avg_precision": {
        "best_results": [
            0.0,
            1.0,
            1.0,
            1.0,
            0.0
        ],
        "all_results": [
            [
                0.0,
                1.0,
                1.0,
                1.0,
                0.0
            ],
            [
                0.0,
                1.0,
                0.0,
                0.0,
                0.0
            ],
            [
                0.0,
                1.0,
                0.0,
                0.0,
                0.0
            ],
            [
                0.0,
                1.0,
                0.0,
                0.9473684210526315,
                0.0
            ]
        ],
        "epoches": [
            0,
            10,
            20,
            30
        ]
    },
    "val_avg_recall": {
        "best_results": [
            0.0,
            0.8344370860927153,
            0.423841059602649,
            0.5413533834586466,
            0.0
        ],
        "all_results": [
            [
                0.0,
                0.8344370860927153,
                0.423841059602649,
                0.5413533834586466,
                0.0
            ],
            [
                0.0,
                0.8344370860927153,
                0.0,
                0.0,
                0.0
            ],
            [
                0.0,
                0.8344370860927153,
                0.0,
                0.0,
                0.0
            ],
            [
                0.0,
                0.8344370860927153,
                0.0,
                0.5413533834586466,
                0.0
            ]
        ],
        "epoches": [
            0,
            10,
            20,
            30
        ]
    },
    "val_avg_f1": {
        "best_results": [
            0.0,
            0.9097472924187726,
            0.5953488372093023,
            0.6889952153110048,
            0.0
        ],
        "all_results": [
            [
                0.0,
                0.9097472924187726,
                0.5953488372093023,
                0.6889952153110048,
                0.0
            ],
            [
                0.0,
                0.9097472924187726,
                0.0,
                0.0,
                0.0
            ],
            [
                0.0,
                0.9097472924187726,
                0.0,
                0.0,
                0.0
            ],
            [
                0.0,
                0.9097472924187726,
                0.0,
                0.6889952153110048,
                0.0
            ]
        ],
        "epoches": [
            0,
            10,
            20,
            30
        ]
    },
    "val_avg_accuracy": {
        "best_results": [
            0.42384105920791626,
            0.8344370722770691,
            0.5761589407920837,
            0.5695364475250244,
            0.6423841118812561
        ],
        "all_results": [
            [
                0.42384105920791626,
                0.8344370722770691,
                0.5761589407920837,
                0.5695364475250244,
                0.6423841118812561
            ],
            [
                0.42384105920791626,
                0.8344370722770691,
                0.5761589407920837,
                0.49668875336647034,
                0.6423841118812561
            ],
            [
                0.41059601306915283,
                0.8344370722770691,
                0.5761589407920837,
                0.49668875336647034,
                0.6423841118812561
            ],
            [
                0.4039735198020935,
                0.8344370722770691,
                0.5761589407920837,
                0.5695364475250244,
                0.6423841118812561
            ]
        ],
        "epoches": [
            0,
            10,
            20,
            30
        ]
    },