{
    "train_avg_precision": {
        "best_results": [
            1.0,
            1.0,
            1.0,
            1.0,
            1.0
        ],
        "all_results": [
            [
                1.0,
                1.0,
                1.0,
                1.0,
                1.0
            ],
            [
                1.0,
                0.0,
                0.0,
                0.0,
                0.0
            ],
            [
                1.0,
                0.0,
                0.0,
                0.0,
                0.0
            ],
            [
                1.0,
                0.0,
                0.0,
                0.0,
                0.0
            ],
            [
                1.0,
                1.0,
                0.0,
                0.0,
                0.0
            ],
            [
                1.0,
                1.0,
                0.0,
                0.0,
                0.0
            ]
        ],
        "epoches": [
            0,
            10,
            20,
            30,
            40,
            50
        ]
    },
    "train_avg_recall": {
        "best_results": [
            0.9598997493734336,
            0.5012531328320802,
            0.38345864661654133,
            0.2756892230576441,
            0.45363408521303256
        ],
        "all_results": [
            [
                0.9598997493734336,
                0.5012531328320802,
                0.38345864661654133,
                0.2756892230576441,
                0.45363408521303256
            ],
            [
                0.9598997493734336,
                0.0,
                0.0,
                0.0,
                0.0
            ],
            [
                0.9598997493734336,
                0.0,
                0.0,
                0.0,
                0.0
            ],
            [
                0.9598997493734336,
                0.0,
                0.0,
                0.0,
                0.0
            ],
            [
                0.9598997493734336,
                0.5012531328320802,
                0.0,
                0.0,
                0.0
            ],
            [
                0.9598997493734336,
                0.5012531328320802,
                0.0,
                0.0,
                0.0
            ]
        ],
        "epoches": [
            0,
            10,
            20,
            30,
            40,
            50
        ]
    },
    "train_avg_f1": {
        "best_results": [
            0.979539641943734,
            0.667779632721202,
            0.5543478260869565,
            0.4322200392927308,
            0.6241379310344828
        ],
        "all_results": [
            [
                0.979539641943734,
                0.667779632721202,
                0.5543478260869565,
                0.4322200392927308,
                0.6241379310344828
            ],
            [
                0.979539641943734,
                0.0,
                0.0,
                0.0,
                0.0
            ],
            [
                0.979539641943734,
                0.0,
                0.0,
                0.0,
                0.0
            ],
            [
                0.979539641943734,
                0.0,
                0.0,
                0.0,
                0.0
            ],
            [
                0.979539641943734,
                0.667779632721202,
                0.0,
                0.0,
                0.0
            ],
            [
                0.979539641943734,
                0.667779632721202,
                0.0,
                0.0,
                0.0
            ]
        ],
        "epoches": [
            0,
            10,
            20,
            30,
            40,
            50
        ]
    },
    "train_avg_accuracy": {
        "best_results": [
            0.9598997235298157,
            0.5012531280517578,
            0.61654132604599,
            0.7243107557296753,
            0.5463659167289734
        ],
        "all_results": [
            [
                0.9598997235298157,
                0.5012531280517578,
                0.61654132604599,
                0.7243107557296753,
                0.5463659167289734
            ],
            [
                0.9598997235298157,
                0.4987468719482422,
                0.61654132604599,
                0.7243107557296753,
                0.5463659167289734
            ],
            [
                0.9598997235298157,
                0.4987468719482422,
                0.61654132604599,
                0.7243107557296753,
                0.5463659167289734
            ],
            [
                0.9598997235298157,
                0.4987468719482422,
                0.61654132604599,
                0.7243107557296753,
                0.5463659167289734
            ],
            [
                0.9598997235298157,
                0.5012531280517578,
                0.61654132604599,
                0.7243107557296753,
                0.5463659167289734
            ],
            [
                0.9598997235298157,
                0.5012531280517578,
                0.61654132604599,
                0.7243107557296753,
                0.5463659167289734
            ]
        ],
        "epoches": [
            0,
            10,
            20,
            30,
            40,
            50
        ]
    },
    "val_avg_precision": {
        "best_results": [
            1.0,
            1.0,
            1.0,
            1.0,
            1.0
        ],
        "all_results": [
            [
                1.0,
                1.0,
                1.0,
                1.0,
                1.0
            ],
            [
                1.0,
                0.0,
                0.0,
                0.0,
                0.0
            ],
            [
                1.0,
                0.0,
                0.0,
                0.0,
                0.0
            ],
            [
                1.0,
                0.0,
                0.0,
                0.0,
                0.0
            ],
            [
                1.0,
                1.0,
                0.0,
                0.0,
                0.0
            ],
            [
                1.0,
                1.0,
                0.0,
                0.0,
                0.0
            ]
        ],
        "epoches": [
            0,
            10,
            20,
            30,
            40,
            50
        ]
    },
    "val_avg_recall": {
        "best_results": [
            0.8646616541353384,
            0.6466165413533834,
            0.43609022556390975,
            0.43609022556390975,
            0.5939849624060151
        ],
        "all_results": [
            [
                0.8646616541353384,
                0.6466165413533834,
                0.43609022556390975,
                0.43609022556390975,
                0.5939849624060151
            ],
            [
                0.8646616541353384,
                0.0,
                0.0,
                0.0,
                0.0
            ],
            [
                0.8646616541353384,
                0.0,
                0.0,
                0.0,
                0.0
            ],
            [
                0.8646616541353384,
                0.0,
                0.0,
                0.0,
                0.0
            ],
            [
                0.8646616541353384,
                0.6466165413533834,
                0.0,
                0.0,
                0.0
            ],
            [
                0.8646616541353384,
                0.6466165413533834,
                0.0,
                0.0,
                0.0
            ]
        ],
        "epoches": [
            0,
            10,
            20,
            30,
            40,
            50
        ]
    },