{
    "train_avg_precision": {
        "best_results": [
            1.0,
            1.0,
            1.0,
            1.0,
            1.0
        ],
        "all_results": [
            [
                1.0,
                1.0,
                1.0,
                1.0,
                1.0
            ],
            [
                0.0,
                1.0,
                0.0,
                0.0,
                0.0
            ],
            [
                0.0051813471502590676,
                1.0,
                0.0,
                0.0,
                0.0
            ],
            [
                1.0,
                1.0,
                0.0,
                0.0,
                0.0
            ],
            [
                1.0,
                1.0,
                0.0,
                0.0,
                1.0
            ],
            [
                1.0,
                1.0,
                0.0,
                0.0,
                1.0
            ]
        ],
        "epoches": [
            0,
            10,
            20,
            30,
            40,
            50
        ]
    },
    "train_avg_recall": {
        "best_results": [
            0.5,
            0.9223300970873787,
            0.2087378640776699,
            0.3567961165048544,
            0.4368932038834951
        ],
        "all_results": [
            [
                0.5,
                0.9223300970873787,
                0.2087378640776699,
                0.3567961165048544,
                0.4368932038834951
            ],
            [
                0.0,
                0.9223300970873787,
                0.0,
                0.0,
                0.0
            ],
            [
                0.5,
                0.9223300970873787,
                0.0,
                0.0,
                0.0
            ],
            [
                0.4684466019417476,
                0.9223300970873787,
                0.0,
                0.0,
                0.0
            ],
            [
                0.4684466019417476,
                0.9223300970873787,
                0.0,
                0.0,
                0.4368932038834951
            ],
            [
                0.4684466019417476,
                0.9223300970873787,
                0.0,
                0.0,
                0.4368932038834951
            ]
        ],
        "epoches": [
            0,
            10,
            20,
            30,
            40,
            50
        ]
    },
    "train_avg_f1": {
        "best_results": [
            0.6380165289256198,
            0.9595959595959597,
            0.3453815261044177,
            0.5259391771019678,
            0.608108108108108
        ],
        "all_results": [
            [
                0.6380165289256198,
                0.9595959595959597,
                0.3453815261044177,
                0.5259391771019678,
                0.608108108108108
            ],
            [
                0.0,
                0.9595959595959597,
                0.0,
                0.0,
                0.0
            ],
            [
                0.010256410256410256,
                0.9595959595959597,
                0.0,
                0.0,
                0.0
            ],
            [
                0.6380165289256198,
                0.9595959595959597,
                0.0,
                0.0,
                0.0
            ],
            [
                0.6380165289256198,
                0.9595959595959597,
                0.0,
                0.0,
                0.608108108108108
            ],
            [
                0.6380165289256198,
                0.9595959595959597,
                0.0,
                0.0,
                0.608108108108108
            ]
        ],
        "epoches": [
            0,
            10,
            20,
            30,
            40,
            50
        ]
    },
    "train_avg_accuracy": {
        "best_results": [
            0.5315533876419067,
            0.9223300814628601,
            0.791262149810791,
            0.643203854560852,
            0.5631067752838135
        ],
        "all_results": [
            [
                0.5315533876419067,
                0.9223300814628601,
                0.791262149810791,
                0.643203854560852,
                0.5631067752838135
            ],
            [
                0.5315533876419067,
                0.9223300814628601,
                0.791262149810791,
                0.643203854560852,
                0.5631067752838135
            ],
            [
                0.5315533876419067,
                0.9223300814628601,
                0.791262149810791,
                0.643203854560852,
                0.5631067752838135
            ],
            [
                0.46844661235809326,
                0.9223300814628601,
                0.791262149810791,
                0.643203854560852,
                0.5631067752838135
            ],
            [
                0.46844661235809326,
                0.9223300814628601,
                0.791262149810791,
                0.643203854560852,
                0.43689319491386414
            ],
            [
                0.46844661235809326,
                0.9223300814628601,
                0.791262149810791,
                0.643203854560852,
                0.43689319491386414
            ]
        ],
        "epoches": [
            0,
            10,
            20,
            30,
            40,
            50
        ]
    },
    "val_avg_precision": {
        "best_results": [
            1.0,
            1.0,
            1.0,
            1.0,
            1.0
        ],
        "all_results": [
            [
                1.0,
                1.0,
                1.0,
                1.0,
                1.0
            ],
            [
                0.0,
                1.0,
                0.0,
                0.0,
                0.0
            ],
            [
                0.0,
                1.0,
                0.0,
                0.0,
                0.0
            ],
            [
                1.0,
                1.0,
                0.0,
                0.0,
                0.0
            ],
            [
                1.0,
                1.0,
                0.0,
                0.0,
                1.0
            ],
            [
                1.0,
                1.0,
                0.0,
                0.0,
                1.0
            ]
        ],
        "epoches": [
            0,
            10,
            20,
            30,
            40,
            50
        ]
    },
    "val_avg_recall": {
        "best_results": [
            0.6014492753623188,
            0.8333333333333334,
            0.34057971014492755,
            0.5144927536231884,
            0.5797101449275363
        ],
        "all_results": [
            [
                0.6014492753623188,
                0.8333333333333334,
                0.34057971014492755,
                0.5144927536231884,
                0.5797101449275363
            ],
            [
                0.0,
                0.8333333333333334,
                0.0,
                0.0,
                0.0
            ],
            [
                0.0,
                0.8333333333333334,
                0.0,
                0.0,
                0.0
            ],
            [
                0.6014492753623188,
                0.8333333333333334,
                0.0,
                0.0,
                0.0
            ],
            [
                0.6014492753623188,
                0.8333333333333334,
                0.0,
                0.0,
                0.5797101449275363
            ],
            [
                0.6014492753623188,
                0.8333333333333334,
                0.0,
                0.0,
                0.5797101449275363
            ]
        ],