{
    "train_avg_precision": {
        "best_results": [
            1.0,
            0.005434782608695652,
            1.0,
            1.0,
            0.0
        ],
        "all_results": [
            [
                1.0,
                0.005434782608695652,
                1.0,
                1.0,
                0.0
            ],
            [
                1.0,
                0.0,
                0.0,
                0.0,
                0.0
            ],
            [
                1.0,
                0.0,
                0.0,
                0.0,
                0.0
            ],
            [
                1.0,
                0.005434782608695652,
                0.0,
                0.0,
                0.0
            ]
        ],
        "epoches": [
            0,
            10,
            20,
            30
        ]
    },
    "train_avg_recall": {
        "best_results": [
            0.9656992084432717,
            0.5,
            0.45118733509234826,
            0.35883905013192613,
            0.0
        ],
        "all_results": [
            [
                0.9656992084432717,
                0.5,
                0.45118733509234826,
                0.35883905013192613,
                0.0
            ],
            [
                0.9656992084432717,
                0.0,
                0.0,
                0.0,
                0.0
            ],
            [
                0.9656992084432717,
                0.0,
                0.0,
                0.0,
                0.0
            ],
            [
                0.9656992084432717,
                0.5,
                0.0,
                0.0,
                0.0
            ]
        ],
        "epoches": [
            0,
            10,
            20,
            30
        ]
    },
    "train_avg_f1": {
        "best_results": [
            0.9825503355704697,
            0.01075268817204301,
            0.6218181818181818,
            0.5281553398058253,
            0.0
        ],
        "all_results": [
            [
                0.9825503355704697,
                0.01075268817204301,
                0.6218181818181818,
                0.5281553398058253,
                0.0
            ],
            [
                0.9825503355704697,
                0.0,
                0.0,
                0.0,
                0.0
            ],
            [
                0.9825503355704697,
                0.0,
                0.0,
                0.0,
                0.0
            ],
            [
                0.9825503355704697,
                0.01075268817204301,
                0.0,
                0.0,
                0.0
            ]
        ],
        "epoches": [
            0,
            10,
            20,
            30
        ]
    },
    "train_avg_accuracy": {
        "best_results": [
            0.9656991958618164,
            0.5145118832588196,
            0.5488126873970032,
            0.6411609649658203,
            0.767810046672821
        ],
        "all_results": [
            [
                0.9656991958618164,
                0.5145118832588196,
                0.5488126873970032,
                0.6411609649658203,
                0.767810046672821
            ],
            [
                0.9656991958618164,
                0.5145118832588196,
                0.5488126873970032,
                0.6411609649658203,
                0.767810046672821
            ],
            [
                0.9656991958618164,
                0.5145118832588196,
                0.5488126873970032,
                0.6411609649658203,
                0.767810046672821
            ],
            [
                0.9656991958618164,
                0.5145118832588196,
                0.5488126873970032,
                0.6411609649658203,
                0.767810046672821
            ]
        ],
        "epoches": [
            0,
            10,
            20,
            30
        ]
    },
    "val_avg_precision": {
        "best_results": [
            1.0,
            0.04,
            1.0,
            1.0,
            0.0
        ],
        "all_results": [
            [
                1.0,
                0.04,
                1.0,
                1.0,
                0.0
            ],
            [
                1.0,
                0.0,
                0.0,
                0.0,
                0.0
            ],
            [
                1.0,
                0.0,
                0.0,
                0.0,
                0.0
            ],
            [
                1.0,
                0.04,
                0.0,
                0.0,
                0.0
            ]
        ],
        "epoches": [
            0,
            10,
            20,
            30
        ]
    },
    "val_avg_recall": {
        "best_results": [
            0.8188976377952756,
            0.75,
            0.6929133858267716,
            0.3543307086614173,
            0.0
        ],
        "all_results": [
            [
                0.8188976377952756,
                0.75,
                0.6929133858267716,
                0.3543307086614173,
                0.0
            ],
            [
                0.8188976377952756,
                0.0,
                0.0,
                0.0,
                0.0
            ],
            [
                0.8188976377952756,
                0.0,
                0.0,
                0.0,
                0.0
            ],
            [
                0.8188976377952756,
                0.75,
                0.0,
                0.0,
                0.0
            ]
        ],
        "epoches": [
            0,
            10,
            20,
            30
        ]
    },
    "val_avg_f1": {
        "best_results": [
            0.9004329004329005,
            0.07594936708860758,
            0.8186046511627907,
            0.5232558139534883,
            0.0
        ],
        "all_results": [
            [
                0.9004329004329005,
                0.07594936708860758,
                0.8186046511627907,
                0.5232558139534883,
                0.0
            ],
            [
                0.9004329004329005,
                0.0,
                0.0,
                0.0,
                0.0
            ],
            [
                0.9004329004329005,
                0.0,
                0.0,
                0.0,
                0.0
            ],
            [
                0.9004329004329005,
                0.07594936708860758,
                0.0,
                0.0,
                0.0
            ]
        ],
        "epoches": [
            0,
            10,
            20,
            30
        ]
    },
    "val_avg_accuracy": {
        "best_results": [
            0.8188976645469666,
            0.4251968562602997,
            0.6929134130477905,
            0.6456692814826965,
            0.6535432934761047
        ],
        "all_results": [
            [
                0.8188976645469666,
                0.4251968562602997,
                0.6929134130477905,
                0.6456692814826965,
                0.6535432934761047
            ],
            [
                0.8188976645469666,
                0.4094488322734833,
                0.30708661675453186,
                0.6456692814826965,
                0.6535432934761047
            ],
            [
                0.8188976645469666,
                0.4094488322734833,
                0.30708661675453186,
                0.6456692814826965,
                0.6535432934761047
            ],
            [
                0.8188976645469666,
                0.4251968562602997,
                0.30708661675453186,
                0.6456692814826965,
                0.6535432934761047
            ]
        ],
        "epoches": [
            0,
            10,
            20,
            30
        ]
    },