{
    "train_avg_precision": {
        "best_results": [
            1.0,
            1.0,
            1.0,
            1.0,
            1.0
        ],
        "all_results": [
            [
                1.0,
                1.0,
                1.0,
                1.0,
                1.0
            ],
            [
                0.0,
                1.0,
                0.0,
                0.0,
                0.0
            ],
            [
                0.0,
                1.0,
                0.0,
                0.0,
                0.0
            ],
            [
                0.0,
                1.0,
                0.8454106280193237,
                0.0,
                0.0
            ],
            [
                1.0,
                1.0,
                1.0,
                0.0,
                0.0
            ]
        ],
        "epoches": [
            0,
            10,
            20,
            30,
            40
        ]
    },
    "train_avg_recall": {
        "best_results": [
            0.48484848484848486,
            0.9440559440559441,
            0.5645161290322581,
            0.36363636363636365,
            0.23776223776223776
        ],
        "all_results": [
            [
                0.48484848484848486,
                0.9440559440559441,
                0.5645161290322581,
                0.36363636363636365,
                0.23776223776223776
            ],
            [
                0.0,
                0.9440559440559441,
                0.0,
                0.0,
                0.0
            ],
            [
                0.0,
                0.9440559440559441,
                0.0,
                0.0,
                0.0
            ],
            [
                0.0,
                0.9440559440559441,
                0.5645161290322581,
                0.0,
                0.0
            ],
            [
                0.48484848484848486,
                0.9440559440559441,
                0.4825174825174825,
                0.0,
                0.0
            ]
        ],
        "epoches": [
            0,
            10,
            20,
            30,
            40
        ]
    },
    "train_avg_f1": {
        "best_results": [
            0.653061224489796,
            0.9712230215827338,
            0.6769825918762089,
            0.5333333333333333,
            0.384180790960452
        ],
        "all_results": [
            [
                0.653061224489796,
                0.9712230215827338,
                0.6769825918762089,
                0.5333333333333333,
                0.384180790960452
            ],
            [
                0.0,
                0.9712230215827338,
                0.0,
                0.0,
                0.0
            ],
            [
                0.0,
                0.9712230215827338,
                0.0,
                0.0,
                0.0
            ],
            [
                0.0,
                0.9712230215827338,
                0.6769825918762089,
                0.0,
                0.0
            ],
            [
                0.653061224489796,
                0.9712230215827338,
                0.6509433962264151,
                0.0,
                0.0
            ]
        ],
        "epoches": [
            0,
            10,
            20,
            30,
            40
        ]
    },
    "train_avg_accuracy": {
        "best_results": [
            0.5151515007019043,
            0.9440559148788452,
            0.6107226014137268,
            0.6363636255264282,
            0.7622377872467041
        ],
        "all_results": [
            [
                0.5151515007019043,
                0.9440559148788452,
                0.6107226014137268,
                0.6363636255264282,
                0.7622377872467041
            ],
            [
                0.5151515007019043,
                0.9440559148788452,
                0.5174825191497803,
                0.6363636255264282,
                0.7622377872467041
            ],
            [
                0.5151515007019043,
                0.9440559148788452,
                0.5174825191497803,
                0.6363636255264282,
                0.7622377872467041
            ],
            [
                0.5151515007019043,
                0.9440559148788452,
                0.6107226014137268,
                0.6363636255264282,
                0.7622377872467041
            ],
            [
                0.4848484992980957,
                0.9440559148788452,
                0.4825174808502197,
                0.6363636255264282,
                0.7622377872467041
            ]
        ],
        "epoches": [
            0,
            10,
            20,
            30,
            40
        ]
    },
    "val_avg_precision": {
        "best_results": [
            1.0,
            1.0,
            1.0,
            1.0,
            1.0
        ],
        "all_results": [
            [
                1.0,
                1.0,
                1.0,
                1.0,
                1.0
            ],
            [
                0.0,
                1.0,
                0.0,
                0.0,
                0.0
            ],
            [
                0.0,
                1.0,
                0.0,
                0.0,
                0.0
            ],
            [
                0.0,
                1.0,
                0.8674698795180723,
                0.0,
                0.0
            ],
            [
                1.0,
                1.0,
                1.0,
                0.0,
                0.0
            ]
        ],
        "epoches": [
            0,
            10,
            20,
            30,
            40
        ]
    },
    "val_avg_recall": {
        "best_results": [
            0.5944055944055944,
            0.8321678321678322,
            0.5804195804195804,
            0.5104895104895105,
            0.4125874125874126
        ],
        "all_results": [
            [
                0.5944055944055944,
                0.8321678321678322,
                0.5804195804195804,
                0.5104895104895105,
                0.4125874125874126
            ],
            [
                0.0,
                0.8321678321678322,
                0.0,
                0.0,
                0.0
            ],
            [
                0.0,
                0.8321678321678322,
                0.0,
                0.0,
                0.0
            ],
            [
                0.0,
                0.8321678321678322,
                0.576,
                0.0,
                0.0
            ],
            [
                0.5944055944055944,
                0.8321678321678322,
                0.5804195804195804,
                0.0,
                0.0
            ]
        ],
        "epoches": [
            0,
            10,
            20,
            30,
            40
        ]
    },
    "val_avg_f1": {
        "best_results": [
            0.7456140350877193,
            0.9083969465648856,
            0.7345132743362832,
            0.675925925925926,
            0.5841584158415842
        ],