{
    "train_avg_precision": {
        "best_results": [
            1.0,
            0.0,
            0.0,
            1.0,
            0.0
        ],
        "all_results": [
            [
                1.0,
                0.0,
                0.0,
                1.0,
                0.0
            ],
            [
                1.0,
                0.0,
                0.0,
                0.0,
                0.0
            ],
            [
                1.0,
                0.0,
                0.0,
                0.10759493670886076,
                0.0
            ]
        ],
        "epoches": [
            0,
            10,
            20
        ]
    },
    "train_avg_recall": {
        "best_results": [
            0.9405772495755518,
            0.0,
            0.0,
            0.5365025466893039,
            0.0
        ],
        "all_results": [
            [
                0.9405772495755518,
                0.0,
                0.0,
                0.5365025466893039,
                0.0
            ],
            [
                0.9405772495755518,
                0.0,
                0.0,
                0.0,
                0.0
            ],
            [
                0.9405772495755518,
                0.0,
                0.0,
                0.4473684210526316,
                0.0
            ]
        ],
        "epoches": [
            0,
            10,
            20
        ]
    },
    "train_avg_f1": {
        "best_results": [
            0.9693788276465442,
            0.0,
            0.0,
            0.698342541436464,
            0.0
        ],
        "all_results": [
            [
                0.9693788276465442,
                0.0,
                0.0,
                0.698342541436464,
                0.0
            ],
            [
                0.9693788276465442,
                0.0,
                0.0,
                0.0,
                0.0
            ],
            [
                0.9693788276465442,
                0.0,
                0.0,
                0.17346938775510204,
                0.0
            ]
        ],
        "epoches": [
            0,
            10,
            20
        ]
    },
    "train_avg_accuracy": {
        "best_results": [
            0.9405772686004639,
            0.511035680770874,
            0.6264855861663818,
            0.5365025401115417,
            0.7232597470283508
        ],
        "all_results": [
            [
                0.9405772686004639,
                0.511035680770874,
                0.6264855861663818,
                0.5365025401115417,
                0.7232597470283508
            ],
            [
                0.9405772686004639,
                0.511035680770874,
                0.6264855861663818,
                0.46349745988845825,
                0.7232597470283508
            ],
            [
                0.9405772686004639,
                0.511035680770874,
                0.6264855861663818,
                0.4499151110649109,
                0.7232597470283508
            ]
        ],
        "epoches": [
            0,
            10,
            20
        ]
    },
    "val_avg_precision": {
        "best_results": [
            1.0,
            0.0,
            0.0,
            1.0,
            0.0
        ],
        "all_results": [
            [
                1.0,
                0.0,
                0.0,
                1.0,
                0.0
            ],
            [
                1.0,
                0.0,
                0.0,
                0.0,
                0.0
            ],
            [
                1.0,
                0.0,
                0.0,
                0.12048192771084337,
                0.0
            ]
        ],
        "epoches": [
            0,
            10,
            20
        ]
    },
    "val_avg_recall": {
        "best_results": [
            0.8324873096446701,
            0.0,
            0.0,
            0.4213197969543147,
            0.0
        ],
        "all_results": [
            [
                0.8324873096446701,
                0.0,
                0.0,
                0.4213197969543147,
                0.0
            ],
            [
                0.8324873096446701,
                0.0,
                0.0,
                0.0,
                0.0
            ],
            [
                0.8324873096446701,
                0.0,
                0.0,
                0.19230769230769232,
                0.0
            ]
        ],
        "epoches": [
            0,
            10,
            20
        ]
    },
    "val_avg_f1": {
        "best_results": [
            0.9085872576177285,
            0.0,
            0.0,
            0.5928571428571429,
            0.0
        ],
        "all_results": [
            [
                0.9085872576177285,
                0.0,
                0.0,
                0.5928571428571429,
                0.0
            ],
            [
                0.9085872576177285,
                0.0,
                0.0,
                0.0,
                0.0
            ],
            [
                0.9085872576177285,
                0.0,
                0.0,
                0.14814814814814814,
                0.0
            ]
        ],
        "epoches": [
            0,
            10,
            20
        ]
    },
    "val_avg_accuracy": {
        "best_results": [
            0.8324872851371765,
            0.39086294174194336,
            0.4517766535282135,
            0.5786802172660828,
            0.6954314708709717
        ],
        "all_results": [
            [
                0.8324872851371765,
                0.39086294174194336,
                0.4517766535282135,
                0.5786802172660828,
                0.6954314708709717
            ],
            [
                0.8324872851371765,
                0.39086294174194336,
                0.4517766535282135,
                0.5786802172660828,
                0.6954314708709717
            ],
            [
                0.8324872851371765,
                0.39086294174194336,
                0.4517766535282135,
                0.41624364256858826,
                0.6954314708709717
            ]
        ],
        "epoches": [
            0,
            10,
            20
        ]
    },
    "test_avg_precision": {
        "best_results": [
            1.0,
            0.04285714285714286,
            0.0,
            0.9895833333333334,
            0.0
        ],
        "all_results": [
            [
                1.0,
                0.04285714285714286,
                0.0,
                0.9895833333333334,
                0.0
            ],
            [
                1.0,
                0.0,
                0.0,
                0.0,
                0.0
            ],
            [
                1.0,
                0.04285714285714286,
                0.0,
                0.20833333333333334,
                0.0
            ]
        ],
        "epoches": [
            0,
            10,
            20
        ]
    },
    "test_avg_recall": {
        "best_results": [
            0.7653061224489796,
            1.0,
            0.0,
            0.5053191489361702,
            0.0
        ],
        "all_results": [
            [
                0.7653061224489796,
                1.0,
                0.0,
                0.5053191489361702,
                0.0
            ],
            [
                0.7653061224489796,
                0.0,
                0.0,
                0.0,
                0.0
            ],
            [
                0.7653061224489796,
                1.0,
                0.0,
                0.25,
                0.0
            ]
        ],
        "epoches": [
            0,
            10,
            20
        ]
    },