{
    "train_avg_precision": {
        "best_results": [
            1.0,
            1.0,
            1.0,
            0.0,
            1.0
        ],
        "all_results": [
            [
                1.0,
                1.0,
                1.0,
                0.0,
                1.0
            ],
            [
                0.0035714285714285713,
                0.0,
                1.0,
                0.0,
                0.0
            ],
            [
                1.0,
                0.0,
                1.0,
                0.0,
                0.0
            ],
            [
                1.0,
                0.0,
                1.0,
                0.0,
                0.0
            ],
            [
                1.0,
                0.0,
                1.0,
                0.0,
                1.0
            ]
        ],
        "epoches": [
            0,
            10,
            20,
            30,
            40
        ]
    },
    "train_avg_recall": {
        "best_results": [
            1.0,
            0.4058252427184466,
            0.912621359223301,
            0.0,
            0.5009708737864078
        ],
        "all_results": [
            [
                1.0,
                0.4058252427184466,
                0.912621359223301,
                0.0,
                0.5009708737864078
            ],
            [
                1.0,
                0.0,
                0.912621359223301,
                0.0,
                0.0
            ],
            [
                0.5436893203883495,
                0.0,
                0.912621359223301,
                0.0,
                0.0
            ],
            [
                0.5436893203883495,
                0.0,
                0.912621359223301,
                0.0,
                0.0
            ],
            [
                0.5436893203883495,
                0.0,
                0.912621359223301,
                0.0,
                0.5009708737864078
            ]
        ],
        "epoches": [
            0,
            10,
            20,
            30,
            40
        ]
    },
    "train_avg_f1": {
        "best_results": [
            0.7044025157232704,
            0.5773480662983426,
            0.9543147208121827,
            0.0,
            0.6675291073738681
        ],
        "all_results": [
            [
                0.7044025157232704,
                0.5773480662983426,
                0.9543147208121827,
                0.0,
                0.6675291073738681
            ],
            [
                0.0071174377224199285,
                0.0,
                0.9543147208121827,
                0.0,
                0.0
            ],
            [
                0.7044025157232704,
                0.0,
                0.9543147208121827,
                0.0,
                0.0
            ],
            [
                0.7044025157232704,
                0.0,
                0.9543147208121827,
                0.0,
                0.0
            ],
            [
                0.7044025157232704,
                0.0,
                0.9543147208121827,
                0.0,
                0.6675291073738681
            ]
        ],
        "epoches": [
            0,
            10,
            20,
            30,
            40
        ]
    },
    "train_avg_accuracy": {
        "best_results": [
            0.5436893105506897,
            0.5941747426986694,
            0.9126213788986206,
            0.7553398013114929,
            0.5009709000587463
        ],
        "all_results": [
            [
                0.5436893105506897,
                0.5941747426986694,
                0.9126213788986206,
                0.7553398013114929,
                0.5009709000587463
            ],
            [
                0.4582524299621582,
                0.5941747426986694,
                0.9126213788986206,
                0.7553398013114929,
                0.49902912974357605
            ],
            [
                0.5436893105506897,
                0.5941747426986694,
                0.9126213788986206,
                0.7553398013114929,
                0.49902912974357605
            ],
            [
                0.5436893105506897,
                0.5941747426986694,
                0.9126213788986206,
                0.7553398013114929,
                0.49902912974357605
            ],
            [
                0.5436893105506897,
                0.5941747426986694,
                0.9126213788986206,
                0.7553398013114929,
                0.5009709000587463
            ]
        ],
        "epoches": [
            0,
            10,
            20,
            30,
            40
        ]
    },
    "val_avg_precision": {
        "best_results": [
            1.0,
            1.0,
            1.0,
            0.0,
            1.0
        ],
        "all_results": [
            [
                1.0,
                1.0,
                1.0,
                0.0,
                1.0
            ],
            [
                0.031914893617021274,
                0.0,
                1.0,
                0.0,
                0.0
            ],
            [
                1.0,
                0.0,
                1.0,
                0.0,
                0.0
            ],
            [
                1.0,
                0.0,
                1.0,
                0.0,
                0.0
            ],
            [
                1.0,
                0.0,
                1.0,
                0.0,
                1.0
            ]
        ],
        "epoches": [
            0,
            10,
            20,
            30,
            40
        ]
    },
    "val_avg_recall": {
        "best_results": [
            0.75,
            0.32558139534883723,
            0.8953488372093024,
            0.0,
            0.5116279069767442
        ],
        "all_results": [
            [
                0.75,
                0.32558139534883723,
                0.8953488372093024,
                0.0,
                0.5116279069767442
            ],
            [
                0.75,
                0.0,
                0.8953488372093024,
                0.0,
                0.0
            ],
            [
                0.5465116279069767,
                0.0,
                0.8953488372093024,
                0.0,
                0.0
            ],
            [
                0.5465116279069767,
                0.0,
                0.8953488372093024,
                0.0,
                0.0
            ],
            [
                0.5465116279069767,
                0.0,
                0.8953488372093024,
                0.0,
                0.5116279069767442
            ]
        ],
        "epoches": [
            0,
            10,
            20,
            30,
            40
        ]
    },
    "val_avg_f1": {
        "best_results": [
            0.706766917293233,
            0.49122807017543857,
            0.9447852760736196,
            0.0,
            0.676923076923077
        ],