{
    "train_avg_precision": {
        "best_results": [
            1.0,
            1.0,
            1.0,
            1.0,
            1.0
        ],
        "all_results": [
            [
                1.0,
                1.0,
                1.0,
                1.0,
                1.0
            ],
            [
                0.0,
                1.0,
                0.0,
                0.0,
                0.0
            ],
            [
                0.0,
                1.0,
                0.0,
                0.0078125,
                0.0
            ],
            [
                1.0,
                1.0,
                0.0,
                1.0,
                0.0
            ],
            [
                1.0,
                1.0,
                0.0,
                1.0,
                0.0
            ]
        ],
        "epoches": [
            0,
            10,
            20,
            30,
            40
        ]
    },
    "train_avg_recall": {
        "best_results": [
            0.4970414201183432,
            0.9408284023668639,
            0.3865877712031558,
            0.504930966469428,
            0.2485207100591716
        ],
        "all_results": [
            [
                0.4970414201183432,
                0.9408284023668639,
                0.3865877712031558,
                0.504930966469428,
                0.2485207100591716
            ],
            [
                0.0,
                0.9408284023668639,
                0.0,
                0.0,
                0.0
            ],
            [
                0.0,
                0.9408284023668639,
                0.0,
                0.5,
                0.0
            ],
            [
                0.4970414201183432,
                0.9408284023668639,
                0.0,
                0.504930966469428,
                0.0
            ],
            [
                0.4970414201183432,
                0.9408284023668639,
                0.0,
                0.504930966469428,
                0.0
            ]
        ],
        "epoches": [
            0,
            10,
            20,
            30,
            40
        ]
    },
    "train_avg_f1": {
        "best_results": [
            0.6640316205533597,
            0.9695121951219512,
            0.5576102418207681,
            0.671035386631717,
            0.3981042654028436
        ],
        "all_results": [
            [
                0.6640316205533597,
                0.9695121951219512,
                0.5576102418207681,
                0.671035386631717,
                0.3981042654028436
            ],
            [
                0.0,
                0.9695121951219512,
                0.0,
                0.0,
                0.0
            ],
            [
                0.0,
                0.9695121951219512,
                0.0,
                0.015384615384615385,
                0.0
            ],
            [
                0.6640316205533597,
                0.9695121951219512,
                0.0,
                0.671035386631717,
                0.0
            ],
            [
                0.6640316205533597,
                0.9695121951219512,
                0.0,
                0.671035386631717,
                0.0
            ]
        ],
        "epoches": [
            0,
            10,
            20,
            30,
            40
        ]
    },
    "train_avg_accuracy": {
        "best_results": [
            0.5029585957527161,
            0.9408283829689026,
            0.6134122014045715,
            0.5049309730529785,
            0.7514792680740356
        ],
        "all_results": [
            [
                0.5029585957527161,
                0.9408283829689026,
                0.6134122014045715,
                0.5049309730529785,
                0.7514792680740356
            ],
            [
                0.5029585957527161,
                0.9408283829689026,
                0.6134122014045715,
                0.4950690269470215,
                0.7514792680740356
            ],
            [
                0.5029585957527161,
                0.9408283829689026,
                0.6134122014045715,
                0.4950690269470215,
                0.7514792680740356
            ],
            [
                0.4970414340496063,
                0.9408283829689026,
                0.6134122014045715,
                0.5049309730529785,
                0.7514792680740356
            ],
            [
                0.4970414340496063,
                0.9408283829689026,
                0.6134122014045715,
                0.5049309730529785,
                0.7514792680740356
            ]
        ],
        "epoches": [
            0,
            10,
            20,
            30,
            40
        ]
    },
    "val_avg_precision": {
        "best_results": [
            1.0,
            1.0,
            1.0,
            1.0,
            1.0
        ],
        "all_results": [
            [
                1.0,
                1.0,
                1.0,
                1.0,
                1.0
            ],
            [
                0.0,
                1.0,
                0.0,
                0.0,
                0.0
            ],
            [
                0.0,
                1.0,
                0.0,
                0.03409090909090909,
                0.0
            ],
            [
                1.0,
                1.0,
                0.0,
                1.0,
                0.0
            ],
            [
                1.0,
                1.0,
                0.0,
                1.0,
                0.0
            ]
        ],
        "epoches": [
            0,
            10,
            20,
            30,
            40
        ]
    },
    "val_avg_recall": {
        "best_results": [
            0.6153846153846154,
            0.8461538461538461,
            0.5029585798816568,
            0.5207100591715976,
            0.40828402366863903
        ],
        "all_results": [
            [
                0.6153846153846154,
                0.8461538461538461,
                0.5029585798816568,
                0.5207100591715976,
                0.40828402366863903
            ],
            [
                0.0,
                0.8461538461538461,
                0.0,
                0.0,
                0.0
            ],
            [
                0.0,
                0.8461538461538461,
                0.0,
                0.375,
                0.0
            ],
            [
                0.6153846153846154,
                0.8461538461538461,
                0.0,
                0.5207100591715976,
                0.0
            ],
            [
                0.6153846153846154,
                0.8461538461538461,
                0.0,
                0.5207100591715976,
                0.0
            ]
        ],
        "epoches": [
            0,
            10,
            20,
            30,
            40
        ]
    },
    "val_avg_f1": {
        "best_results": [
            0.761904761904762,
            0.9166666666666666,
            0.6692913385826771,
            0.6848249027237354,
            0.5798319327731092
        ],