{
    "train_avg_precision": {
        "best_results": [
            1.0,
            1.0,
            0.0,
            1.0,
            1.0
        ],
        "all_results": [
            [
                1.0,
                1.0,
                0.0,
                1.0,
                1.0
            ],
            [
                1.0,
                0.0,
                0.0,
                0.0,
                0.0
            ],
            [
                1.0,
                0.0,
                0.0,
                0.0,
                0.0
            ],
            [
                1.0,
                1.0,
                0.0,
                1.0,
                0.0
            ],
            [
                1.0,
                1.0,
                0.0,
                1.0,
                0.0
            ]
        ],
        "epoches": [
            0,
            10,
            20,
            30,
            40
        ]
    },
    "train_avg_recall": {
        "best_results": [
            0.9432048681541582,
            0.5031446540880503,
            0.0,
            0.4787018255578093,
            0.23732251521298176
        ],
        "all_results": [
            [
                0.9432048681541582,
                0.5031446540880503,
                0.0,
                0.4787018255578093,
                0.23732251521298176
            ],
            [
                0.9432048681541582,
                0.0,
                0.0,
                0.0,
                0.0
            ],
            [
                0.9432048681541582,
                0.0,
                0.0,
                0.0,
                0.0
            ],
            [
                0.9432048681541582,
                0.5031446540880503,
                0.0,
                0.4787018255578093,
                0.0
            ],
            [
                0.9432048681541582,
                0.486815415821501,
                0.0,
                0.4787018255578093,
                0.0
            ]
        ],
        "epoches": [
            0,
            10,
            20,
            30,
            40
        ]
    },
    "train_avg_f1": {
        "best_results": [
            0.9707724425887265,
            0.6694560669456068,
            0.0,
            0.6474622770919067,
            0.3836065573770492
        ],
        "all_results": [
            [
                0.9707724425887265,
                0.6694560669456068,
                0.0,
                0.6474622770919067,
                0.3836065573770492
            ],
            [
                0.9707724425887265,
                0.0,
                0.0,
                0.0,
                0.0
            ],
            [
                0.9707724425887265,
                0.0,
                0.0,
                0.0,
                0.0
            ],
            [
                0.9707724425887265,
                0.6694560669456068,
                0.0,
                0.6474622770919067,
                0.0
            ],
            [
                0.9707724425887265,
                0.6548431105047748,
                0.0,
                0.6474622770919067,
                0.0
            ]
        ],
        "epoches": [
            0,
            10,
            20,
            30,
            40
        ]
    },
    "train_avg_accuracy": {
        "best_results": [
            0.9432048797607422,
            0.5192697644233704,
            0.6024340987205505,
            0.5212981700897217,
            0.7626774907112122
        ],
        "all_results": [
            [
                0.9432048797607422,
                0.5192697644233704,
                0.6024340987205505,
                0.5212981700897217,
                0.7626774907112122
            ],
            [
                0.9432048797607422,
                0.5131846070289612,
                0.6024340987205505,
                0.5212981700897217,
                0.7626774907112122
            ],
            [
                0.9432048797607422,
                0.5131846070289612,
                0.6024340987205505,
                0.5212981700897217,
                0.7626774907112122
            ],
            [
                0.9432048797607422,
                0.5192697644233704,
                0.6024340987205505,
                0.4787018299102783,
                0.7626774907112122
            ],
            [
                0.9432048797607422,
                0.4868154227733612,
                0.6024340987205505,
                0.4787018299102783,
                0.7626774907112122
            ]
        ],
        "epoches": [
            0,
            10,
            20,
            30,
            40
        ]
    },
    "val_avg_precision": {
        "best_results": [
            1.0,
            1.0,
            0.0,
            1.0,
            1.0
        ],
        "all_results": [
            [
                1.0,
                1.0,
                0.0,
                1.0,
                1.0
            ],
            [
                1.0,
                0.0,
                0.0,
                0.0,
                0.0
            ],
            [
                1.0,
                0.0,
                0.0,
                0.0,
                0.0
            ],
            [
                1.0,
                1.0,
                0.0,
                1.0,
                0.0
            ],
            [
                1.0,
                1.0,
                0.0,
                1.0,
                0.0
            ]
        ],
        "epoches": [
            0,
            10,
            20,
            30,
            40
        ]
    },
    "val_avg_recall": {
        "best_results": [
            0.9212121212121213,
            0.7151515151515152,
            0.0,
            0.5393939393939394,
            0.34545454545454546
        ],
        "all_results": [
            [
                0.9212121212121213,
                0.7151515151515152,
                0.0,
                0.5393939393939394,
                0.34545454545454546
            ],
            [
                0.9212121212121213,
                0.0,
                0.0,
                0.0,
                0.0
            ],
            [
                0.9212121212121213,
                0.0,
                0.0,
                0.0,
                0.0
            ],
            [
                0.9212121212121213,
                0.7151515151515152,
                0.0,
                0.5393939393939394,
                0.0
            ],
            [
                0.9212121212121213,
                0.7151515151515152,
                0.0,
                0.5393939393939394,
                0.0
            ]
        ],
        "epoches": [
            0,
            10,
            20,
            30,
            40
        ]
    },
    "val_avg_f1": {
        "best_results": [
            0.9589905362776024,
            0.8339222614840989,
            0.0,
            0.7007874015748031,
            0.5135135135135135
        ],