{
    "train_avg_precision": {
        "best_results": [
            0.0,
            1.0,
            1.0,
            1.0,
            1.0
        ],
        "all_results": [
            [
                0.0,
                1.0,
                1.0,
                1.0,
                1.0
            ],
            [
                0.0,
                1.0,
                0.0,
                0.0,
                0.0
            ],
            [
                0.0,
                1.0,
                0.0,
                1.0,
                0.0
            ],
            [
                0.0,
                1.0,
                0.0,
                1.0,
                1.0
            ]
        ],
        "epoches": [
            0,
            10,
            20,
            30
        ]
    },
    "train_avg_recall": {
        "best_results": [
            0.0,
            0.9442307692307692,
            0.2692307692307692,
            0.5365384615384615,
            0.5153846153846153
        ],
        "all_results": [
            [
                0.0,
                0.9442307692307692,
                0.2692307692307692,
                0.5365384615384615,
                0.5153846153846153
            ],
            [
                0.0,
                0.9442307692307692,
                0.0,
                0.0,
                0.0
            ],
            [
                0.0,
                0.9442307692307692,
                0.0,
                0.5365384615384615,
                0.0
            ],
            [
                0.0,
                0.9442307692307692,
                0.0,
                0.5365384615384615,
                0.5153846153846153
            ]
        ],
        "epoches": [
            0,
            10,
            20,
            30
        ]
    },
    "train_avg_f1": {
        "best_results": [
            0.0,
            0.9713155291790306,
            0.42424242424242425,
            0.6983729662077597,
            0.6802030456852791
        ],
        "all_results": [
            [
                0.0,
                0.9713155291790306,
                0.42424242424242425,
                0.6983729662077597,
                0.6802030456852791
            ],
            [
                0.0,
                0.9713155291790306,
                0.0,
                0.0,
                0.0
            ],
            [
                0.0,
                0.9713155291790306,
                0.0,
                0.6983729662077597,
                0.0
            ],
            [
                0.0,
                0.9713155291790306,
                0.0,
                0.6983729662077597,
                0.6802030456852791
            ]
        ],
        "epoches": [
            0,
            10,
            20,
            30
        ]
    },
    "train_avg_accuracy": {
        "best_results": [
            0.5692307949066162,
            0.9442307949066162,
            0.7307692170143127,
            0.5365384817123413,
            0.5153846144676208
        ],
        "all_results": [
            [
                0.5692307949066162,
                0.9442307949066162,
                0.7307692170143127,
                0.5365384817123413,
                0.5153846144676208
            ],
            [
                0.5692307949066162,
                0.9442307949066162,
                0.7307692170143127,
                0.4615384638309479,
                0.48461538553237915
            ],
            [
                0.5692307949066162,
                0.9442307949066162,
                0.7307692170143127,
                0.5365384817123413,
                0.48461538553237915
            ],
            [
                0.5692307949066162,
                0.9442307949066162,
                0.7307692170143127,
                0.5365384817123413,
                0.5153846144676208
            ]
        ],
        "epoches": [
            0,
            10,
            20,
            30
        ]
    },
    "val_avg_precision": {
        "best_results": [
            0.0,
            1.0,
            1.0,
            1.0,
            1.0
        ],
        "all_results": [
            [
                0.0,
                1.0,
                1.0,
                1.0,
                1.0
            ],
            [
                0.0,
                1.0,
                0.0,
                0.0,
                0.0
            ],
            [
                0.0,
                1.0,
                0.0,
                1.0,
                0.0
            ],
            [
                0.0,
                1.0,
                0.0,
                1.0,
                1.0
            ]
        ],
        "epoches": [
            0,
            10,
            20,
            30
        ]
    },
    "val_avg_recall": {
        "best_results": [
            0.0,
            0.9137931034482759,
            0.3275862068965517,
            0.5057471264367817,
            0.4885057471264368
        ],
        "all_results": [
            [
                0.0,
                0.9137931034482759,
                0.3275862068965517,
                0.5057471264367817,
                0.4885057471264368
            ],
            [
                0.0,
                0.9137931034482759,
                0.0,
                0.0,
                0.0
            ],
            [
                0.0,
                0.9137931034482759,
                0.0,
                0.5057471264367817,
                0.0
            ],
            [
                0.0,
                0.9137931034482759,
                0.0,
                0.5057471264367817,
                0.4885057471264368
            ]
        ],
        "epoches": [
            0,
            10,
            20,
            30
        ]
    },
    "val_avg_f1": {
        "best_results": [
            0.0,
            0.9549549549549551,
            0.49350649350649356,
            0.6717557251908397,
            0.6563706563706564
        ],
        "all_results": [
            [
                0.0,
                0.9549549549549551,
                0.49350649350649356,
                0.6717557251908397,
                0.6563706563706564
            ],
            [
                0.0,
                0.9549549549549551,
                0.0,
                0.0,
                0.0
            ],
            [
                0.0,
                0.9549549549549551,
                0.0,
                0.6717557251908397,
                0.0
            ],
            [
                0.0,
                0.9549549549549551,
                0.0,
                0.6717557251908397,
                0.6563706563706564
            ]
        ],
        "epoches": [
            0,
            10,
            20,
            30
        ]
    },
    "val_avg_accuracy": {
        "best_results": [
            0.6436781883239746,
            0.9137930870056152,
            0.6724137663841248,
            0.5057471394538879,
            0.5114942789077759
        ],