{
    "train_avg_precision": {
        "best_results": [
            1.0,
            0.0,
            1.0,
            1.0,
            1.0
        ],
        "all_results": [
            [
                1.0,
                0.0,
                1.0,
                1.0,
                1.0
            ],
            [
                1.0,
                0.0,
                0.0,
                0.0,
                0.0
            ],
            [
                1.0,
                0.0,
                0.0,
                0.0,
                0.0
            ]
        ],
        "epoches": [
            0,
            10,
            20
        ]
    },
    "train_avg_recall": {
        "best_results": [
            0.9325153374233128,
            0.0,
            0.38650306748466257,
            0.5378323108384458,
            0.3006134969325153
        ],
        "all_results": [
            [
                0.9325153374233128,
                0.0,
                0.38650306748466257,
                0.5378323108384458,
                0.3006134969325153
            ],
            [
                0.9325153374233128,
                0.0,
                0.0,
                0.0,
                0.0
            ],
            [
                0.9325153374233128,
                0.0,
                0.0,
                0.0,
                0.0
            ]
        ],
        "epoches": [
            0,
            10,
            20
        ]
    },
    "train_avg_f1": {
        "best_results": [
            0.9650793650793651,
            0.0,
            0.5575221238938053,
            0.6994680851063829,
            0.4622641509433962
        ],
        "all_results": [
            [
                0.9650793650793651,
                0.0,
                0.5575221238938053,
                0.6994680851063829,
                0.4622641509433962
            ],
            [
                0.9650793650793651,
                0.0,
                0.0,
                0.0,
                0.0
            ],
            [
                0.9650793650793651,
                0.0,
                0.0,
                0.0,
                0.0
            ]
        ],
        "epoches": [
            0,
            10,
            20
        ]
    },
    "train_avg_accuracy": {
        "best_results": [
            0.9325153231620789,
            0.5439673066139221,
            0.6134969592094421,
            0.5378323197364807,
            0.699386477470398
        ],
        "all_results": [
            [
                0.9325153231620789,
                0.5439673066139221,
                0.6134969592094421,
                0.5378323197364807,
                0.699386477470398
            ],
            [
                0.9325153231620789,
                0.5439673066139221,
                0.6134969592094421,
                0.4621676802635193,
                0.699386477470398
            ],
            [
                0.9325153231620789,
                0.5439673066139221,
                0.6134969592094421,
                0.4621676802635193,
                0.699386477470398
            ]
        ],
        "epoches": [
            0,
            10,
            20
        ]
    },
    "val_avg_precision": {
        "best_results": [
            1.0,
            0.0,
            1.0,
            1.0,
            1.0
        ],
        "all_results": [
            [
                1.0,
                0.0,
                1.0,
                1.0,
                1.0
            ],
            [
                1.0,
                0.0,
                0.0,
                0.0,
                0.0
            ],
            [
                1.0,
                0.0,
                0.0,
                0.0,
                0.0
            ]
        ],
        "epoches": [
            0,
            10,
            20
        ]
    },
    "val_avg_recall": {
        "best_results": [
            0.926829268292683,
            0.0,
            0.4268292682926829,
            0.6280487804878049,
            0.27439024390243905
        ],
        "all_results": [
            [
                0.926829268292683,
                0.0,
                0.4268292682926829,
                0.6280487804878049,
                0.27439024390243905
            ],
            [
                0.926829268292683,
                0.0,
                0.0,
                0.0,
                0.0
            ],
            [
                0.926829268292683,
                0.0,
                0.0,
                0.0,
                0.0
            ]
        ],
        "epoches": [
            0,
            10,
            20
        ]
    },
    "val_avg_f1": {
        "best_results": [
            0.9620253164556963,
            0.0,
            0.5982905982905983,
            0.7715355805243447,
            0.430622009569378
        ],
        "all_results": [
            [
                0.9620253164556963,
                0.0,
                0.5982905982905983,
                0.7715355805243447,
                0.430622009569378
            ],
            [
                0.9620253164556963,
                0.0,
                0.0,
                0.0,
                0.0
            ],
            [
                0.9620253164556963,
                0.0,
                0.0,
                0.0,
                0.0
            ]
        ],
        "epoches": [
            0,
            10,
            20
        ]
    },
    "val_avg_accuracy": {
        "best_results": [
            0.9268292784690857,
            0.3841463327407837,
            0.5731707215309143,
            0.6280487775802612,
            0.7256097793579102
        ],
        "all_results": [
            [
                0.9268292784690857,
                0.3841463327407837,
                0.5731707215309143,
                0.6280487775802612,
                0.7256097793579102
            ],
            [
                0.9268292784690857,
                0.3841463327407837,
                0.5731707215309143,
                0.37195122241973877,
                0.7256097793579102
            ],
            [
                0.9268292784690857,
                0.3841463327407837,
                0.5731707215309143,
                0.37195122241973877,
                0.7256097793579102
            ]
        ],
        "epoches": [
            0,
            10,
            20
        ]
    },
    "test_avg_precision": {
        "best_results": [
            1.0,
            0.0,
            1.0,
            1.0,
            1.0
        ],
        "all_results": [
            [
                1.0,
                0.0,
                1.0,
                1.0,
                1.0
            ],
            [
                1.0,
                0.0,
                0.0,
                0.0,
                0.0
            ],
            [
                1.0,
                0.0,
                0.0,
                0.0,
                0.0
            ]
        ],
        "epoches": [
            0,
            10,
            20
        ]
    },
    "test_avg_recall": {
        "best_results": [
            0.6871165644171779,
            0.0,
            0.5214723926380368,
            0.50920245398773,
            0.32515337423312884
        ],
        "all_results": [
            [
                0.6871165644171779,
                0.0,
                0.5214723926380368,
                0.50920245398773,
                0.32515337423312884
            ],
            [
                0.6871165644171779,
                0.0,
                0.0,
                0.0,
                0.0
            ],
            [
                0.6871165644171779,
                0.0,
                0.0,
                0.0,
                0.0
            ]
        ],
        "epoches": [
            0,
            10,
            20
        ]
    },