{
    "train_avg_precision": {
        "best_results": [
            1.0,
            1.0,
            0.0,
            1.0,
            1.0
        ],
        "all_results": [
            [
                1.0,
                1.0,
                0.0,
                1.0,
                1.0
            ],
            [
                1.0,
                0.0,
                0.0,
                0.0,
                0.0
            ],
            [
                1.0,
                0.0,
                0.0,
                0.9920634920634921,
                0.0
            ],
            [
                1.0,
                1.0,
                0.0,
                1.0,
                0.0
            ]
        ],
        "epoches": [
            0,
            10,
            20,
            30
        ]
    },
    "train_avg_recall": {
        "best_results": [
            0.9456066945606695,
            0.4968553459119497,
            0.0,
            0.5285412262156448,
            0.42348008385744235
        ],
        "all_results": [
            [
                0.9456066945606695,
                0.4968553459119497,
                0.0,
                0.5285412262156448,
                0.42348008385744235
            ],
            [
                0.9456066945606695,
                0.0,
                0.0,
                0.0,
                0.0
            ],
            [
                0.9456066945606695,
                0.0,
                0.0,
                0.5285412262156448,
                0.0
            ],
            [
                0.9456066945606695,
                0.4968553459119497,
                0.0,
                0.5271966527196653,
                0.0
            ]
        ],
        "epoches": [
            0,
            10,
            20,
            30
        ]
    },
    "train_avg_f1": {
        "best_results": [
            0.9720430107526882,
            0.6638655462184874,
            0.0,
            0.6904109589041095,
            0.5949926362297496
        ],
        "all_results": [
            [
                0.9720430107526882,
                0.6638655462184874,
                0.0,
                0.6904109589041095,
                0.5949926362297496
            ],
            [
                0.9720430107526882,
                0.0,
                0.0,
                0.0,
                0.0
            ],
            [
                0.9720430107526882,
                0.0,
                0.0,
                0.6896551724137931,
                0.0
            ],
            [
                0.9720430107526882,
                0.6638655462184874,
                0.0,
                0.6904109589041095,
                0.0
            ]
        ],
        "epoches": [
            0,
            10,
            20,
            30
        ]
    },
    "train_avg_accuracy": {
        "best_results": [
            0.9456067085266113,
            0.5041841268539429,
            0.7364016771316528,
            0.5292887091636658,
            0.5774058699607849
        ],
        "all_results": [
            [
                0.9456067085266113,
                0.5041841268539429,
                0.7364016771316528,
                0.5292887091636658,
                0.5774058699607849
            ],
            [
                0.9456067085266113,
                0.5041841268539429,
                0.7364016771316528,
                0.47071129083633423,
                0.5774058699607849
            ],
            [
                0.9456067085266113,
                0.5041841268539429,
                0.7364016771316528,
                0.5292887091636658,
                0.5774058699607849
            ],
            [
                0.9456067085266113,
                0.49790793657302856,
                0.7364016771316528,
                0.5271966457366943,
                0.5774058699607849
            ]
        ],
        "epoches": [
            0,
            10,
            20,
            30
        ]
    },
    "val_avg_precision": {
        "best_results": [
            1.0,
            1.0,
            0.0,
            1.0,
            1.0
        ],
        "all_results": [
            [
                1.0,
                1.0,
                0.0,
                1.0,
                1.0
            ],
            [
                1.0,
                0.0,
                0.0,
                0.0,
                0.0
            ],
            [
                1.0,
                0.0,
                0.0,
                1.0,
                0.0
            ],
            [
                1.0,
                1.0,
                0.0,
                1.0,
                0.0
            ]
        ],
        "epoches": [
            0,
            10,
            20,
            30
        ]
    },
    "val_avg_recall": {
        "best_results": [
            0.89375,
            0.5625,
            0.0,
            0.5375,
            0.40625
        ],
        "all_results": [
            [
                0.89375,
                0.5625,
                0.0,
                0.5375,
                0.40625
            ],
            [
                0.89375,
                0.0,
                0.0,
                0.0,
                0.0
            ],
            [
                0.89375,
                0.0,
                0.0,
                0.5375,
                0.0
            ],
            [
                0.89375,
                0.5625,
                0.0,
                0.5375,
                0.0
            ]
        ],
        "epoches": [
            0,
            10,
            20,
            30
        ]
    },
    "val_avg_f1": {
        "best_results": [
            0.9438943894389439,
            0.72,
            0.0,
            0.6991869918699186,
            0.5777777777777777
        ],
        "all_results": [
            [
                0.9438943894389439,
                0.72,
                0.0,
                0.6991869918699186,
                0.5777777777777777
            ],
            [
                0.9438943894389439,
                0.0,
                0.0,
                0.0,
                0.0
            ],
            [
                0.9438943894389439,
                0.0,
                0.0,
                0.6991869918699186,
                0.0
            ],
            [
                0.9438943894389439,
                0.72,
                0.0,
                0.6991869918699186,
                0.0
            ]
        ],
        "epoches": [
            0,
            10,
            20,
            30
        ]
    },
    "val_avg_accuracy": {
        "best_results": [
            0.893750011920929,
            0.5625,
            0.6812499761581421,
            0.5375000238418579,
            0.59375
        ],
        "all_results": [
            [
                0.893750011920929,
                0.5625,
                0.6812499761581421,
                0.5375000238418579,
                0.59375
            ],
            [
                0.893750011920929,
                0.4375,
                0.6812499761581421,
                0.4625000059604645,
                0.59375
            ],
            [
                0.893750011920929,
                0.4375,
                0.6812499761581421,
                0.5375000238418579,
                0.59375
            ],
            [
                0.893750011920929,
                0.5625,
                0.6812499761581421,
                0.5375000238418579,
                0.59375
            ]
        ],
        "epoches": [
            0,
            10,
            20,
            30
        ]
    },
    "test_avg_precision": {
        "best_results": [
            1.0,
            1.0,
            0.0,
            1.0,
            1.0
        ],