{
    "train_avg_precision": {
        "best_results": [
            1.0,
            1.0,
            0.0,
            1.0,
            1.0
        ],
        "all_results": [
            [
                1.0,
                1.0,
                0.0,
                1.0,
                1.0
            ],
            [
                1.0,
                0.0,
                0.0,
                0.0,
                0.0
            ],
            [
                1.0,
                0.0,
                0.0,
                0.0,
                0.0
            ],
            [
                1.0,
                1.0,
                0.0,
                0.0,
                1.0
            ]
        ],
        "epoches": [
            0,
            10,
            20,
            30
        ]
    },
    "train_avg_recall": {
        "best_results": [
            0.935064935064935,
            0.46320346320346323,
            0.0,
            0.2012987012987013,
            0.49567099567099565
        ],
        "all_results": [
            [
                0.935064935064935,
                0.46320346320346323,
                0.0,
                0.2012987012987013,
                0.49567099567099565
            ],
            [
                0.935064935064935,
                0.0,
                0.0,
                0.0,
                0.0
            ],
            [
                0.935064935064935,
                0.0,
                0.0,
                0.0,
                0.0
            ],
            [
                0.935064935064935,
                0.46320346320346323,
                0.0,
                0.0,
                0.49567099567099565
            ]
        ],
        "epoches": [
            0,
            10,
            20,
            30
        ]
    },
    "train_avg_f1": {
        "best_results": [
            0.9664429530201343,
            0.6331360946745562,
            0.0,
            0.33513513513513515,
            0.662807525325615
        ],
        "all_results": [
            [
                0.9664429530201343,
                0.6331360946745562,
                0.0,
                0.33513513513513515,
                0.662807525325615
            ],
            [
                0.9664429530201343,
                0.0,
                0.0,
                0.0,
                0.0
            ],
            [
                0.9664429530201343,
                0.0,
                0.0,
                0.0,
                0.0
            ],
            [
                0.9664429530201343,
                0.6331360946745562,
                0.0,
                0.0,
                0.662807525325615
            ]
        ],
        "epoches": [
            0,
            10,
            20,
            30
        ]
    },
    "train_avg_accuracy": {
        "best_results": [
            0.9350649118423462,
            0.536796510219574,
            0.5974025726318359,
            0.798701286315918,
            0.5043290257453918
        ],
        "all_results": [
            [
                0.9350649118423462,
                0.536796510219574,
                0.5974025726318359,
                0.798701286315918,
                0.5043290257453918
            ],
            [
                0.9350649118423462,
                0.536796510219574,
                0.5974025726318359,
                0.798701286315918,
                0.5043290257453918
            ],
            [
                0.9350649118423462,
                0.536796510219574,
                0.5974025726318359,
                0.798701286315918,
                0.5043290257453918
            ],
            [
                0.9350649118423462,
                0.46320345997810364,
                0.5974025726318359,
                0.798701286315918,
                0.49567100405693054
            ]
        ],
        "epoches": [
            0,
            10,
            20,
            30
        ]
    },
    "val_avg_precision": {
        "best_results": [
            1.0,
            1.0,
            0.0,
            1.0,
            1.0
        ],
        "all_results": [
            [
                1.0,
                1.0,
                0.0,
                1.0,
                1.0
            ],
            [
                1.0,
                0.0,
                0.0,
                0.0,
                0.0
            ],
            [
                1.0,
                0.0,
                0.0,
                0.0,
                0.0
            ],
            [
                1.0,
                1.0,
                0.0,
                0.0,
                1.0
            ]
        ],
        "epoches": [
            0,
            10,
            20,
            30
        ]
    },
    "val_avg_recall": {
        "best_results": [
            0.896774193548387,
            0.567741935483871,
            0.0,
            0.3741935483870968,
            0.567741935483871
        ],
        "all_results": [
            [
                0.896774193548387,
                0.567741935483871,
                0.0,
                0.3741935483870968,
                0.567741935483871
            ],
            [
                0.896774193548387,
                0.0,
                0.0,
                0.0,
                0.0
            ],
            [
                0.896774193548387,
                0.0,
                0.0,
                0.0,
                0.0
            ],
            [
                0.896774193548387,
                0.567741935483871,
                0.0,
                0.0,
                0.567741935483871
            ]
        ],
        "epoches": [
            0,
            10,
            20,
            30
        ]
    },
    "val_avg_f1": {
        "best_results": [
            0.945578231292517,
            0.7242798353909464,
            0.0,
            0.5446009389671361,
            0.7242798353909464
        ],
        "all_results": [
            [
                0.945578231292517,
                0.7242798353909464,
                0.0,
                0.5446009389671361,
                0.7242798353909464
            ],
            [
                0.945578231292517,
                0.0,
                0.0,
                0.0,
                0.0
            ],
            [
                0.945578231292517,
                0.0,
                0.0,
                0.0,
                0.0
            ],
            [
                0.945578231292517,
                0.7242798353909464,
                0.0,
                0.0,
                0.7242798353909464
            ]
        ],
        "epoches": [
            0,
            10,
            20,
            30
        ]
    },
    "val_avg_accuracy": {
        "best_results": [
            0.896774172782898,
            0.5677419304847717,
            0.6064516305923462,
            0.625806450843811,
            0.5677419304847717
        ],
        "all_results": [
            [
                0.896774172782898,
                0.5677419304847717,
                0.6064516305923462,
                0.625806450843811,
                0.5677419304847717
            ],
            [
                0.896774172782898,
                0.43225806951522827,
                0.6064516305923462,
                0.625806450843811,
                0.43225806951522827
            ],
            [
                0.896774172782898,
                0.43225806951522827,
                0.6064516305923462,
                0.625806450843811,
                0.43225806951522827
            ],
            [
                0.896774172782898,
                0.5677419304847717,
                0.6064516305923462,
                0.625806450843811,
                0.5677419304847717
            ]
        ],