{
    "train_avg_precision": {
        "best_results": [
            1.0,
            1.0,
            1.0,
            1.0,
            0.0
        ],
        "all_results": [
            [
                1.0,
                1.0,
                1.0,
                1.0,
                0.0
            ],
            [
                1.0,
                0.0,
                0.0,
                0.0,
                0.0
            ],
            [
                1.0,
                0.0,
                0.0,
                0.0,
                0.0
            ],
            [
                1.0,
                0.0,
                0.0,
                0.0,
                0.0
            ],
            [
                1.0,
                0.0,
                0.0,
                0.0,
                0.0
            ],
            [
                1.0,
                0.0,
                0.0,
                0.0,
                0.0
            ],
            [
                1.0,
                0.0,
                0.0,
                0.0,
                0.0
            ]
        ],
        "epoches": [
            0,
            10,
            20,
            30,
            40,
            50,
            60
        ]
    },
    "train_avg_recall": {
        "best_results": [
            0.9215686274509803,
            0.13865546218487396,
            0.2030812324929972,
            0.2184873949579832,
            0.0
        ],
        "all_results": [
            [
                0.9215686274509803,
                0.13865546218487396,
                0.2030812324929972,
                0.2184873949579832,
                0.0
            ],
            [
                0.9215686274509803,
                0.0,
                0.0,
                0.0,
                0.0
            ],
            [
                0.9215686274509803,
                0.0,
                0.0,
                0.0,
                0.0
            ],
            [
                0.9215686274509803,
                0.0,
                0.0,
                0.0,
                0.0
            ],
            [
                0.9215686274509803,
                0.0,
                0.0,
                0.0,
                0.0
            ],
            [
                0.9215686274509803,
                0.0,
                0.0,
                0.0,
                0.0
            ],
            [
                0.9215686274509803,
                0.0,
                0.0,
                0.0,
                0.0
            ]
        ],
        "epoches": [
            0,
            10,
            20,
            30,
            40,
            50,
            60
        ]
    },
    "train_avg_f1": {
        "best_results": [
            0.9591836734693878,
            0.24354243542435428,
            0.33760186263096625,
            0.3586206896551724,
            0.0
        ],
        "all_results": [
            [
                0.9591836734693878,
                0.24354243542435428,
                0.33760186263096625,
                0.3586206896551724,
                0.0
            ],
            [
                0.9591836734693878,
                0.0,
                0.0,
                0.0,
                0.0
            ],
            [
                0.9591836734693878,
                0.0,
                0.0,
                0.0,
                0.0
            ],
            [
                0.9591836734693878,
                0.0,
                0.0,
                0.0,
                0.0
            ],
            [
                0.9591836734693878,
                0.0,
                0.0,
                0.0,
                0.0
            ],
            [
                0.9591836734693878,
                0.0,
                0.0,
                0.0,
                0.0
            ],
            [
                0.9591836734693878,
                0.0,
                0.0,
                0.0,
                0.0
            ]
        ],
        "epoches": [
            0,
            10,
            20,
            30,
            40,
            50,
            60
        ]
    },
    "train_avg_accuracy": {
        "best_results": [
            0.9215686321258545,
            0.8613445162773132,
            0.7969187498092651,
            0.7815126180648804,
            0.8221288323402405
        ],
        "all_results": [
            [
                0.9215686321258545,
                0.8613445162773132,
                0.7969187498092651,
                0.7815126180648804,
                0.8221288323402405
            ],
            [
                0.9215686321258545,
                0.8613445162773132,
                0.7969187498092651,
                0.7815126180648804,
                0.8221288323402405
            ],
            [
                0.9215686321258545,
                0.8613445162773132,
                0.7969187498092651,
                0.7815126180648804,
                0.8221288323402405
            ],
            [
                0.9215686321258545,
                0.8613445162773132,
                0.7969187498092651,
                0.7815126180648804,
                0.8221288323402405
            ],
            [
                0.9215686321258545,
                0.8613445162773132,
                0.7969187498092651,
                0.7815126180648804,
                0.8221288323402405
            ],
            [
                0.9215686321258545,
                0.8613445162773132,
                0.7969187498092651,
                0.7815126180648804,
                0.8221288323402405
            ],
            [
                0.9215686321258545,
                0.8613445162773132,
                0.7969187498092651,
                0.7815126180648804,
                0.8221288323402405
            ]
        ],
        "epoches": [
            0,
            10,
            20,
            30,
            40,
            50,
            60
        ]
    },
    "val_avg_precision": {
        "best_results": [
            1.0,
            1.0,
            1.0,
            1.0,
            0.0
        ],
        "all_results": [
            [
                1.0,
                1.0,
                1.0,
                1.0,
                0.0
            ],
            [
                1.0,
                0.0,
                0.0,
                0.0,
                0.0
            ],
            [
                1.0,
                0.0,
                0.0,
                0.0,
                0.0
            ],
            [
                1.0,
                0.0,
                0.0,
                0.0,
                0.0
            ],
            [
                1.0,
                0.0,
                0.0,
                0.0,
                0.0
            ],
            [
                1.0,
                0.0,
                0.0,
                0.0,
                0.0
            ],
            [
                1.0,
                0.0,
                0.0,
                0.0,
                0.0
            ]
        ],
        "epoches": [
            0,
            10,
            20,
            30,
            40,
            50,
            60
        ]
    },
    "val_avg_recall": {
        "best_results": [
            0.8991596638655462,
            0.06302521008403361,
            0.5546218487394958,
            0.1092436974789916,
            0.0
        ],