{
    "train_avg_precision": {
        "best_results": [
            1.0,
            0.0,
            1.0,
            0.0,
            0.0
        ],
        "all_results": [
            [
                1.0,
                0.0,
                1.0,
                0.0,
                0.0
            ],
            [
                1.0,
                0.0,
                0.0,
                0.0,
                0.0
            ],
            [
                1.0,
                0.0,
                0.0,
                0.0,
                0.0
            ],
            [
                1.0,
                0.0,
                0.0,
                0.0,
                0.0
            ],
            [
                1.0,
                0.0,
                0.0,
                0.0,
                0.0
            ],
            [
                1.0,
                0.0,
                0.0,
                0.0,
                0.0
            ]
        ],
        "epoches": [
            0,
            10,
            20,
            30,
            40,
            50
        ]
    },
    "train_avg_recall": {
        "best_results": [
            0.9463414634146341,
            0.0,
            0.15447154471544716,
            0.0,
            0.0
        ],
        "all_results": [
            [
                0.9463414634146341,
                0.0,
                0.15447154471544716,
                0.0,
                0.0
            ],
            [
                0.9463414634146341,
                0.0,
                0.0,
                0.0,
                0.0
            ],
            [
                0.9463414634146341,
                0.0,
                0.0,
                0.0,
                0.0
            ],
            [
                0.9463414634146341,
                0.0,
                0.0,
                0.0,
                0.0
            ],
            [
                0.9463414634146341,
                0.0,
                0.0,
                0.0,
                0.0
            ],
            [
                0.9463414634146341,
                0.0,
                0.0,
                0.0,
                0.0
            ]
        ],
        "epoches": [
            0,
            10,
            20,
            30,
            40,
            50
        ]
    },
    "train_avg_f1": {
        "best_results": [
            0.9724310776942355,
            0.0,
            0.2676056338028169,
            0.0,
            0.0
        ],
        "all_results": [
            [
                0.9724310776942355,
                0.0,
                0.2676056338028169,
                0.0,
                0.0
            ],
            [
                0.9724310776942355,
                0.0,
                0.0,
                0.0,
                0.0
            ],
            [
                0.9724310776942355,
                0.0,
                0.0,
                0.0,
                0.0
            ],
            [
                0.9724310776942355,
                0.0,
                0.0,
                0.0,
                0.0
            ],
            [
                0.9724310776942355,
                0.0,
                0.0,
                0.0,
                0.0
            ],
            [
                0.9724310776942355,
                0.0,
                0.0,
                0.0,
                0.0
            ]
        ],
        "epoches": [
            0,
            10,
            20,
            30,
            40,
            50
        ]
    },
    "train_avg_accuracy": {
        "best_results": [
            0.9463414549827576,
            0.8845528364181519,
            0.8455284833908081,
            0.7349593639373779,
            0.8487805128097534
        ],
        "all_results": [
            [
                0.9463414549827576,
                0.8845528364181519,
                0.8455284833908081,
                0.7349593639373779,
                0.8487805128097534
            ],
            [
                0.9463414549827576,
                0.8845528364181519,
                0.8455284833908081,
                0.7349593639373779,
                0.8487805128097534
            ],
            [
                0.9463414549827576,
                0.8845528364181519,
                0.8455284833908081,
                0.7349593639373779,
                0.8487805128097534
            ],
            [
                0.9463414549827576,
                0.8845528364181519,
                0.8455284833908081,
                0.7349593639373779,
                0.8487805128097534
            ],
            [
                0.9463414549827576,
                0.8845528364181519,
                0.8455284833908081,
                0.7349593639373779,
                0.8487805128097534
            ],
            [
                0.9463414549827576,
                0.8845528364181519,
                0.8455284833908081,
                0.7349593639373779,
                0.8487805128097534
            ]
        ],
        "epoches": [
            0,
            10,
            20,
            30,
            40,
            50
        ]
    },
    "val_avg_precision": {
        "best_results": [
            1.0,
            0.0,
            1.0,
            0.0,
            0.0
        ],
        "all_results": [
            [
                1.0,
                0.0,
                1.0,
                0.0,
                0.0
            ],
            [
                1.0,
                0.0,
                0.0,
                0.0,
                0.0
            ],
            [
                1.0,
                0.0,
                0.0,
                0.0,
                0.0
            ],
            [
                1.0,
                0.0,
                0.0,
                0.0,
                0.0
            ],
            [
                1.0,
                0.0,
                0.0,
                0.0,
                0.0
            ],
            [
                1.0,
                0.0,
                0.0,
                0.0,
                0.0
            ]
        ],
        "epoches": [
            0,
            10,
            20,
            30,
            40,
            50
        ]
    },
    "val_avg_recall": {
        "best_results": [
            0.848780487804878,
            0.0,
            0.23414634146341465,
            0.0,
            0.0
        ],
        "all_results": [
            [
                0.848780487804878,
                0.0,
                0.23414634146341465,
                0.0,
                0.0
            ],
            [
                0.848780487804878,
                0.0,
                0.0,
                0.0,
                0.0
            ],
            [
                0.848780487804878,
                0.0,
                0.0,
                0.0,
                0.0
            ],
            [
                0.848780487804878,
                0.0,
                0.0,
                0.0,
                0.0
            ],
            [
                0.848780487804878,
                0.0,
                0.0,
                0.0,
                0.0
            ],
            [
                0.848780487804878,
                0.0,
                0.0,
                0.0,
                0.0
            ]
        ],
        "epoches": [
            0,
            10,
            20,
            30,
            40,
            50
        ]
    },
    "val_avg_f1": {
        "best_results": [
            0.9182058047493404,
            0.0,
            0.37944664031620556,
            0.0,
            0.0
        ],