{
    "train_avg_precision": {
        "best_results": [
            1.0,
            0.0,
            0.0,
            0.0,
            1.0
        ],
        "all_results": [
            [
                1.0,
                0.0,
                0.0,
                0.0,
                1.0
            ],
            [
                1.0,
                0.0,
                0.0,
                0.0,
                0.0
            ],
            [
                1.0,
                0.0,
                0.0,
                0.0,
                0.0
            ],
            [
                1.0,
                0.0,
                0.0,
                0.0,
                0.0
            ],
            [
                1.0,
                0.0,
                0.0,
                0.0,
                0.0
            ],
            [
                1.0,
                0.0,
                0.0,
                0.0,
                0.0
            ],
            [
                1.0,
                0.0,
                0.0,
                0.0,
                0.0
            ]
        ],
        "epoches": [
            0,
            10,
            20,
            30,
            40,
            50,
            60
        ]
    },
    "train_avg_recall": {
        "best_results": [
            0.968798751950078,
            0.0,
            0.0,
            0.0,
            0.0967238689547582
        ],
        "all_results": [
            [
                0.968798751950078,
                0.0,
                0.0,
                0.0,
                0.0967238689547582
            ],
            [
                0.968798751950078,
                0.0,
                0.0,
                0.0,
                0.0
            ],
            [
                0.968798751950078,
                0.0,
                0.0,
                0.0,
                0.0
            ],
            [
                0.968798751950078,
                0.0,
                0.0,
                0.0,
                0.0
            ],
            [
                0.968798751950078,
                0.0,
                0.0,
                0.0,
                0.0
            ],
            [
                0.968798751950078,
                0.0,
                0.0,
                0.0,
                0.0
            ],
            [
                0.968798751950078,
                0.0,
                0.0,
                0.0,
                0.0
            ]
        ],
        "epoches": [
            0,
            10,
            20,
            30,
            40,
            50,
            60
        ]
    },
    "train_avg_f1": {
        "best_results": [
            0.9841521394611727,
            0.0,
            0.0,
            0.0,
            0.17638691322901848
        ],
        "all_results": [
            [
                0.9841521394611727,
                0.0,
                0.0,
                0.0,
                0.17638691322901848
            ],
            [
                0.9841521394611727,
                0.0,
                0.0,
                0.0,
                0.0
            ],
            [
                0.9841521394611727,
                0.0,
                0.0,
                0.0,
                0.0
            ],
            [
                0.9841521394611727,
                0.0,
                0.0,
                0.0,
                0.0
            ],
            [
                0.9841521394611727,
                0.0,
                0.0,
                0.0,
                0.0
            ],
            [
                0.9841521394611727,
                0.0,
                0.0,
                0.0,
                0.0
            ],
            [
                0.9841521394611727,
                0.0,
                0.0,
                0.0,
                0.0
            ]
        ],
        "epoches": [
            0,
            10,
            20,
            30,
            40,
            50,
            60
        ]
    },
    "train_avg_accuracy": {
        "best_results": [
            0.9687987565994263,
            0.8268330693244934,
            0.7628704905509949,
            0.8673946857452393,
            0.9032761454582214
        ],
        "all_results": [
            [
                0.9687987565994263,
                0.8268330693244934,
                0.7628704905509949,
                0.8673946857452393,
                0.9032761454582214
            ],
            [
                0.9687987565994263,
                0.8268330693244934,
                0.7628704905509949,
                0.8673946857452393,
                0.9032761454582214
            ],
            [
                0.9687987565994263,
                0.8268330693244934,
                0.7628704905509949,
                0.8673946857452393,
                0.9032761454582214
            ],
            [
                0.9687987565994263,
                0.8268330693244934,
                0.7628704905509949,
                0.8673946857452393,
                0.9032761454582214
            ],
            [
                0.9687987565994263,
                0.8268330693244934,
                0.7628704905509949,
                0.8673946857452393,
                0.9032761454582214
            ],
            [
                0.9687987565994263,
                0.8268330693244934,
                0.7628704905509949,
                0.8673946857452393,
                0.9032761454582214
            ],
            [
                0.9687987565994263,
                0.8268330693244934,
                0.7628704905509949,
                0.8673946857452393,
                0.9032761454582214
            ]
        ],
        "epoches": [
            0,
            10,
            20,
            30,
            40,
            50,
            60
        ]
    },
    "val_avg_precision": {
        "best_results": [
            1.0,
            0.0,
            0.0,
            0.0,
            1.0
        ],
        "all_results": [
            [
                1.0,
                0.0,
                0.0,
                0.0,
                1.0
            ],
            [
                1.0,
                0.0,
                0.0,
                0.0,
                0.0
            ],
            [
                1.0,
                0.0,
                0.0,
                0.0,
                0.0
            ],
            [
                1.0,
                0.0,
                0.0,
                0.0,
                0.0
            ],
            [
                1.0,
                0.0,
                0.0,
                0.0,
                0.0
            ],
            [
                1.0,
                0.0,
                0.0,
                0.0,
                0.0
            ],
            [
                1.0,
                0.0,
                0.0,
                0.0,
                0.0
            ]
        ],
        "epoches": [
            0,
            10,
            20,
            30,
            40,
            50,
            60
        ]
    },
    "val_avg_recall": {
        "best_results": [
            0.822429906542056,
            0.0,
            0.0,
            0.0,
            0.09813084112149532
        ],