{
    "train_avg_precision": {
        "best_results": [
            1.0,
            0.0,
            1.0,
            1.0,
            0.0
        ],
        "all_results": [
            [
                1.0,
                0.0,
                1.0,
                1.0,
                0.0
            ],
            [
                1.0,
                0.0,
                0.0,
                0.0,
                0.0
            ],
            [
                1.0,
                0.0,
                0.0,
                0.0,
                0.0
            ],
            [
                1.0,
                0.0,
                0.0,
                0.0,
                0.0
            ],
            [
                1.0,
                0.0,
                0.0,
                0.0,
                0.0
            ],
            [
                1.0,
                0.0,
                0.0,
                0.0,
                0.0
            ],
            [
                1.0,
                0.0,
                0.0,
                0.0,
                0.0
            ]
        ],
        "epoches": [
            0,
            10,
            20,
            30,
            40,
            50,
            60
        ]
    },
    "train_avg_recall": {
        "best_results": [
            0.9513776337115073,
            0.0,
            0.25162337662337664,
            0.19642857142857142,
            0.0
        ],
        "all_results": [
            [
                0.9513776337115073,
                0.0,
                0.25162337662337664,
                0.19642857142857142,
                0.0
            ],
            [
                0.9513776337115073,
                0.0,
                0.0,
                0.0,
                0.0
            ],
            [
                0.9513776337115073,
                0.0,
                0.0,
                0.0,
                0.0
            ],
            [
                0.9513776337115073,
                0.0,
                0.0,
                0.0,
                0.0
            ],
            [
                0.9513776337115073,
                0.0,
                0.0,
                0.0,
                0.0
            ],
            [
                0.9513776337115073,
                0.0,
                0.0,
                0.0,
                0.0
            ],
            [
                0.9513776337115073,
                0.0,
                0.0,
                0.0,
                0.0
            ]
        ],
        "epoches": [
            0,
            10,
            20,
            30,
            40,
            50,
            60
        ]
    },
    "train_avg_f1": {
        "best_results": [
            0.9750830564784053,
            0.0,
            0.40207522697795073,
            0.3283582089552239,
            0.0
        ],
        "all_results": [
            [
                0.9750830564784053,
                0.0,
                0.40207522697795073,
                0.3283582089552239,
                0.0
            ],
            [
                0.9750830564784053,
                0.0,
                0.0,
                0.0,
                0.0
            ],
            [
                0.9750830564784053,
                0.0,
                0.0,
                0.0,
                0.0
            ],
            [
                0.9750830564784053,
                0.0,
                0.0,
                0.0,
                0.0
            ],
            [
                0.9750830564784053,
                0.0,
                0.0,
                0.0,
                0.0
            ],
            [
                0.9750830564784053,
                0.0,
                0.0,
                0.0,
                0.0
            ],
            [
                0.9750830564784053,
                0.0,
                0.0,
                0.0,
                0.0
            ]
        ],
        "epoches": [
            0,
            10,
            20,
            30,
            40,
            50,
            60
        ]
    },
    "train_avg_accuracy": {
        "best_results": [
            0.9513776302337646,
            0.854132890701294,
            0.7487844228744507,
            0.803889811038971,
            0.9108589887619019
        ],
        "all_results": [
            [
                0.9513776302337646,
                0.854132890701294,
                0.7487844228744507,
                0.803889811038971,
                0.9108589887619019
            ],
            [
                0.9513776302337646,
                0.854132890701294,
                0.7487844228744507,
                0.803889811038971,
                0.9108589887619019
            ],
            [
                0.9513776302337646,
                0.854132890701294,
                0.7487844228744507,
                0.803889811038971,
                0.9108589887619019
            ],
            [
                0.9513776302337646,
                0.854132890701294,
                0.7487844228744507,
                0.803889811038971,
                0.9108589887619019
            ],
            [
                0.9513776302337646,
                0.854132890701294,
                0.7487844228744507,
                0.803889811038971,
                0.9108589887619019
            ],
            [
                0.9513776302337646,
                0.854132890701294,
                0.7487844228744507,
                0.803889811038971,
                0.9108589887619019
            ],
            [
                0.9513776302337646,
                0.854132890701294,
                0.7487844228744507,
                0.803889811038971,
                0.9108589887619019
            ]
        ],
        "epoches": [
            0,
            10,
            20,
            30,
            40,
            50,
            60
        ]
    },
    "val_avg_precision": {
        "best_results": [
            1.0,
            0.0,
            1.0,
            1.0,
            0.0
        ],
        "all_results": [
            [
                1.0,
                0.0,
                1.0,
                1.0,
                0.0
            ],
            [
                1.0,
                0.0,
                0.0,
                0.0,
                0.0
            ],
            [
                1.0,
                0.0,
                0.0,
                0.0,
                0.0
            ],
            [
                1.0,
                0.0,
                0.0,
                0.0,
                0.0
            ],
            [
                1.0,
                0.0,
                0.0,
                0.0,
                0.0
            ],
            [
                1.0,
                0.0,
                0.0,
                0.0,
                0.0
            ],
            [
                1.0,
                0.0,
                0.0,
                0.0,
                0.0
            ]
        ],
        "epoches": [
            0,
            10,
            20,
            30,
            40,
            50,
            60
        ]
    },
    "val_avg_recall": {
        "best_results": [
            0.8543689320388349,
            0.0,
            0.5728155339805825,
            0.19902912621359223,
            0.0
        ],