{
    "train_avg_precision": {
        "best_results": [
            0.0,
            1.0,
            0.9411764705882353,
            0.0,
            0.0
        ],
        "all_results": [
            [
                0.0,
                1.0,
                0.9411764705882353,
                0.0,
                0.0
            ],
            [
                0.0,
                1.0,
                0.0,
                0.0,
                0.0
            ],
            [
                0.0,
                1.0,
                0.0,
                0.0,
                0.0
            ],
            [
                0.0,
                1.0,
                0.0,
                0.0,
                0.0
            ],
            [
                0.0,
                1.0,
                0.0,
                0.0,
                0.0
            ],
            [
                0.0,
                1.0,
                0.0,
                0.0,
                0.0
            ],
            [
                0.0,
                1.0,
                0.9411764705882353,
                0.0,
                0.0
            ]
        ],
        "epoches": [
            0,
            10,
            20,
            30,
            40,
            50,
            60
        ]
    },
    "train_avg_recall": {
        "best_results": [
            0.0,
            0.940625,
            0.2684563758389262,
            0.0,
            0.0
        ],
        "all_results": [
            [
                0.0,
                0.940625,
                0.2684563758389262,
                0.0,
                0.0
            ],
            [
                0.0,
                0.940625,
                0.0,
                0.0,
                0.0
            ],
            [
                0.0,
                0.940625,
                0.0,
                0.0,
                0.0
            ],
            [
                0.0,
                0.940625,
                0.0,
                0.0,
                0.0
            ],
            [
                0.0,
                0.940625,
                0.0,
                0.0,
                0.0
            ],
            [
                0.0,
                0.940625,
                0.0,
                0.0,
                0.0
            ],
            [
                0.0,
                0.940625,
                0.2684563758389262,
                0.0,
                0.0
            ]
        ],
        "epoches": [
            0,
            10,
            20,
            30,
            40,
            50,
            60
        ]
    },
    "train_avg_f1": {
        "best_results": [
            0.0,
            0.9694041867954911,
            0.4177545691906005,
            0.0,
            0.0
        ],
        "all_results": [
            [
                0.0,
                0.9694041867954911,
                0.4177545691906005,
                0.0,
                0.0
            ],
            [
                0.0,
                0.9694041867954911,
                0.0,
                0.0,
                0.0
            ],
            [
                0.0,
                0.9694041867954911,
                0.0,
                0.0,
                0.0
            ],
            [
                0.0,
                0.9694041867954911,
                0.0,
                0.0,
                0.0
            ],
            [
                0.0,
                0.9694041867954911,
                0.0,
                0.0,
                0.0
            ],
            [
                0.0,
                0.9694041867954911,
                0.0,
                0.0,
                0.0
            ],
            [
                0.0,
                0.9694041867954911,
                0.4177545691906005,
                0.0,
                0.0
            ]
        ],
        "epoches": [
            0,
            10,
            20,
            30,
            40,
            50,
            60
        ]
    },
    "train_avg_accuracy": {
        "best_results": [
            0.7984374761581421,
            0.940625011920929,
            0.734375,
            0.8687499761581421,
            0.909375011920929
        ],
        "all_results": [
            [
                0.7984374761581421,
                0.940625011920929,
                0.734375,
                0.8687499761581421,
                0.909375011920929
            ],
            [
                0.7984374761581421,
                0.940625011920929,
                0.734375,
                0.8687499761581421,
                0.909375011920929
            ],
            [
                0.7984374761581421,
                0.940625011920929,
                0.734375,
                0.8687499761581421,
                0.909375011920929
            ],
            [
                0.7984374761581421,
                0.940625011920929,
                0.734375,
                0.8687499761581421,
                0.909375011920929
            ],
            [
                0.7984374761581421,
                0.940625011920929,
                0.734375,
                0.8687499761581421,
                0.909375011920929
            ],
            [
                0.7984374761581421,
                0.940625011920929,
                0.734375,
                0.8687499761581421,
                0.909375011920929
            ],
            [
                0.7984374761581421,
                0.940625011920929,
                0.3031249940395355,
                0.8687499761581421,
                0.909375011920929
            ]
        ],
        "epoches": [
            0,
            10,
            20,
            30,
            40,
            50,
            60
        ]
    },
    "val_avg_precision": {
        "best_results": [
            0.0,
            1.0,
            0.9222222222222223,
            0.0,
            0.0
        ],
        "all_results": [
            [
                0.0,
                1.0,
                0.9222222222222223,
                0.0,
                0.0
            ],
            [
                0.0,
                1.0,
                0.0,
                0.0,
                0.0
            ],
            [
                0.0,
                1.0,
                0.0,
                0.0,
                0.0
            ],
            [
                0.0,
                1.0,
                0.0,
                0.0,
                0.0
            ],
            [
                0.0,
                1.0,
                0.0,
                0.0,
                0.0
            ],
            [
                0.0,
                1.0,
                0.0,
                0.0,
                0.0
            ],
            [
                0.0,
                1.0,
                0.9222222222222223,
                0.0,
                0.0
            ]
        ],
        "epoches": [
            0,
            10,
            20,
            30,
            40,
            50,
            60
        ]
    },
    "val_avg_recall": {
        "best_results": [
            0.0,
            0.9392523364485982,
            0.41708542713567837,
            0.0,
            0.0
        ],