{
    "train_avg_precision": {
        "best_results": [
            1.0,
            0.0,
            1.0,
            0.0,
            1.0
        ],
        "all_results": [
            [
                1.0,
                0.0,
                1.0,
                0.0,
                1.0
            ],
            [
                1.0,
                0.0,
                0.0,
                0.0,
                0.0
            ],
            [
                1.0,
                0.0,
                0.0,
                0.0,
                0.0
            ],
            [
                1.0,
                0.0,
                0.0,
                0.0,
                0.0
            ]
        ],
        "epoches": [
            0,
            10,
            20,
            30
        ]
    },
    "train_avg_recall": {
        "best_results": [
            0.9357945425361156,
            0.0,
            0.1653290529695024,
            0.0,
            0.24719101123595505
        ],
        "all_results": [
            [
                0.9357945425361156,
                0.0,
                0.1653290529695024,
                0.0,
                0.24719101123595505
            ],
            [
                0.9357945425361156,
                0.0,
                0.0,
                0.0,
                0.0
            ],
            [
                0.9357945425361156,
                0.0,
                0.0,
                0.0,
                0.0
            ],
            [
                0.9357945425361156,
                0.0,
                0.0,
                0.0,
                0.0
            ]
        ],
        "epoches": [
            0,
            10,
            20,
            30
        ]
    },
    "train_avg_f1": {
        "best_results": [
            0.966832504145937,
            0.0,
            0.2837465564738292,
            0.0,
            0.3963963963963964
        ],
        "all_results": [
            [
                0.966832504145937,
                0.0,
                0.2837465564738292,
                0.0,
                0.3963963963963964
            ],
            [
                0.966832504145937,
                0.0,
                0.0,
                0.0,
                0.0
            ],
            [
                0.966832504145937,
                0.0,
                0.0,
                0.0,
                0.0
            ],
            [
                0.966832504145937,
                0.0,
                0.0,
                0.0,
                0.0
            ]
        ],
        "epoches": [
            0,
            10,
            20,
            30
        ]
    },
    "train_avg_accuracy": {
        "best_results": [
            0.9357945322990417,
            0.8234350085258484,
            0.8346709609031677,
            0.8571428656578064,
            0.7528089880943298
        ],
        "all_results": [
            [
                0.9357945322990417,
                0.8234350085258484,
                0.8346709609031677,
                0.8571428656578064,
                0.7528089880943298
            ],
            [
                0.9357945322990417,
                0.8234350085258484,
                0.8346709609031677,
                0.8571428656578064,
                0.7528089880943298
            ],
            [
                0.9357945322990417,
                0.8234350085258484,
                0.8346709609031677,
                0.8571428656578064,
                0.7528089880943298
            ],
            [
                0.9357945322990417,
                0.8234350085258484,
                0.8346709609031677,
                0.8571428656578064,
                0.7528089880943298
            ]
        ],
        "epoches": [
            0,
            10,
            20,
            30
        ]
    },
    "val_avg_precision": {
        "best_results": [
            1.0,
            0.0,
            1.0,
            0.0,
            1.0
        ],
        "all_results": [
            [
                1.0,
                0.0,
                1.0,
                0.0,
                1.0
            ],
            [
                1.0,
                0.0,
                0.0,
                0.0,
                0.0
            ],
            [
                1.0,
                0.0,
                0.0,
                0.0,
                0.0
            ],
            [
                1.0,
                0.0,
                0.0,
                0.0,
                0.0
            ]
        ],
        "epoches": [
            0,
            10,
            20,
            30
        ]
    },
    "val_avg_recall": {
        "best_results": [
            0.9230769230769231,
            0.0,
            0.1875,
            0.0,
            0.34615384615384615
        ],
        "all_results": [
            [
                0.9230769230769231,
                0.0,
                0.1875,
                0.0,
                0.34615384615384615
            ],
            [
                0.9230769230769231,
                0.0,
                0.0,
                0.0,
                0.0
            ],
            [
                0.9230769230769231,
                0.0,
                0.0,
                0.0,
                0.0
            ],
            [
                0.9230769230769231,
                0.0,
                0.0,
                0.0,
                0.0
            ]
        ],
        "epoches": [
            0,
            10,
            20,
            30
        ]
    },
    "val_avg_f1": {
        "best_results": [
            0.9600000000000001,
            0.0,
            0.3157894736842105,
            0.0,
            0.5142857142857142
        ],
        "all_results": [
            [
                0.9600000000000001,
                0.0,
                0.3157894736842105,
                0.0,
                0.5142857142857142
            ],
            [
                0.9600000000000001,
                0.0,
                0.0,
                0.0,
                0.0
            ],
            [
                0.9600000000000001,
                0.0,
                0.0,
                0.0,
                0.0
            ],
            [
                0.9600000000000001,
                0.0,
                0.0,
                0.0,
                0.0
            ]
        ],
        "epoches": [
            0,
            10,
            20,
            30
        ]
    },
    "val_avg_accuracy": {
        "best_results": [
            0.9230769276618958,
            0.7644230723381042,
            0.8125,
            0.8990384340286255,
            0.6538461446762085
        ],
        "all_results": [
            [
                0.9230769276618958,
                0.7644230723381042,
                0.8125,
                0.8990384340286255,
                0.6538461446762085
            ],
            [
                0.9230769276618958,
                0.7644230723381042,
                0.8125,
                0.8990384340286255,
                0.6538461446762085
            ],
            [
                0.9230769276618958,
                0.7644230723381042,
                0.8125,
                0.8990384340286255,
                0.6538461446762085
            ],
            [
                0.9230769276618958,
                0.7644230723381042,
                0.8125,
                0.8990384340286255,
                0.6538461446762085
            ]
        ],
        "epoches": [
            0,
            10,
            20,
            30
        ]
    },
    "test_avg_precision": {
        "best_results": [
            1.0,
            0.0,
            1.0,
            0.0,
            1.0
        ],