{
    "train_avg_precision": {
        "best_results": [
            1.0,
            0.0,
            0.0,
            0.0,
            0.0
        ],
        "all_results": [
            [
                1.0,
                0.0,
                0.0,
                0.0,
                0.0
            ],
            [
                1.0,
                0.0,
                0.0,
                0.0,
                0.0
            ],
            [
                1.0,
                0.0,
                0.0,
                0.0,
                0.0
            ],
            [
                1.0,
                0.0,
                0.0,
                0.0,
                0.0
            ],
            [
                1.0,
                0.0,
                0.0,
                0.0,
                0.0
            ],
            [
                1.0,
                0.0,
                0.0,
                0.0,
                0.0
            ],
            [
                1.0,
                0.0,
                0.0,
                0.0,
                0.0
            ],
            [
                1.0,
                0.0,
                0.0,
                0.0,
                0.0
            ]
        ],
        "epoches": [
            0,
            10,
            20,
            30,
            40,
            50,
            60,
            70
        ]
    },
    "train_avg_recall": {
        "best_results": [
            0.9437086092715232,
            0.0,
            0.0,
            0.0,
            0.0
        ],
        "all_results": [
            [
                0.9437086092715232,
                0.0,
                0.0,
                0.0,
                0.0
            ],
            [
                0.9437086092715232,
                0.0,
                0.0,
                0.0,
                0.0
            ],
            [
                0.9437086092715232,
                0.0,
                0.0,
                0.0,
                0.0
            ],
            [
                0.9437086092715232,
                0.0,
                0.0,
                0.0,
                0.0
            ],
            [
                0.9437086092715232,
                0.0,
                0.0,
                0.0,
                0.0
            ],
            [
                0.9437086092715232,
                0.0,
                0.0,
                0.0,
                0.0
            ],
            [
                0.9437086092715232,
                0.0,
                0.0,
                0.0,
                0.0
            ],
            [
                0.9437086092715232,
                0.0,
                0.0,
                0.0,
                0.0
            ]
        ],
        "epoches": [
            0,
            10,
            20,
            30,
            40,
            50,
            60,
            70
        ]
    },
    "train_avg_f1": {
        "best_results": [
            0.9710391822827938,
            0.0,
            0.0,
            0.0,
            0.0
        ],
        "all_results": [
            [
                0.9710391822827938,
                0.0,
                0.0,
                0.0,
                0.0
            ],
            [
                0.9710391822827938,
                0.0,
                0.0,
                0.0,
                0.0
            ],
            [
                0.9710391822827938,
                0.0,
                0.0,
                0.0,
                0.0
            ],
            [
                0.9710391822827938,
                0.0,
                0.0,
                0.0,
                0.0
            ],
            [
                0.9710391822827938,
                0.0,
                0.0,
                0.0,
                0.0
            ],
            [
                0.9710391822827938,
                0.0,
                0.0,
                0.0,
                0.0
            ],
            [
                0.9710391822827938,
                0.0,
                0.0,
                0.0,
                0.0
            ],
            [
                0.9710391822827938,
                0.0,
                0.0,
                0.0,
                0.0
            ]
        ],
        "epoches": [
            0,
            10,
            20,
            30,
            40,
            50,
            60,
            70
        ]
    },
    "train_avg_accuracy": {
        "best_results": [
            0.943708598613739,
            0.7400662302970886,
            0.9188741445541382,
            0.860927164554596,
            0.8211920261383057
        ],
        "all_results": [
            [
                0.943708598613739,
                0.7400662302970886,
                0.9188741445541382,
                0.860927164554596,
                0.8211920261383057
            ],
            [
                0.943708598613739,
                0.7400662302970886,
                0.9188741445541382,
                0.860927164554596,
                0.8211920261383057
            ],
            [
                0.943708598613739,
                0.7400662302970886,
                0.9188741445541382,
                0.860927164554596,
                0.8211920261383057
            ],
            [
                0.943708598613739,
                0.7400662302970886,
                0.9188741445541382,
                0.860927164554596,
                0.8211920261383057
            ],
            [
                0.943708598613739,
                0.7400662302970886,
                0.9188741445541382,
                0.860927164554596,
                0.8211920261383057
            ],
            [
                0.943708598613739,
                0.7400662302970886,
                0.9188741445541382,
                0.860927164554596,
                0.8211920261383057
            ],
            [
                0.943708598613739,
                0.7400662302970886,
                0.9188741445541382,
                0.860927164554596,
                0.8211920261383057
            ],
            [
                0.943708598613739,
                0.7400662302970886,
                0.9188741445541382,
                0.860927164554596,
                0.8211920261383057
            ]
        ],
        "epoches": [
            0,
            10,
            20,
            30,
            40,
            50,
            60,
            70
        ]
    },
    "val_avg_precision": {
        "best_results": [
            1.0,
            0.0,
            0.0,
            0.0,
            0.0
        ],
        "all_results": [
            [
                1.0,
                0.0,
                0.0,
                0.0,
                0.0
            ],
            [
                1.0,
                0.0,
                0.0,
                0.0,
                0.0
            ],
            [
                1.0,
                0.0,
                0.0,
                0.0,
                0.0
            ],
            [
                1.0,
                0.0,
                0.0,
                0.0,
                0.0
            ],
            [
                1.0,
                0.0,
                0.0,
                0.0,
                0.0
            ],
            [
                1.0,
                0.0,
                0.0,
                0.0,
                0.0
            ],
            [
                1.0,
                0.0,
                0.0,
                0.0,
                0.0
            ],
            [
                1.0,
                0.0,
                0.0,
                0.0,
                0.0
            ]
        ],
        "epoches": [
            0,
            10,
            20,
            30,
            40,
            50,
            60,
            70
        ]
    },