{
    "train_avg_precision": {
        "best_results": [
            1.0,
            0.9963768115942029,
            1.0,
            0.9945504087193461,
            0.9966329966329966
        ],
        "all_results": [
            [
                1.0,
                0.9963768115942029,
                1.0,
                0.9945504087193461,
                0.9966329966329966
            ],
            [
                1.0,
                0.0,
                0.0,
                0.0,
                0.0
            ],
            [
                1.0,
                0.0,
                1.0,
                0.0,
                0.0
            ]
        ],
        "epoches": [
            0,
            10,
            20
        ]
    },
    "train_avg_recall": {
        "best_results": [
            0.9106382978723404,
            0.3911806543385491,
            0.548936170212766,
            0.519203413940256,
            0.42105263157894735
        ],
        "all_results": [
            [
                0.9106382978723404,
                0.3911806543385491,
                0.548936170212766,
                0.519203413940256,
                0.42105263157894735
            ],
            [
                0.9106382978723404,
                0.0,
                0.0,
                0.0,
                0.0
            ],
            [
                0.9106382978723404,
                0.0,
                0.548936170212766,
                0.0,
                0.0
            ]
        ],
        "epoches": [
            0,
            10,
            20
        ]
    },
    "train_avg_f1": {
        "best_results": [
            0.953229398663697,
            0.5617977528089887,
            0.7087912087912088,
            0.6822429906542056,
            0.5920000000000001
        ],
        "all_results": [
            [
                0.953229398663697,
                0.5617977528089887,
                0.7087912087912088,
                0.6822429906542056,
                0.5920000000000001
            ],
            [
                0.953229398663697,
                0.0,
                0.0,
                0.0,
                0.0
            ],
            [
                0.953229398663697,
                0.0,
                0.7087912087912088,
                0.0,
                0.0
            ]
        ],
        "epoches": [
            0,
            10,
            20
        ]
    },
    "train_avg_accuracy": {
        "best_results": [
            0.9106382727622986,
            0.6085106134414673,
            0.5489361882209778,
            0.5177304744720459,
            0.5787234306335449
        ],
        "all_results": [
            [
                0.9106382727622986,
                0.6085106134414673,
                0.5489361882209778,
                0.5177304744720459,
                0.5787234306335449
            ],
            [
                0.9106382727622986,
                0.6085106134414673,
                0.4482269585132599,
                0.479432612657547,
                0.5787234306335449
            ],
            [
                0.9106382727622986,
                0.6085106134414673,
                0.5489361882209778,
                0.479432612657547,
                0.5787234306335449
            ]
        ],
        "epoches": [
            0,
            10,
            20
        ]
    },
    "val_avg_precision": {
        "best_results": [
            1.0,
            1.0,
            1.0,
            0.9727891156462585,
            1.0
        ],
        "all_results": [
            [
                1.0,
                1.0,
                1.0,
                0.9727891156462585,
                1.0
            ],
            [
                1.0,
                0.0,
                0.0,
                0.0,
                0.0
            ],
            [
                1.0,
                0.0,
                1.0,
                0.0,
                0.0
            ]
        ],
        "epoches": [
            0,
            10,
            20
        ]
    },
    "val_avg_recall": {
        "best_results": [
            0.8728813559322034,
            0.40948275862068967,
            0.5042372881355932,
            0.6163793103448276,
            0.4353448275862069
        ],
        "all_results": [
            [
                0.8728813559322034,
                0.40948275862068967,
                0.5042372881355932,
                0.6163793103448276,
                0.4353448275862069
            ],
            [
                0.8728813559322034,
                0.0,
                0.0,
                0.0,
                0.0
            ],
            [
                0.8728813559322034,
                0.0,
                0.5042372881355932,
                0.0,
                0.0
            ]
        ],
        "epoches": [
            0,
            10,
            20
        ]
    },
    "val_avg_f1": {
        "best_results": [
            0.9321266968325792,
            0.581039755351682,
            0.6704225352112676,
            0.7546174142480212,
            0.6066066066066066
        ],
        "all_results": [
            [
                0.9321266968325792,
                0.581039755351682,
                0.6704225352112676,
                0.7546174142480212,
                0.6066066066066066
            ],
            [
                0.9321266968325792,
                0.0,
                0.0,
                0.0,
                0.0
            ],
            [
                0.9321266968325792,
                0.0,
                0.6704225352112676,
                0.0,
                0.0
            ]
        ],
        "epoches": [
            0,
            10,
            20
        ]
    },
    "val_avg_accuracy": {
        "best_results": [
            0.8728813529014587,
            0.5974576473236084,
            0.5042372941970825,
            0.6059321761131287,
            0.5720338821411133
        ],
        "all_results": [
            [
                0.8728813529014587,
                0.5974576473236084,
                0.5042372941970825,
                0.6059321761131287,
                0.5720338821411133
            ],
            [
                0.8728813529014587,
                0.5974576473236084,
                0.4661017060279846,
                0.37711864709854126,
                0.5720338821411133
            ],
            [
                0.8728813529014587,
                0.5974576473236084,
                0.5042372941970825,
                0.37711864709854126,
                0.5720338821411133
            ]
        ],
        "epoches": [
            0,
            10,
            20
        ]
    },
    "test_avg_precision": {
        "best_results": [
            1.0,
            0.648936170212766,
            1.0,
            0.7379679144385026,
            0.72
        ],
        "all_results": [
            [
                1.0,
                0.648936170212766,
                1.0,
                0.7379679144385026,
                0.72
            ],
            [
                1.0,
                0.0,
                0.20869565217391303,
                0.0,
                0.0
            ],
            [
                1.0,
                0.0,
                1.0,
                0.0,
                0.0
            ]
        ],
        "epoches": [
            0,
            10,
            20
        ]
    },
    "test_avg_recall": {
        "best_results": [
            0.6808510638297872,
            0.33516483516483514,
            0.48936170212765956,
            0.7582417582417582,
            0.4945054945054945
        ],