{
    "train_avg_precision": {
        "best_results": [
            0.0,
            0.0,
            1.0,
            1.0,
            0.0
        ],
        "all_results": [
            [
                0.0,
                0.0,
                1.0,
                1.0,
                0.0
            ],
            [
                0.0,
                0.0,
                1.0,
                0.0,
                0.0
            ],
            [
                0.0,
                0.0,
                1.0,
                0.0,
                0.0
            ]
        ],
        "epoches": [
            0,
            10,
            20
        ]
    },
    "train_avg_recall": {
        "best_results": [
            0.0,
            0.0,
            0.9536741214057508,
            0.5255591054313099,
            0.0
        ],
        "all_results": [
            [
                0.0,
                0.0,
                0.9536741214057508,
                0.5255591054313099,
                0.0
            ],
            [
                0.0,
                0.0,
                0.9536741214057508,
                0.0,
                0.0
            ],
            [
                0.0,
                0.0,
                0.9536741214057508,
                0.0,
                0.0
            ]
        ],
        "epoches": [
            0,
            10,
            20
        ]
    },
    "train_avg_f1": {
        "best_results": [
            0.0,
            0.0,
            0.9762878168438267,
            0.6890052356020943,
            0.0
        ],
        "all_results": [
            [
                0.0,
                0.0,
                0.9762878168438267,
                0.6890052356020943,
                0.0
            ],
            [
                0.0,
                0.0,
                0.9762878168438267,
                0.0,
                0.0
            ],
            [
                0.0,
                0.0,
                0.9762878168438267,
                0.0,
                0.0
            ]
        ],
        "epoches": [
            0,
            10,
            20
        ]
    },
    "train_avg_accuracy": {
        "best_results": [
            0.5191693305969238,
            0.5894568562507629,
            0.9536741375923157,
            0.52555912733078,
            0.6261980533599854
        ],
        "all_results": [
            [
                0.5191693305969238,
                0.5894568562507629,
                0.9536741375923157,
                0.52555912733078,
                0.6261980533599854
            ],
            [
                0.5191693305969238,
                0.5894568562507629,
                0.9536741375923157,
                0.47444090247154236,
                0.6261980533599854
            ],
            [
                0.5191693305969238,
                0.5894568562507629,
                0.9536741375923157,
                0.47444090247154236,
                0.6261980533599854
            ]
        ],
        "epoches": [
            0,
            10,
            20
        ]
    },
    "val_avg_precision": {
        "best_results": [
            0.0,
            0.0,
            1.0,
            1.0,
            0.0
        ],
        "all_results": [
            [
                0.0,
                0.0,
                1.0,
                1.0,
                0.0
            ],
            [
                0.0,
                0.0,
                1.0,
                0.0,
                0.0
            ],
            [
                0.0,
                0.0,
                1.0,
                0.0,
                0.0
            ]
        ],
        "epoches": [
            0,
            10,
            20
        ]
    },
    "val_avg_recall": {
        "best_results": [
            0.0,
            0.0,
            0.8755980861244019,
            0.5741626794258373,
            0.0
        ],
        "all_results": [
            [
                0.0,
                0.0,
                0.8755980861244019,
                0.5741626794258373,
                0.0
            ],
            [
                0.0,
                0.0,
                0.8755980861244019,
                0.0,
                0.0
            ],
            [
                0.0,
                0.0,
                0.8755980861244019,
                0.0,
                0.0
            ]
        ],
        "epoches": [
            0,
            10,
            20
        ]
    },
    "val_avg_f1": {
        "best_results": [
            0.0,
            0.0,
            0.9336734693877551,
            0.7294832826747721,
            0.0
        ],
        "all_results": [
            [
                0.0,
                0.0,
                0.9336734693877551,
                0.7294832826747721,
                0.0
            ],
            [
                0.0,
                0.0,
                0.9336734693877551,
                0.0,
                0.0
            ],
            [
                0.0,
                0.0,
                0.9336734693877551,
                0.0,
                0.0
            ]
        ],
        "epoches": [
            0,
            10,
            20
        ]
    },
    "val_avg_accuracy": {
        "best_results": [
            0.339712917804718,
            0.45933014154434204,
            0.8755980730056763,
            0.5741626620292664,
            0.5741626620292664
        ],
        "all_results": [
            [
                0.339712917804718,
                0.45933014154434204,
                0.8755980730056763,
                0.5741626620292664,
                0.5741626620292664
            ],
            [
                0.339712917804718,
                0.45933014154434204,
                0.8755980730056763,
                0.42583730816841125,
                0.5741626620292664
            ],
            [
                0.339712917804718,
                0.45933014154434204,
                0.8755980730056763,
                0.42583730816841125,
                0.5741626620292664
            ]
        ],
        "epoches": [
            0,
            10,
            20
        ]
    },
    "test_avg_precision": {
        "best_results": [
            0.0,
            0.0,
            1.0,
            0.9902912621359223,
            0.0
        ],
        "all_results": [
            [
                0.0,
                0.0,
                1.0,
                0.9902912621359223,
                0.0
            ],
            [
                0.0,
                0.0,
                1.0,
                0.0,
                0.0
            ],
            [
                0.0,
                0.0,
                1.0,
                0.0,
                0.0
            ]
        ],
        "epoches": [
            0,
            10,
            20
        ]
    },
    "test_avg_recall": {
        "best_results": [
            0.0,
            0.0,
            0.7416267942583732,
            0.5396825396825397,
            0.0
        ],
        "all_results": [
            [
                0.0,
                0.0,
                0.7416267942583732,
                0.5396825396825397,
                0.0
            ],
            [
                0.0,
                0.0,
                0.7416267942583732,
                0.0,
                0.0
            ],
            [
                0.0,
                0.0,
                0.7416267942583732,
                0.0,
                0.0
            ]
        ],
        "epoches": [
            0,
            10,
            20
        ]
    },
    "test_avg_f1": {
        "best_results": [
            0.0,
            0.0,
            0.8516483516483516,
            0.6986301369863014,
            0.0
        ],