{
    "train_avg_precision": {
        "best_results": [
            1.0,
            1.0,
            1.0,
            0.0,
            1.0
        ],
        "all_results": [
            [
                1.0,
                1.0,
                1.0,
                0.0,
                1.0
            ],
            [
                1.0,
                1.0,
                0.0,
                0.0,
                0.0
            ],
            [
                1.0,
                1.0,
                0.0,
                0.0,
                0.0
            ]
        ],
        "epoches": [
            0,
            10,
            20
        ]
    },
    "train_avg_recall": {
        "best_results": [
            0.9166666666666666,
            0.5338541666666666,
            0.375,
            0.0,
            0.3984375
        ],
        "all_results": [
            [
                0.9166666666666666,
                0.5338541666666666,
                0.375,
                0.0,
                0.3984375
            ],
            [
                0.9166666666666666,
                0.5338541666666666,
                0.0,
                0.0,
                0.0
            ],
            [
                0.9166666666666666,
                0.5338541666666666,
                0.0,
                0.0,
                0.0
            ]
        ],
        "epoches": [
            0,
            10,
            20
        ]
    },
    "train_avg_f1": {
        "best_results": [
            0.9565217391304348,
            0.6960950764006791,
            0.5454545454545454,
            0.0,
            0.5698324022346368
        ],
        "all_results": [
            [
                0.9565217391304348,
                0.6960950764006791,
                0.5454545454545454,
                0.0,
                0.5698324022346368
            ],
            [
                0.9565217391304348,
                0.6960950764006791,
                0.0,
                0.0,
                0.0
            ],
            [
                0.9565217391304348,
                0.6960950764006791,
                0.0,
                0.0,
                0.0
            ]
        ],
        "epoches": [
            0,
            10,
            20
        ]
    },
    "train_avg_accuracy": {
        "best_results": [
            0.9166666865348816,
            0.5338541865348816,
            0.625,
            0.5026041865348816,
            0.6015625
        ],
        "all_results": [
            [
                0.9166666865348816,
                0.5338541865348816,
                0.625,
                0.5026041865348816,
                0.6015625
            ],
            [
                0.9166666865348816,
                0.5338541865348816,
                0.625,
                0.5026041865348816,
                0.6015625
            ],
            [
                0.9166666865348816,
                0.5338541865348816,
                0.625,
                0.5026041865348816,
                0.6015625
            ]
        ],
        "epoches": [
            0,
            10,
            20
        ]
    },
    "val_avg_precision": {
        "best_results": [
            1.0,
            1.0,
            1.0,
            0.0,
            1.0
        ],
        "all_results": [
            [
                1.0,
                1.0,
                1.0,
                0.0,
                1.0
            ],
            [
                1.0,
                1.0,
                0.0,
                0.0,
                0.0
            ],
            [
                1.0,
                1.0,
                0.0,
                0.0,
                0.0
            ]
        ],
        "epoches": [
            0,
            10,
            20
        ]
    },
    "val_avg_recall": {
        "best_results": [
            0.8062015503875969,
            0.6046511627906976,
            0.3798449612403101,
            0.0,
            0.5503875968992248
        ],
        "all_results": [
            [
                0.8062015503875969,
                0.6046511627906976,
                0.3798449612403101,
                0.0,
                0.5503875968992248
            ],
            [
                0.8062015503875969,
                0.6046511627906976,
                0.0,
                0.0,
                0.0
            ],
            [
                0.8062015503875969,
                0.6046511627906976,
                0.0,
                0.0,
                0.0
            ]
        ],
        "epoches": [
            0,
            10,
            20
        ]
    },
    "val_avg_f1": {
        "best_results": [
            0.8927038626609441,
            0.7536231884057971,
            0.550561797752809,
            0.0,
            0.71
        ],
        "all_results": [
            [
                0.8927038626609441,
                0.7536231884057971,
                0.550561797752809,
                0.0,
                0.71
            ],
            [
                0.8927038626609441,
                0.7536231884057971,
                0.0,
                0.0,
                0.0
            ],
            [
                0.8927038626609441,
                0.7536231884057971,
                0.0,
                0.0,
                0.0
            ]
        ],
        "epoches": [
            0,
            10,
            20
        ]
    },
    "val_avg_accuracy": {
        "best_results": [
            0.8062015771865845,
            0.604651153087616,
            0.6201550364494324,
            0.4883720874786377,
            0.5503876209259033
        ],
        "all_results": [
            [
                0.8062015771865845,
                0.604651153087616,
                0.6201550364494324,
                0.4883720874786377,
                0.5503876209259033
            ],
            [
                0.8062015771865845,
                0.604651153087616,
                0.6201550364494324,
                0.4883720874786377,
                0.44961240887641907
            ],
            [
                0.8062015771865845,
                0.604651153087616,
                0.6201550364494324,
                0.4883720874786377,
                0.44961240887641907
            ]
        ],
        "epoches": [
            0,
            10,
            20
        ]
    },
    "test_avg_precision": {
        "best_results": [
            1.0,
            1.0,
            1.0,
            0.0,
            1.0
        ],
        "all_results": [
            [
                1.0,
                1.0,
                1.0,
                0.0,
                1.0
            ],
            [
                1.0,
                1.0,
                0.0,
                0.0,
                0.0
            ],
            [
                1.0,
                1.0,
                0.0,
                0.0,
                0.0
            ]
        ],
        "epoches": [
            0,
            10,
            20
        ]
    },
    "test_avg_recall": {
        "best_results": [
            0.8203125,
            0.5625,
            0.4375,
            0.0,
            0.5
        ],
        "all_results": [
            [
                0.8203125,
                0.5625,
                0.4375,
                0.0,
                0.5
            ],
            [
                0.8203125,
                0.5625,
                0.0,
                0.0,
                0.0
            ],
            [
                0.8203125,
                0.5625,
                0.0,
                0.0,
                0.0
            ]
        ],
        "epoches": [
            0,
            10,
            20
        ]
    },