{
    "train_avg_precision": {
        "best_results": [
            1.0,
            0.0,
            1.0,
            0.0,
            0.0
        ],
        "all_results": [
            [
                1.0,
                0.0,
                1.0,
                0.0,
                0.0
            ],
            [
                0.0,
                0.0,
                1.0,
                0.0,
                0.0
            ],
            [
                0.0,
                0.0,
                1.0,
                0.0,
                0.0
            ]
        ],
        "epoches": [
            0,
            10,
            20
        ]
    },
    "train_avg_recall": {
        "best_results": [
            0.4852941176470588,
            0.0,
            0.9382352941176471,
            0.0,
            0.0
        ],
        "all_results": [
            [
                0.4852941176470588,
                0.0,
                0.9382352941176471,
                0.0,
                0.0
            ],
            [
                0.0,
                0.0,
                0.9382352941176471,
                0.0,
                0.0
            ],
            [
                0.0,
                0.0,
                0.9382352941176471,
                0.0,
                0.0
            ]
        ],
        "epoches": [
            0,
            10,
            20
        ]
    },
    "train_avg_f1": {
        "best_results": [
            0.6534653465346535,
            0.0,
            0.9681335356600911,
            0.0,
            0.0
        ],
        "all_results": [
            [
                0.6534653465346535,
                0.0,
                0.9681335356600911,
                0.0,
                0.0
            ],
            [
                0.0,
                0.0,
                0.9681335356600911,
                0.0,
                0.0
            ],
            [
                0.0,
                0.0,
                0.9681335356600911,
                0.0,
                0.0
            ]
        ],
        "epoches": [
            0,
            10,
            20
        ]
    },
    "train_avg_accuracy": {
        "best_results": [
            0.5147058963775635,
            0.6441176533699036,
            0.9382352828979492,
            0.7088235020637512,
            0.5029411911964417
        ],
        "all_results": [
            [
                0.5147058963775635,
                0.6441176533699036,
                0.9382352828979492,
                0.7088235020637512,
                0.5029411911964417
            ],
            [
                0.5147058963775635,
                0.6441176533699036,
                0.9382352828979492,
                0.7088235020637512,
                0.5029411911964417
            ],
            [
                0.5147058963775635,
                0.6441176533699036,
                0.9382352828979492,
                0.7088235020637512,
                0.5029411911964417
            ]
        ],
        "epoches": [
            0,
            10,
            20
        ]
    },
    "val_avg_precision": {
        "best_results": [
            1.0,
            0.0,
            1.0,
            0.0,
            0.0
        ],
        "all_results": [
            [
                1.0,
                0.0,
                1.0,
                0.0,
                0.0
            ],
            [
                0.0,
                0.0,
                1.0,
                0.0,
                0.0
            ],
            [
                0.0,
                0.0,
                1.0,
                0.0,
                0.0
            ]
        ],
        "epoches": [
            0,
            10,
            20
        ]
    },
    "val_avg_recall": {
        "best_results": [
            0.4824561403508772,
            0.0,
            0.8771929824561403,
            0.0,
            0.0
        ],
        "all_results": [
            [
                0.4824561403508772,
                0.0,
                0.8771929824561403,
                0.0,
                0.0
            ],
            [
                0.0,
                0.0,
                0.8771929824561403,
                0.0,
                0.0
            ],
            [
                0.0,
                0.0,
                0.8771929824561403,
                0.0,
                0.0
            ]
        ],
        "epoches": [
            0,
            10,
            20
        ]
    },
    "val_avg_f1": {
        "best_results": [
            0.650887573964497,
            0.0,
            0.9345794392523363,
            0.0,
            0.0
        ],
        "all_results": [
            [
                0.650887573964497,
                0.0,
                0.9345794392523363,
                0.0,
                0.0
            ],
            [
                0.0,
                0.0,
                0.9345794392523363,
                0.0,
                0.0
            ],
            [
                0.0,
                0.0,
                0.9345794392523363,
                0.0,
                0.0
            ]
        ],
        "epoches": [
            0,
            10,
            20
        ]
    },
    "val_avg_accuracy": {
        "best_results": [
            0.5175438523292542,
            0.4649122953414917,
            0.8771929740905762,
            0.6140350699424744,
            0.44736841320991516
        ],
        "all_results": [
            [
                0.5175438523292542,
                0.4649122953414917,
                0.8771929740905762,
                0.6140350699424744,
                0.44736841320991516
            ],
            [
                0.5175438523292542,
                0.4649122953414917,
                0.8771929740905762,
                0.6140350699424744,
                0.44736841320991516
            ],
            [
                0.5175438523292542,
                0.4649122953414917,
                0.8771929740905762,
                0.6140350699424744,
                0.44736841320991516
            ]
        ],
        "epoches": [
            0,
            10,
            20
        ]
    },
    "test_avg_precision": {
        "best_results": [
            1.0,
            0.0,
            1.0,
            0.0,
            0.0
        ],
        "all_results": [
            [
                1.0,
                0.0,
                1.0,
                0.0,
                0.0
            ],
            [
                0.0,
                0.0,
                1.0,
                0.0,
                0.0
            ],
            [
                0.0,
                0.0,
                1.0,
                0.0,
                0.0
            ]
        ],
        "epoches": [
            0,
            10,
            20
        ]
    },
    "test_avg_recall": {
        "best_results": [
            0.7192982456140351,
            0.0,
            0.7456140350877193,
            0.0,
            0.0
        ],
        "all_results": [
            [
                0.7192982456140351,
                0.0,
                0.7456140350877193,
                0.0,
                0.0
            ],
            [
                0.0,
                0.0,
                0.7456140350877193,
                0.0,
                0.0
            ],
            [
                0.0,
                0.0,
                0.7456140350877193,
                0.0,
                0.0
            ]
        ],
        "epoches": [
            0,
            10,
            20
        ]
    },
    "test_avg_f1": {
        "best_results": [
            0.8367346938775511,
            0.0,
            0.8542713567839196,
            0.0,
            0.0
        ],