{
    "train_avg_precision": {
        "best_results": [
            1.0,
            1.0,
            1.0,
            1.0,
            1.0
        ],
        "all_results": [
            [
                1.0,
                1.0,
                1.0,
                1.0,
                1.0
            ],
            [
                1.0,
                0.0,
                1.0,
                0.0,
                0.0
            ],
            [
                1.0,
                0.0,
                1.0,
                0.0,
                0.0
            ],
            [
                1.0,
                0.0,
                1.0,
                0.0,
                0.0
            ],
            [
                1.0,
                0.0,
                1.0,
                0.0,
                0.0
            ]
        ],
        "epoches": [
            0,
            10,
            20,
            30,
            40
        ]
    },
    "train_avg_recall": {
        "best_results": [
            0.5702702702702702,
            0.3864864864864865,
            0.9243243243243243,
            0.47297297297297297,
            0.32432432432432434
        ],
        "all_results": [
            [
                0.5702702702702702,
                0.3864864864864865,
                0.9243243243243243,
                0.47297297297297297,
                0.32432432432432434
            ],
            [
                0.5702702702702702,
                0.0,
                0.9243243243243243,
                0.0,
                0.0
            ],
            [
                0.5702702702702702,
                0.0,
                0.9243243243243243,
                0.0,
                0.0
            ],
            [
                0.5702702702702702,
                0.0,
                0.9243243243243243,
                0.0,
                0.0
            ],
            [
                0.5702702702702702,
                0.0,
                0.9243243243243243,
                0.0,
                0.0
            ]
        ],
        "epoches": [
            0,
            10,
            20,
            30,
            40
        ]
    },
    "train_avg_f1": {
        "best_results": [
            0.7263339070567986,
            0.557504873294347,
            0.9606741573033708,
            0.6422018348623852,
            0.489795918367347
        ],
        "all_results": [
            [
                0.7263339070567986,
                0.557504873294347,
                0.9606741573033708,
                0.6422018348623852,
                0.489795918367347
            ],
            [
                0.7263339070567986,
                0.0,
                0.9606741573033708,
                0.0,
                0.0
            ],
            [
                0.7263339070567986,
                0.0,
                0.9606741573033708,
                0.0,
                0.0
            ],
            [
                0.7263339070567986,
                0.0,
                0.9606741573033708,
                0.0,
                0.0
            ],
            [
                0.7263339070567986,
                0.0,
                0.9606741573033708,
                0.0,
                0.0
            ]
        ],
        "epoches": [
            0,
            10,
            20,
            30,
            40
        ]
    },
    "train_avg_accuracy": {
        "best_results": [
            0.570270299911499,
            0.6135135293006897,
            0.9243243336677551,
            0.5270270109176636,
            0.6756756901741028
        ],
        "all_results": [
            [
                0.570270299911499,
                0.6135135293006897,
                0.9243243336677551,
                0.5270270109176636,
                0.6756756901741028
            ],
            [
                0.570270299911499,
                0.6135135293006897,
                0.9243243336677551,
                0.5270270109176636,
                0.6756756901741028
            ],
            [
                0.570270299911499,
                0.6135135293006897,
                0.9243243336677551,
                0.5270270109176636,
                0.6756756901741028
            ],
            [
                0.570270299911499,
                0.6135135293006897,
                0.9243243336677551,
                0.5270270109176636,
                0.6756756901741028
            ],
            [
                0.570270299911499,
                0.6135135293006897,
                0.9243243336677551,
                0.5270270109176636,
                0.6756756901741028
            ]
        ],
        "epoches": [
            0,
            10,
            20,
            30,
            40
        ]
    },
    "val_avg_precision": {
        "best_results": [
            1.0,
            1.0,
            1.0,
            1.0,
            1.0
        ],
        "all_results": [
            [
                1.0,
                1.0,
                1.0,
                1.0,
                1.0
            ],
            [
                1.0,
                0.0,
                1.0,
                0.0,
                0.0
            ],
            [
                1.0,
                0.0,
                1.0,
                0.0,
                0.0
            ],
            [
                1.0,
                0.0,
                1.0,
                0.0,
                0.0
            ],
            [
                1.0,
                0.0,
                1.0,
                0.0,
                0.0
            ]
        ],
        "epoches": [
            0,
            10,
            20,
            30,
            40
        ]
    },
    "val_avg_recall": {
        "best_results": [
            0.5887096774193549,
            0.6129032258064516,
            0.8629032258064516,
            0.5161290322580645,
            0.4112903225806452
        ],
        "all_results": [
            [
                0.5887096774193549,
                0.6129032258064516,
                0.8629032258064516,
                0.5161290322580645,
                0.4112903225806452
            ],
            [
                0.5887096774193549,
                0.0,
                0.8629032258064516,
                0.0,
                0.0
            ],
            [
                0.5887096774193549,
                0.0,
                0.8629032258064516,
                0.0,
                0.0
            ],
            [
                0.5887096774193549,
                0.0,
                0.8629032258064516,
                0.0,
                0.0
            ],
            [
                0.5887096774193549,
                0.0,
                0.8629032258064516,
                0.0,
                0.0
            ]
        ],
        "epoches": [
            0,
            10,
            20,
            30,
            40
        ]
    },
    "val_avg_f1": {
        "best_results": [
            0.7411167512690355,
            0.76,
            0.9264069264069265,
            0.6808510638297872,
            0.5828571428571429
        ],