{
    "train_avg_precision": {
        "best_results": [
            1.0,
            1.0,
            1.0,
            1.0,
            0.0
        ],
        "all_results": [
            [
                1.0,
                1.0,
                1.0,
                1.0,
                0.0
            ],
            [
                0.0,
                1.0,
                0.0,
                0.0,
                0.0
            ],
            [
                1.0,
                1.0,
                0.0,
                0.0,
                0.0
            ]
        ],
        "epoches": [
            0,
            10,
            20
        ]
    },
    "train_avg_recall": {
        "best_results": [
            0.5121951219512195,
            0.940379403794038,
            0.46612466124661245,
            0.31978319783197834,
            0.0
        ],
        "all_results": [
            [
                0.5121951219512195,
                0.940379403794038,
                0.46612466124661245,
                0.31978319783197834,
                0.0
            ],
            [
                0.0,
                0.940379403794038,
                0.0,
                0.0,
                0.0
            ],
            [
                0.5121951219512195,
                0.940379403794038,
                0.0,
                0.0,
                0.0
            ]
        ],
        "epoches": [
            0,
            10,
            20
        ]
    },
    "train_avg_f1": {
        "best_results": [
            0.6774193548387097,
            0.9692737430167598,
            0.6358595194085028,
            0.48459958932238195,
            0.0
        ],
        "all_results": [
            [
                0.6774193548387097,
                0.9692737430167598,
                0.6358595194085028,
                0.48459958932238195,
                0.0
            ],
            [
                0.0,
                0.9692737430167598,
                0.0,
                0.0,
                0.0
            ],
            [
                0.6774193548387097,
                0.9692737430167598,
                0.0,
                0.0,
                0.0
            ]
        ],
        "epoches": [
            0,
            10,
            20
        ]
    },
    "train_avg_accuracy": {
        "best_results": [
            0.5121951103210449,
            0.9403793811798096,
            0.5338753461837769,
            0.6802167892456055,
            0.6449864506721497
        ],
        "all_results": [
            [
                0.5121951103210449,
                0.9403793811798096,
                0.5338753461837769,
                0.6802167892456055,
                0.6449864506721497
            ],
            [
                0.4878048896789551,
                0.9403793811798096,
                0.5338753461837769,
                0.6802167892456055,
                0.6449864506721497
            ],
            [
                0.5121951103210449,
                0.9403793811798096,
                0.5338753461837769,
                0.6802167892456055,
                0.6449864506721497
            ]
        ],
        "epoches": [
            0,
            10,
            20
        ]
    },
    "val_avg_precision": {
        "best_results": [
            1.0,
            1.0,
            1.0,
            1.0,
            0.0
        ],
        "all_results": [
            [
                1.0,
                1.0,
                1.0,
                1.0,
                0.0
            ],
            [
                0.0,
                1.0,
                0.0,
                0.0,
                0.0
            ],
            [
                1.0,
                1.0,
                0.0,
                0.0,
                0.0
            ]
        ],
        "epoches": [
            0,
            10,
            20
        ]
    },
    "val_avg_recall": {
        "best_results": [
            0.5528455284552846,
            0.8617886178861789,
            0.5447154471544715,
            0.43089430894308944,
            0.0
        ],
        "all_results": [
            [
                0.5528455284552846,
                0.8617886178861789,
                0.5447154471544715,
                0.43089430894308944,
                0.0
            ],
            [
                0.0,
                0.8617886178861789,
                0.0,
                0.0,
                0.0
            ],
            [
                0.5528455284552846,
                0.8617886178861789,
                0.0,
                0.0,
                0.0
            ]
        ],
        "epoches": [
            0,
            10,
            20
        ]
    },
    "val_avg_f1": {
        "best_results": [
            0.712041884816754,
            0.925764192139738,
            0.7052631578947368,
            0.6022727272727273,
            0.0
        ],
        "all_results": [
            [
                0.712041884816754,
                0.925764192139738,
                0.7052631578947368,
                0.6022727272727273,
                0.0
            ],
            [
                0.0,
                0.925764192139738,
                0.0,
                0.0,
                0.0
            ],
            [
                0.712041884816754,
                0.925764192139738,
                0.0,
                0.0,
                0.0
            ]
        ],
        "epoches": [
            0,
            10,
            20
        ]
    },
    "val_avg_accuracy": {
        "best_results": [
            0.5528455376625061,
            0.8617886304855347,
            0.5447154641151428,
            0.5691056847572327,
            0.4471544623374939
        ],
        "all_results": [
            [
                0.5528455376625061,
                0.8617886304855347,
                0.5447154641151428,
                0.5691056847572327,
                0.4471544623374939
            ],
            [
                0.4471544623374939,
                0.8617886304855347,
                0.45528456568717957,
                0.5691056847572327,
                0.4471544623374939
            ],
            [
                0.5528455376625061,
                0.8617886304855347,
                0.45528456568717957,
                0.5691056847572327,
                0.4471544623374939
            ]
        ],
        "epoches": [
            0,
            10,
            20
        ]
    },
    "test_avg_precision": {
        "best_results": [
            1.0,
            1.0,
            1.0,
            1.0,
            0.0
        ],
        "all_results": [
            [
                1.0,
                1.0,
                1.0,
                1.0,
                0.0
            ],
            [
                0.0,
                1.0,
                0.0,
                0.0,
                0.0
            ],
            [
                1.0,
                1.0,
                0.0,
                0.0,
                0.0
            ]
        ],
        "epoches": [
            0,
            10,
            20
        ]
    },
    "test_avg_recall": {
        "best_results": [
            0.7073170731707317,
            0.7317073170731707,
            0.5853658536585366,
            0.4146341463414634,
            0.0
        ],
        "all_results": [
            [
                0.7073170731707317,
                0.7317073170731707,
                0.5853658536585366,
                0.4146341463414634,
                0.0
            ],
            [
                0.0,
                0.7317073170731707,
                0.0,
                0.0,
                0.0
            ],
            [
                0.7073170731707317,
                0.7317073170731707,
                0.0,
                0.0,
                0.0
            ]
        ],