{
    "train_avg_precision": {
        "best_results": [
            1.0,
            1.0,
            1.0,
            0.0,
            0.0
        ],
        "all_results": [
            [
                1.0,
                1.0,
                1.0,
                0.0,
                0.0
            ],
            [
                1.0,
                1.0,
                0.0,
                0.0,
                0.0
            ],
            [
                1.0,
                1.0,
                0.0,
                0.0,
                0.0
            ]
        ],
        "epoches": [
            0,
            10,
            20
        ]
    },
    "train_avg_recall": {
        "best_results": [
            0.6302083333333334,
            0.90625,
            0.4713541666666667,
            0.0,
            0.0
        ],
        "all_results": [
            [
                0.6302083333333334,
                0.90625,
                0.4713541666666667,
                0.0,
                0.0
            ],
            [
                0.6302083333333334,
                0.90625,
                0.0,
                0.0,
                0.0
            ],
            [
                0.6302083333333334,
                0.90625,
                0.0,
                0.0,
                0.0
            ]
        ],
        "epoches": [
            0,
            10,
            20
        ]
    },
    "train_avg_f1": {
        "best_results": [
            0.7731629392971245,
            0.9508196721311475,
            0.6407079646017699,
            0.0,
            0.0
        ],
        "all_results": [
            [
                0.7731629392971245,
                0.9508196721311475,
                0.6407079646017699,
                0.0,
                0.0
            ],
            [
                0.7731629392971245,
                0.9508196721311475,
                0.0,
                0.0,
                0.0
            ],
            [
                0.7731629392971245,
                0.9508196721311475,
                0.0,
                0.0,
                0.0
            ]
        ],
        "epoches": [
            0,
            10,
            20
        ]
    },
    "train_avg_accuracy": {
        "best_results": [
            0.6302083134651184,
            0.90625,
            0.5286458134651184,
            0.6822916865348816,
            0.5052083134651184
        ],
        "all_results": [
            [
                0.6302083134651184,
                0.90625,
                0.5286458134651184,
                0.6822916865348816,
                0.5052083134651184
            ],
            [
                0.6302083134651184,
                0.90625,
                0.5286458134651184,
                0.6822916865348816,
                0.5052083134651184
            ],
            [
                0.6302083134651184,
                0.90625,
                0.5286458134651184,
                0.6822916865348816,
                0.5052083134651184
            ]
        ],
        "epoches": [
            0,
            10,
            20
        ]
    },
    "val_avg_precision": {
        "best_results": [
            1.0,
            1.0,
            1.0,
            0.0,
            0.0
        ],
        "all_results": [
            [
                1.0,
                1.0,
                1.0,
                0.0,
                0.0
            ],
            [
                1.0,
                1.0,
                0.0,
                0.0,
                0.0
            ],
            [
                1.0,
                1.0,
                0.0,
                0.0,
                0.0
            ]
        ],
        "epoches": [
            0,
            10,
            20
        ]
    },
    "val_avg_recall": {
        "best_results": [
            0.5813953488372093,
            0.875968992248062,
            0.5658914728682171,
            0.0,
            0.0
        ],
        "all_results": [
            [
                0.5813953488372093,
                0.875968992248062,
                0.5658914728682171,
                0.0,
                0.0
            ],
            [
                0.5813953488372093,
                0.875968992248062,
                0.0,
                0.0,
                0.0
            ],
            [
                0.5813953488372093,
                0.875968992248062,
                0.0,
                0.0,
                0.0
            ]
        ],
        "epoches": [
            0,
            10,
            20
        ]
    },
    "val_avg_f1": {
        "best_results": [
            0.7352941176470588,
            0.9338842975206612,
            0.7227722772277227,
            0.0,
            0.0
        ],
        "all_results": [
            [
                0.7352941176470588,
                0.9338842975206612,
                0.7227722772277227,
                0.0,
                0.0
            ],
            [
                0.7352941176470588,
                0.9338842975206612,
                0.0,
                0.0,
                0.0
            ],
            [
                0.7352941176470588,
                0.9338842975206612,
                0.0,
                0.0,
                0.0
            ]
        ],
        "epoches": [
            0,
            10,
            20
        ]
    },
    "val_avg_accuracy": {
        "best_results": [
            0.5813953280448914,
            0.8759689927101135,
            0.565891444683075,
            0.6279069781303406,
            0.44186046719551086
        ],
        "all_results": [
            [
                0.5813953280448914,
                0.8759689927101135,
                0.565891444683075,
                0.6279069781303406,
                0.44186046719551086
            ],
            [
                0.5813953280448914,
                0.8759689927101135,
                0.43410852551460266,
                0.6279069781303406,
                0.44186046719551086
            ],
            [
                0.5813953280448914,
                0.8759689927101135,
                0.43410852551460266,
                0.6279069781303406,
                0.44186046719551086
            ]
        ],
        "epoches": [
            0,
            10,
            20
        ]
    },
    "test_avg_precision": {
        "best_results": [
            1.0,
            1.0,
            0.8947368421052632,
            0.0,
            0.0
        ],
        "all_results": [
            [
                1.0,
                1.0,
                0.8947368421052632,
                0.0,
                0.0
            ],
            [
                1.0,
                1.0,
                0.0,
                0.0,
                0.0
            ],
            [
                1.0,
                1.0,
                0.0,
                0.0,
                0.0
            ]
        ],
        "epoches": [
            0,
            10,
            20
        ]
    },
    "test_avg_recall": {
        "best_results": [
            0.734375,
            0.78125,
            0.5666666666666667,
            0.0,
            0.0
        ],
        "all_results": [
            [
                0.734375,
                0.78125,
                0.5666666666666667,
                0.0,
                0.0
            ],
            [
                0.734375,
                0.78125,
                0.0,
                0.0,
                0.0
            ],
            [
                0.734375,
                0.78125,
                0.0,
                0.0,
                0.0
            ]
        ],
        "epoches": [
            0,
            10,
            20
        ]
    },