{
    "train_avg_precision": {
        "best_results": [
            1.0,
            0.0,
            0.0,
            0.0,
            1.0
        ],
        "all_results": [
            [
                1.0,
                0.0,
                0.0,
                0.0,
                1.0
            ],
            [
                1.0,
                0.0,
                0.0,
                0.0,
                0.0
            ],
            [
                1.0,
                0.0,
                0.0,
                0.0,
                0.0
            ]
        ],
        "epoches": [
            0,
            10,
            20
        ]
    },
    "train_avg_recall": {
        "best_results": [
            0.9453125,
            0.0,
            0.0,
            0.0,
            0.3828125
        ],
        "all_results": [
            [
                0.9453125,
                0.0,
                0.0,
                0.0,
                0.3828125
            ],
            [
                0.9453125,
                0.0,
                0.0,
                0.0,
                0.0
            ],
            [
                0.9453125,
                0.0,
                0.0,
                0.0,
                0.0
            ]
        ],
        "epoches": [
            0,
            10,
            20
        ]
    },
    "train_avg_f1": {
        "best_results": [
            0.9718875502008032,
            0.0,
            0.0,
            0.0,
            0.5536723163841808
        ],
        "all_results": [
            [
                0.9718875502008032,
                0.0,
                0.0,
                0.0,
                0.5536723163841808
            ],
            [
                0.9718875502008032,
                0.0,
                0.0,
                0.0,
                0.0
            ],
            [
                0.9718875502008032,
                0.0,
                0.0,
                0.0,
                0.0
            ]
        ],
        "epoches": [
            0,
            10,
            20
        ]
    },
    "train_avg_accuracy": {
        "best_results": [
            0.9453125,
            0.6822916865348816,
            0.5286458134651184,
            0.5286458134651184,
            0.6171875
        ],
        "all_results": [
            [
                0.9453125,
                0.6822916865348816,
                0.5286458134651184,
                0.5286458134651184,
                0.6171875
            ],
            [
                0.9453125,
                0.6822916865348816,
                0.5286458134651184,
                0.5286458134651184,
                0.6171875
            ],
            [
                0.9453125,
                0.6822916865348816,
                0.5286458134651184,
                0.5286458134651184,
                0.6171875
            ]
        ],
        "epoches": [
            0,
            10,
            20
        ]
    },
    "val_avg_precision": {
        "best_results": [
            1.0,
            0.0,
            0.0,
            0.0,
            1.0
        ],
        "all_results": [
            [
                1.0,
                0.0,
                0.0,
                0.0,
                1.0
            ],
            [
                1.0,
                0.0,
                0.0,
                0.0,
                0.0
            ],
            [
                1.0,
                0.0,
                0.0,
                0.0,
                0.0
            ]
        ],
        "epoches": [
            0,
            10,
            20
        ]
    },
    "val_avg_recall": {
        "best_results": [
            0.8837209302325582,
            0.0,
            0.0,
            0.0,
            0.6744186046511628
        ],
        "all_results": [
            [
                0.8837209302325582,
                0.0,
                0.0,
                0.0,
                0.6744186046511628
            ],
            [
                0.8837209302325582,
                0.0,
                0.0,
                0.0,
                0.0
            ],
            [
                0.8837209302325582,
                0.0,
                0.0,
                0.0,
                0.0
            ]
        ],
        "epoches": [
            0,
            10,
            20
        ]
    },
    "val_avg_f1": {
        "best_results": [
            0.9382716049382717,
            0.0,
            0.0,
            0.0,
            0.8055555555555556
        ],
        "all_results": [
            [
                0.9382716049382717,
                0.0,
                0.0,
                0.0,
                0.8055555555555556
            ],
            [
                0.9382716049382717,
                0.0,
                0.0,
                0.0,
                0.0
            ],
            [
                0.9382716049382717,
                0.0,
                0.0,
                0.0,
                0.0
            ]
        ],
        "epoches": [
            0,
            10,
            20
        ]
    },
    "val_avg_accuracy": {
        "best_results": [
            0.8837209343910217,
            0.5736433863639832,
            0.41860464215278625,
            0.5271317958831787,
            0.6744186282157898
        ],
        "all_results": [
            [
                0.8837209343910217,
                0.5736433863639832,
                0.41860464215278625,
                0.5271317958831787,
                0.6744186282157898
            ],
            [
                0.8837209343910217,
                0.5736433863639832,
                0.41860464215278625,
                0.5271317958831787,
                0.3255814015865326
            ],
            [
                0.8837209343910217,
                0.5736433863639832,
                0.41860464215278625,
                0.5271317958831787,
                0.3255814015865326
            ]
        ],
        "epoches": [
            0,
            10,
            20
        ]
    },
    "test_avg_precision": {
        "best_results": [
            1.0,
            0.0,
            0.0,
            0.0,
            1.0
        ],
        "all_results": [
            [
                1.0,
                0.0,
                0.0,
                0.0,
                1.0
            ],
            [
                1.0,
                0.0,
                0.0,
                0.0,
                0.0
            ],
            [
                1.0,
                0.0,
                0.0,
                0.0,
                0.0
            ]
        ],
        "epoches": [
            0,
            10,
            20
        ]
    },
    "test_avg_recall": {
        "best_results": [
            0.71875,
            0.0,
            0.0,
            0.0,
            0.5625
        ],
        "all_results": [
            [
                0.71875,
                0.0,
                0.0,
                0.0,
                0.5625
            ],
            [
                0.71875,
                0.0,
                0.0,
                0.0,
                0.0
            ],
            [
                0.71875,
                0.0,
                0.0,
                0.0,
                0.0
            ]
        ],
        "epoches": [
            0,
            10,
            20
        ]
    },
    "test_avg_f1": {
        "best_results": [
            0.8363636363636363,
            0.0,
            0.0,
            0.0,
            0.72
        ],