{
    "train_avg_precision": {
        "best_results": [
            1.0,
            1.0,
            1.0,
            1.0,
            1.0
        ],
        "all_results": [
            [
                1.0,
                1.0,
                1.0,
                1.0,
                1.0
            ],
            [
                1.0,
                0.0,
                0.0,
                0.0,
                0.0
            ],
            [
                1.0,
                0.0,
                0.0,
                0.9932432432432432,
                0.0
            ]
        ],
        "epoches": [
            0,
            10,
            20
        ]
    },
    "train_avg_recall": {
        "best_results": [
            0.9591194968553459,
            0.36163522012578614,
            0.39622641509433965,
            0.46540880503144655,
            0.33647798742138363
        ],
        "all_results": [
            [
                0.9591194968553459,
                0.36163522012578614,
                0.39622641509433965,
                0.46540880503144655,
                0.33647798742138363
            ],
            [
                0.9591194968553459,
                0.0,
                0.0,
                0.0,
                0.0
            ],
            [
                0.9591194968553459,
                0.0,
                0.0,
                0.4637223974763407,
                0.0
            ]
        ],
        "epoches": [
            0,
            10,
            20
        ]
    },
    "train_avg_f1": {
        "best_results": [
            0.9791332263242375,
            0.5311778290993071,
            0.5675675675675675,
            0.6351931330472104,
            0.5035294117647059
        ],
        "all_results": [
            [
                0.9791332263242375,
                0.5311778290993071,
                0.5675675675675675,
                0.6351931330472104,
                0.5035294117647059
            ],
            [
                0.9791332263242375,
                0.0,
                0.0,
                0.0,
                0.0
            ],
            [
                0.9791332263242375,
                0.0,
                0.0,
                0.632258064516129,
                0.0
            ]
        ],
        "epoches": [
            0,
            10,
            20
        ]
    },
    "train_avg_accuracy": {
        "best_results": [
            0.9591194987297058,
            0.6383647918701172,
            0.6037735939025879,
            0.5345911979675293,
            0.6635220050811768
        ],
        "all_results": [
            [
                0.9591194987297058,
                0.6383647918701172,
                0.6037735939025879,
                0.5345911979675293,
                0.6635220050811768
            ],
            [
                0.9591194987297058,
                0.6383647918701172,
                0.6037735939025879,
                0.5345911979675293,
                0.6635220050811768
            ],
            [
                0.9591194987297058,
                0.6383647918701172,
                0.6037735939025879,
                0.46226415038108826,
                0.6635220050811768
            ]
        ],
        "epoches": [
            0,
            10,
            20
        ]
    },
    "val_avg_precision": {
        "best_results": [
            1.0,
            1.0,
            1.0,
            1.0,
            1.0
        ],
        "all_results": [
            [
                1.0,
                1.0,
                1.0,
                1.0,
                1.0
            ],
            [
                1.0,
                0.0,
                0.0,
                0.0,
                0.0
            ],
            [
                1.0,
                0.0,
                0.0,
                0.9818181818181818,
                0.0
            ]
        ],
        "epoches": [
            0,
            10,
            20
        ]
    },
    "val_avg_recall": {
        "best_results": [
            0.8773584905660378,
            0.3867924528301887,
            0.5094339622641509,
            0.5188679245283019,
            0.4811320754716981
        ],
        "all_results": [
            [
                0.8773584905660378,
                0.3867924528301887,
                0.5094339622641509,
                0.5188679245283019,
                0.4811320754716981
            ],
            [
                0.8773584905660378,
                0.0,
                0.0,
                0.0,
                0.0
            ],
            [
                0.8773584905660378,
                0.0,
                0.0,
                0.5142857142857142,
                0.0
            ]
        ],
        "epoches": [
            0,
            10,
            20
        ]
    },
    "val_avg_f1": {
        "best_results": [
            0.9346733668341709,
            0.5578231292517007,
            0.6749999999999999,
            0.6832298136645962,
            0.6496815286624203
        ],
        "all_results": [
            [
                0.9346733668341709,
                0.5578231292517007,
                0.6749999999999999,
                0.6832298136645962,
                0.6496815286624203
            ],
            [
                0.9346733668341709,
                0.0,
                0.0,
                0.0,
                0.0
            ],
            [
                0.9346733668341709,
                0.0,
                0.0,
                0.6749999999999999,
                0.0
            ]
        ],
        "epoches": [
            0,
            10,
            20
        ]
    },
    "val_avg_accuracy": {
        "best_results": [
            0.8773584961891174,
            0.6132075190544128,
            0.5094339847564697,
            0.5188679099082947,
            0.5188679099082947
        ],
        "all_results": [
            [
                0.8773584961891174,
                0.6132075190544128,
                0.5094339847564697,
                0.5188679099082947,
                0.5188679099082947
            ],
            [
                0.8773584961891174,
                0.6132075190544128,
                0.49056604504585266,
                0.4811320900917053,
                0.5188679099082947
            ],
            [
                0.8773584961891174,
                0.6132075190544128,
                0.49056604504585266,
                0.5094339847564697,
                0.5188679099082947
            ]
        ],
        "epoches": [
            0,
            10,
            20
        ]
    },
    "test_avg_precision": {
        "best_results": [
            1.0,
            1.0,
            1.0,
            0.9883720930232558,
            1.0
        ],
        "all_results": [
            [
                1.0,
                1.0,
                1.0,
                0.9883720930232558,
                1.0
            ],
            [
                1.0,
                0.0,
                0.0,
                0.0,
                0.0
            ],
            [
                1.0,
                0.0,
                0.0,
                0.9651162790697675,
                0.0
            ]
        ],
        "epoches": [
            0,
            10,
            20
        ]
    },
    "test_avg_recall": {
        "best_results": [
            0.6415094339622641,
            0.3238095238095238,
            0.6761904761904762,
            0.8095238095238095,
            0.6857142857142857
        ],