{
    "train_avg_precision": {
        "best_results": [
            1.0,
            1.0,
            1.0,
            0.9,
            1.0
        ],
        "all_results": [
            [
                1.0,
                1.0,
                1.0,
                0.9,
                1.0
            ],
            [
                0.0,
                1.0,
                0.0,
                0.0,
                0.0
            ],
            [
                0.0,
                1.0,
                0.0,
                0.9,
                0.0
            ]
        ],
        "epoches": [
            0,
            10,
            20
        ]
    },
    "train_avg_recall": {
        "best_results": [
            0.4340659340659341,
            0.8928571428571429,
            0.32967032967032966,
            0.49390243902439024,
            0.45604395604395603
        ],
        "all_results": [
            [
                0.4340659340659341,
                0.8928571428571429,
                0.32967032967032966,
                0.49390243902439024,
                0.45604395604395603
            ],
            [
                0.0,
                0.8928571428571429,
                0.0,
                0.0,
                0.0
            ],
            [
                0.0,
                0.8928571428571429,
                0.0,
                0.49390243902439024,
                0.0
            ]
        ],
        "epoches": [
            0,
            10,
            20
        ]
    },
    "train_avg_f1": {
        "best_results": [
            0.6053639846743295,
            0.9433962264150945,
            0.49586776859504134,
            0.6377952755905512,
            0.6264150943396226
        ],
        "all_results": [
            [
                0.6053639846743295,
                0.9433962264150945,
                0.49586776859504134,
                0.6377952755905512,
                0.6264150943396226
            ],
            [
                0.0,
                0.9433962264150945,
                0.0,
                0.0,
                0.0
            ],
            [
                0.0,
                0.9433962264150945,
                0.0,
                0.6377952755905512,
                0.0
            ]
        ],
        "epoches": [
            0,
            10,
            20
        ]
    },
    "train_avg_accuracy": {
        "best_results": [
            0.5659340620040894,
            0.8928571343421936,
            0.6703296899795532,
            0.5054945349693298,
            0.5439560413360596
        ],
        "all_results": [
            [
                0.5659340620040894,
                0.8928571343421936,
                0.6703296899795532,
                0.5054945349693298,
                0.5439560413360596
            ],
            [
                0.5659340620040894,
                0.8928571343421936,
                0.6703296899795532,
                0.5054945349693298,
                0.5439560413360596
            ],
            [
                0.5659340620040894,
                0.8928571343421936,
                0.6703296899795532,
                0.49450549483299255,
                0.5439560413360596
            ]
        ],
        "epoches": [
            0,
            10,
            20
        ]
    },
    "val_avg_precision": {
        "best_results": [
            1.0,
            1.0,
            1.0,
            0.8169014084507042,
            1.0
        ],
        "all_results": [
            [
                1.0,
                1.0,
                1.0,
                0.8169014084507042,
                1.0
            ],
            [
                0.0,
                1.0,
                0.0,
                0.0,
                0.0
            ],
            [
                0.0,
                1.0,
                0.0,
                0.8169014084507042,
                0.0
            ]
        ],
        "epoches": [
            0,
            10,
            20
        ]
    },
    "val_avg_recall": {
        "best_results": [
            0.5655737704918032,
            0.8360655737704918,
            0.3442622950819672,
            0.5858585858585859,
            0.4918032786885246
        ],
        "all_results": [
            [
                0.5655737704918032,
                0.8360655737704918,
                0.3442622950819672,
                0.5858585858585859,
                0.4918032786885246
            ],
            [
                0.0,
                0.8360655737704918,
                0.0,
                0.0,
                0.0
            ],
            [
                0.0,
                0.8360655737704918,
                0.0,
                0.5858585858585859,
                0.0
            ]
        ],
        "epoches": [
            0,
            10,
            20
        ]
    },
    "val_avg_f1": {
        "best_results": [
            0.7225130890052355,
            0.9107142857142857,
            0.5121951219512195,
            0.6823529411764706,
            0.6593406593406593
        ],
        "all_results": [
            [
                0.7225130890052355,
                0.9107142857142857,
                0.5121951219512195,
                0.6823529411764706,
                0.6593406593406593
            ],
            [
                0.0,
                0.9107142857142857,
                0.0,
                0.0,
                0.0
            ],
            [
                0.0,
                0.9107142857142857,
                0.0,
                0.6823529411764706,
                0.0
            ]
        ],
        "epoches": [
            0,
            10,
            20
        ]
    },
    "val_avg_accuracy": {
        "best_results": [
            0.5655737519264221,
            0.8360655903816223,
            0.6557376980781555,
            0.5573770403862,
            0.5081967115402222
        ],
        "all_results": [
            [
                0.5655737519264221,
                0.8360655903816223,
                0.6557376980781555,
                0.5573770403862,
                0.5081967115402222
            ],
            [
                0.4344262182712555,
                0.8360655903816223,
                0.6557376980781555,
                0.41803279519081116,
                0.5081967115402222
            ],
            [
                0.4344262182712555,
                0.8360655903816223,
                0.6557376980781555,
                0.5573770403862,
                0.5081967115402222
            ]
        ],
        "epoches": [
            0,
            10,
            20
        ]
    },
    "test_avg_precision": {
        "best_results": [
            1.0,
            1.0,
            1.0,
            0.7333333333333333,
            1.0
        ],
        "all_results": [
            [
                1.0,
                1.0,
                1.0,
                0.7333333333333333,
                1.0
            ],
            [
                0.0,
                1.0,
                0.0,
                0.0,
                0.0
            ],
            [
                0.0,
                1.0,
                0.0,
                0.7333333333333333,
                0.0
            ]
        ],
        "epoches": [
            0,
            10,
            20
        ]
    },
    "test_avg_recall": {
        "best_results": [
            0.5245901639344263,
            0.7622950819672131,
            0.38524590163934425,
            0.7333333333333333,
            0.5573770491803278
        ],