{
    "train_avg_precision": {
        "best_results": [
            1.0,
            1.0,
            1.0,
            1.0,
            1.0
        ],
        "all_results": [
            [
                1.0,
                1.0,
                1.0,
                1.0,
                1.0
            ],
            [
                1.0,
                0.0,
                0.0,
                0.0,
                0.0
            ],
            [
                1.0,
                0.0,
                0.0,
                0.0,
                0.0
            ],
            [
                1.0,
                1.0,
                0.0,
                0.0,
                0.0
            ],
            [
                1.0,
                1.0,
                0.0,
                1.0,
                0.0
            ],
            [
                1.0,
                1.0,
                0.0,
                1.0,
                0.0
            ]
        ],
        "epoches": [
            0,
            10,
            20,
            30,
            40,
            50
        ]
    },
    "train_avg_recall": {
        "best_results": [
            0.97,
            0.44,
            0.38333333333333336,
            0.4166666666666667,
            0.16
        ],
        "all_results": [
            [
                0.97,
                0.44,
                0.38333333333333336,
                0.4166666666666667,
                0.16
            ],
            [
                0.97,
                0.0,
                0.0,
                0.0,
                0.0
            ],
            [
                0.97,
                0.0,
                0.0,
                0.0,
                0.0
            ],
            [
                0.97,
                0.44,
                0.0,
                0.0,
                0.0
            ],
            [
                0.97,
                0.44,
                0.0,
                0.4166666666666667,
                0.0
            ],
            [
                0.97,
                0.44,
                0.0,
                0.4166666666666667,
                0.0
            ]
        ],
        "epoches": [
            0,
            10,
            20,
            30,
            40,
            50
        ]
    },
    "train_avg_f1": {
        "best_results": [
            0.9847715736040609,
            0.6111111111111112,
            0.5542168674698795,
            0.5882352941176471,
            0.2758620689655173
        ],
        "all_results": [
            [
                0.9847715736040609,
                0.6111111111111112,
                0.5542168674698795,
                0.5882352941176471,
                0.2758620689655173
            ],
            [
                0.9847715736040609,
                0.0,
                0.0,
                0.0,
                0.0
            ],
            [
                0.9847715736040609,
                0.0,
                0.0,
                0.0,
                0.0
            ],
            [
                0.9847715736040609,
                0.6111111111111112,
                0.0,
                0.0,
                0.0
            ],
            [
                0.9847715736040609,
                0.6111111111111112,
                0.0,
                0.5882352941176471,
                0.0
            ],
            [
                0.9847715736040609,
                0.6111111111111112,
                0.0,
                0.5882352941176471,
                0.0
            ]
        ],
        "epoches": [
            0,
            10,
            20,
            30,
            40,
            50
        ]
    },
    "train_avg_accuracy": {
        "best_results": [
            0.9700000286102295,
            0.5600000023841858,
            0.6166666746139526,
            0.5833333134651184,
            0.8399999737739563
        ],
        "all_results": [
            [
                0.9700000286102295,
                0.5600000023841858,
                0.6166666746139526,
                0.5833333134651184,
                0.8399999737739563
            ],
            [
                0.9700000286102295,
                0.5600000023841858,
                0.6166666746139526,
                0.5833333134651184,
                0.8399999737739563
            ],
            [
                0.9700000286102295,
                0.5600000023841858,
                0.6166666746139526,
                0.5833333134651184,
                0.8399999737739563
            ],
            [
                0.9700000286102295,
                0.4399999976158142,
                0.6166666746139526,
                0.5833333134651184,
                0.8399999737739563
            ],
            [
                0.9700000286102295,
                0.4399999976158142,
                0.6166666746139526,
                0.4166666567325592,
                0.8399999737739563
            ],
            [
                0.9700000286102295,
                0.4399999976158142,
                0.6166666746139526,
                0.4166666567325592,
                0.8399999737739563
            ]
        ],
        "epoches": [
            0,
            10,
            20,
            30,
            40,
            50
        ]
    },
    "val_avg_precision": {
        "best_results": [
            1.0,
            1.0,
            1.0,
            1.0,
            1.0
        ],
        "all_results": [
            [
                1.0,
                1.0,
                1.0,
                1.0,
                1.0
            ],
            [
                1.0,
                0.0,
                0.0,
                0.0,
                0.0
            ],
            [
                1.0,
                0.0,
                0.0,
                0.0,
                0.0
            ],
            [
                1.0,
                1.0,
                0.0,
                0.0,
                0.0
            ],
            [
                1.0,
                1.0,
                0.0,
                1.0,
                0.0
            ],
            [
                1.0,
                1.0,
                0.01818181818181818,
                1.0,
                0.0
            ]
        ],
        "epoches": [
            0,
            10,
            20,
            30,
            40,
            50
        ]
    },
    "val_avg_recall": {
        "best_results": [
            0.8316831683168316,
            0.5544554455445545,
            1.0,
            0.5346534653465347,
            0.3564356435643564
        ],
        "all_results": [
            [
                0.8316831683168316,
                0.5544554455445545,
                1.0,
                0.5346534653465347,
                0.3564356435643564
            ],
            [
                0.8316831683168316,
                0.0,
                0.0,
                0.0,
                0.0
            ],
            [
                0.8316831683168316,
                0.0,
                0.0,
                0.0,
                0.0
            ],
            [
                0.8316831683168316,
                0.5544554455445545,
                0.0,
                0.0,
                0.0
            ],
            [
                0.8316831683168316,
                0.5544554455445545,
                0.0,
                0.5346534653465347,
                0.0
            ],
            [
                0.8316831683168316,
                0.5544554455445545,
                1.0,
                0.5346534653465347,
                0.0
            ]
        ],
        "epoches": [
            0,
            10,
            20,
            30,
            40,
            50
        ]
    },