{
    "train_avg_precision": {
        "best_results": [
            1.0,
            0.0,
            1.0,
            0.0,
            1.0
        ],
        "all_results": [
            [
                1.0,
                0.0,
                1.0,
                0.0,
                1.0
            ],
            [
                1.0,
                0.0,
                1.0,
                0.0,
                0.0
            ],
            [
                1.0,
                0.0,
                1.0,
                0.0,
                0.0
            ],
            [
                1.0,
                0.0,
                1.0,
                0.0,
                0.0
            ]
        ],
        "epoches": [
            0,
            10,
            20,
            30
        ]
    },
    "train_avg_recall": {
        "best_results": [
            0.5070028011204482,
            0.0,
            0.9551820728291317,
            0.0,
            0.2549019607843137
        ],
        "all_results": [
            [
                0.5070028011204482,
                0.0,
                0.9551820728291317,
                0.0,
                0.2549019607843137
            ],
            [
                0.5070028011204482,
                0.0,
                0.9551820728291317,
                0.0,
                0.0
            ],
            [
                0.5070028011204482,
                0.0,
                0.9551820728291317,
                0.0,
                0.0
            ],
            [
                0.5070028011204482,
                0.0,
                0.9551820728291317,
                0.0,
                0.0
            ]
        ],
        "epoches": [
            0,
            10,
            20,
            30
        ]
    },
    "train_avg_f1": {
        "best_results": [
            0.6728624535315985,
            0.0,
            0.9770773638968481,
            0.0,
            0.40625
        ],
        "all_results": [
            [
                0.6728624535315985,
                0.0,
                0.9770773638968481,
                0.0,
                0.40625
            ],
            [
                0.6728624535315985,
                0.0,
                0.9770773638968481,
                0.0,
                0.0
            ],
            [
                0.6728624535315985,
                0.0,
                0.9770773638968481,
                0.0,
                0.0
            ],
            [
                0.6728624535315985,
                0.0,
                0.9770773638968481,
                0.0,
                0.0
            ]
        ],
        "epoches": [
            0,
            10,
            20,
            30
        ]
    },
    "train_avg_accuracy": {
        "best_results": [
            0.5070028305053711,
            0.6582633256912231,
            0.9551820755004883,
            0.5910364389419556,
            0.7450980544090271
        ],
        "all_results": [
            [
                0.5070028305053711,
                0.6582633256912231,
                0.9551820755004883,
                0.5910364389419556,
                0.7450980544090271
            ],
            [
                0.5070028305053711,
                0.6582633256912231,
                0.9551820755004883,
                0.5910364389419556,
                0.7450980544090271
            ],
            [
                0.5070028305053711,
                0.6582633256912231,
                0.9551820755004883,
                0.5910364389419556,
                0.7450980544090271
            ],
            [
                0.5070028305053711,
                0.6582633256912231,
                0.9551820755004883,
                0.5910364389419556,
                0.7450980544090271
            ]
        ],
        "epoches": [
            0,
            10,
            20,
            30
        ]
    },
    "val_avg_precision": {
        "best_results": [
            1.0,
            0.0,
            1.0,
            0.0,
            1.0
        ],
        "all_results": [
            [
                1.0,
                0.0,
                1.0,
                0.0,
                1.0
            ],
            [
                1.0,
                0.0,
                1.0,
                0.0,
                0.0
            ],
            [
                1.0,
                0.0,
                1.0,
                0.0,
                0.0
            ],
            [
                1.0,
                0.0,
                1.0,
                0.0,
                0.0
            ]
        ],
        "epoches": [
            0,
            10,
            20,
            30
        ]
    },
    "val_avg_recall": {
        "best_results": [
            0.6134453781512605,
            0.0,
            0.8991596638655462,
            0.0,
            0.3025210084033613
        ],
        "all_results": [
            [
                0.6134453781512605,
                0.0,
                0.8991596638655462,
                0.0,
                0.3025210084033613
            ],
            [
                0.6134453781512605,
                0.0,
                0.8991596638655462,
                0.0,
                0.0
            ],
            [
                0.6134453781512605,
                0.0,
                0.8991596638655462,
                0.0,
                0.0
            ],
            [
                0.6134453781512605,
                0.0,
                0.8991596638655462,
                0.0,
                0.0
            ]
        ],
        "epoches": [
            0,
            10,
            20,
            30
        ]
    },
    "val_avg_f1": {
        "best_results": [
            0.7604166666666667,
            0.0,
            0.9469026548672567,
            0.0,
            0.46451612903225803
        ],
        "all_results": [
            [
                0.7604166666666667,
                0.0,
                0.9469026548672567,
                0.0,
                0.46451612903225803
            ],
            [
                0.7604166666666667,
                0.0,
                0.9469026548672567,
                0.0,
                0.0
            ],
            [
                0.7604166666666667,
                0.0,
                0.9469026548672567,
                0.0,
                0.0
            ],
            [
                0.7604166666666667,
                0.0,
                0.9469026548672567,
                0.0,
                0.0
            ]
        ],
        "epoches": [
            0,
            10,
            20,
            30
        ]
    },
    "val_avg_accuracy": {
        "best_results": [
            0.6134454011917114,
            0.462184876203537,
            0.8991596698760986,
            0.5210084319114685,
            0.6974790096282959
        ],
        "all_results": [
            [
                0.6134454011917114,
                0.462184876203537,
                0.8991596698760986,
                0.5210084319114685,
                0.6974790096282959
            ],
            [
                0.6134454011917114,
                0.462184876203537,
                0.8991596698760986,
                0.5210084319114685,
                0.6974790096282959
            ],
            [
                0.6134454011917114,
                0.462184876203537,
                0.8991596698760986,
                0.5210084319114685,
                0.6974790096282959
            ],
            [
                0.6134454011917114,
                0.462184876203537,
                0.8991596698760986,
                0.5210084319114685,
                0.6974790096282959
            ]
        ],
        "epoches": [
            0,
            10,
            20,
            30
        ]
    },