{
    "train_avg_precision": {
        "best_results": [
            1.0,
            0.0,
            1.0,
            0.0,
            1.0
        ],
        "all_results": [
            [
                1.0,
                0.0,
                1.0,
                0.0,
                1.0
            ],
            [
                1.0,
                0.0,
                0.0,
                0.0,
                0.0
            ],
            [
                1.0,
                0.0,
                0.0,
                0.0,
                0.0
            ]
        ],
        "epoches": [
            0,
            10,
            20
        ]
    },
    "train_avg_recall": {
        "best_results": [
            0.941712204007286,
            0.0,
            0.3825136612021858,
            0.0,
            0.5191256830601093
        ],
        "all_results": [
            [
                0.941712204007286,
                0.0,
                0.3825136612021858,
                0.0,
                0.5191256830601093
            ],
            [
                0.941712204007286,
                0.0,
                0.0,
                0.0,
                0.0
            ],
            [
                0.941712204007286,
                0.0,
                0.0,
                0.0,
                0.0
            ]
        ],
        "epoches": [
            0,
            10,
            20
        ]
    },
    "train_avg_f1": {
        "best_results": [
            0.9699812382739211,
            0.0,
            0.5533596837944664,
            0.0,
            0.683453237410072
        ],
        "all_results": [
            [
                0.9699812382739211,
                0.0,
                0.5533596837944664,
                0.0,
                0.683453237410072
            ],
            [
                0.9699812382739211,
                0.0,
                0.0,
                0.0,
                0.0
            ],
            [
                0.9699812382739211,
                0.0,
                0.0,
                0.0,
                0.0
            ]
        ],
        "epoches": [
            0,
            10,
            20
        ]
    },
    "train_avg_accuracy": {
        "best_results": [
            0.9417122006416321,
            0.5136612057685852,
            0.6174863576889038,
            0.6156648397445679,
            0.5191256999969482
        ],
        "all_results": [
            [
                0.9417122006416321,
                0.5136612057685852,
                0.6174863576889038,
                0.6156648397445679,
                0.5191256999969482
            ],
            [
                0.9417122006416321,
                0.5136612057685852,
                0.6174863576889038,
                0.6156648397445679,
                0.48087432980537415
            ],
            [
                0.9417122006416321,
                0.5136612057685852,
                0.6174863576889038,
                0.6156648397445679,
                0.48087432980537415
            ]
        ],
        "epoches": [
            0,
            10,
            20
        ]
    },
    "val_avg_precision": {
        "best_results": [
            1.0,
            0.0,
            1.0,
            0.0,
            1.0
        ],
        "all_results": [
            [
                1.0,
                0.0,
                1.0,
                0.0,
                1.0
            ],
            [
                1.0,
                0.0,
                0.0,
                0.0,
                0.0
            ],
            [
                1.0,
                0.0,
                0.0,
                0.0,
                0.0
            ]
        ],
        "epoches": [
            0,
            10,
            20
        ]
    },
    "val_avg_recall": {
        "best_results": [
            0.825136612021858,
            0.0,
            0.5846994535519126,
            0.0,
            0.6010928961748634
        ],
        "all_results": [
            [
                0.825136612021858,
                0.0,
                0.5846994535519126,
                0.0,
                0.6010928961748634
            ],
            [
                0.825136612021858,
                0.0,
                0.0,
                0.0,
                0.0
            ],
            [
                0.825136612021858,
                0.0,
                0.0,
                0.0,
                0.0
            ]
        ],
        "epoches": [
            0,
            10,
            20
        ]
    },
    "val_avg_f1": {
        "best_results": [
            0.9041916167664671,
            0.0,
            0.7379310344827587,
            0.0,
            0.7508532423208191
        ],
        "all_results": [
            [
                0.9041916167664671,
                0.0,
                0.7379310344827587,
                0.0,
                0.7508532423208191
            ],
            [
                0.9041916167664671,
                0.0,
                0.0,
                0.0,
                0.0
            ],
            [
                0.9041916167664671,
                0.0,
                0.0,
                0.0,
                0.0
            ]
        ],
        "epoches": [
            0,
            10,
            20
        ]
    },
    "val_avg_accuracy": {
        "best_results": [
            0.8251366019248962,
            0.41530054807662964,
            0.5846994519233704,
            0.4972677528858185,
            0.6010928750038147
        ],
        "all_results": [
            [
                0.8251366019248962,
                0.41530054807662964,
                0.5846994519233704,
                0.4972677528858185,
                0.6010928750038147
            ],
            [
                0.8251366019248962,
                0.41530054807662964,
                0.41530054807662964,
                0.4972677528858185,
                0.3989070951938629
            ],
            [
                0.8251366019248962,
                0.41530054807662964,
                0.41530054807662964,
                0.4972677528858185,
                0.3989070951938629
            ]
        ],
        "epoches": [
            0,
            10,
            20
        ]
    },
    "test_avg_precision": {
        "best_results": [
            1.0,
            0.0,
            0.9285714285714286,
            0.0,
            1.0
        ],
        "all_results": [
            [
                1.0,
                0.0,
                0.9285714285714286,
                0.0,
                1.0
            ],
            [
                1.0,
                0.0,
                0.0,
                0.0,
                0.0
            ],
            [
                1.0,
                0.0,
                0.0,
                0.0,
                0.0
            ]
        ],
        "epoches": [
            0,
            10,
            20
        ]
    },
    "test_avg_recall": {
        "best_results": [
            0.7377049180327869,
            0.0,
            0.5942857142857143,
            0.0,
            0.5257142857142857
        ],
        "all_results": [
            [
                0.7377049180327869,
                0.0,
                0.5942857142857143,
                0.0,
                0.5257142857142857
            ],
            [
                0.7377049180327869,
                0.0,
                0.0,
                0.0,
                0.0
            ],
            [
                0.7377049180327869,
                0.0,
                0.0,
                0.0,
                0.0
            ]
        ],
        "epoches": [
            0,
            10,
            20
        ]
    },