{
    "train_avg_precision": {
        "best_results": [
            1.0,
            0.0,
            1.0,
            0.0,
            1.0
        ],
        "all_results": [
            [
                1.0,
                0.0,
                1.0,
                0.0,
                1.0
            ],
            [
                0.0,
                0.0,
                1.0,
                0.0,
                0.0
            ],
            [
                0.988,
                0.0,
                1.0,
                0.0,
                1.0
            ]
        ],
        "epoches": [
            0,
            10,
            20
        ]
    },
    "train_avg_recall": {
        "best_results": [
            0.5252100840336135,
            0.0,
            0.9285714285714286,
            0.0,
            0.5336134453781513
        ],
        "all_results": [
            [
                0.5252100840336135,
                0.0,
                0.9285714285714286,
                0.0,
                0.5336134453781513
            ],
            [
                0.0,
                0.0,
                0.9285714285714286,
                0.0,
                0.0
            ],
            [
                0.5221987315010571,
                0.0,
                0.9285714285714286,
                0.0,
                0.5336134453781513
            ]
        ],
        "epoches": [
            0,
            10,
            20
        ]
    },
    "train_avg_f1": {
        "best_results": [
            0.6887052341597797,
            0.0,
            0.962962962962963,
            0.0,
            0.6958904109589041
        ],
        "all_results": [
            [
                0.6887052341597797,
                0.0,
                0.962962962962963,
                0.0,
                0.6958904109589041
            ],
            [
                0.0,
                0.0,
                0.962962962962963,
                0.0,
                0.0
            ],
            [
                0.6832641770401108,
                0.0,
                0.962962962962963,
                0.0,
                0.6958904109589041
            ]
        ],
        "epoches": [
            0,
            10,
            20
        ]
    },
    "train_avg_accuracy": {
        "best_results": [
            0.5252100825309753,
            0.6008403301239014,
            0.9285714030265808,
            0.6764705777168274,
            0.5336134433746338
        ],
        "all_results": [
            [
                0.5252100825309753,
                0.6008403301239014,
                0.9285714030265808,
                0.6764705777168274,
                0.5336134433746338
            ],
            [
                0.47478991746902466,
                0.6008403301239014,
                0.9285714030265808,
                0.6764705777168274,
                0.4663865566253662
            ],
            [
                0.5189075469970703,
                0.6008403301239014,
                0.9285714030265808,
                0.6764705777168274,
                0.5336134433746338
            ]
        ],
        "epoches": [
            0,
            10,
            20
        ]
    },
    "val_avg_precision": {
        "best_results": [
            1.0,
            0.0,
            1.0,
            0.0,
            1.0
        ],
        "all_results": [
            [
                1.0,
                0.0,
                1.0,
                0.0,
                1.0
            ],
            [
                0.0,
                0.0,
                1.0,
                0.0,
                0.0
            ],
            [
                0.9722222222222222,
                0.0,
                1.0,
                0.0,
                1.0
            ]
        ],
        "epoches": [
            0,
            10,
            20
        ]
    },
    "val_avg_recall": {
        "best_results": [
            0.4528301886792453,
            0.0,
            0.8867924528301887,
            0.0,
            0.5786163522012578
        ],
        "all_results": [
            [
                0.4528301886792453,
                0.0,
                0.8867924528301887,
                0.0,
                0.5786163522012578
            ],
            [
                0.0,
                0.0,
                0.8867924528301887,
                0.0,
                0.0
            ],
            [
                0.445859872611465,
                0.0,
                0.8867924528301887,
                0.0,
                0.5786163522012578
            ]
        ],
        "epoches": [
            0,
            10,
            20
        ]
    },
    "val_avg_f1": {
        "best_results": [
            0.6233766233766235,
            0.0,
            0.9400000000000001,
            0.0,
            0.7330677290836654
        ],
        "all_results": [
            [
                0.6233766233766235,
                0.0,
                0.9400000000000001,
                0.0,
                0.7330677290836654
            ],
            [
                0.0,
                0.0,
                0.9400000000000001,
                0.0,
                0.0
            ],
            [
                0.611353711790393,
                0.0,
                0.9400000000000001,
                0.0,
                0.7330677290836654
            ]
        ],
        "epoches": [
            0,
            10,
            20
        ]
    },
    "val_avg_accuracy": {
        "best_results": [
            0.5471698045730591,
            0.5157232880592346,
            0.8867924809455872,
            0.5345911979675293,
            0.5786163806915283
        ],
        "all_results": [
            [
                0.5471698045730591,
                0.5157232880592346,
                0.8867924809455872,
                0.5345911979675293,
                0.5786163806915283
            ],
            [
                0.5471698045730591,
                0.5157232880592346,
                0.8867924809455872,
                0.5345911979675293,
                0.42138364911079407
            ],
            [
                0.44025155901908875,
                0.5157232880592346,
                0.8867924809455872,
                0.5345911979675293,
                0.5786163806915283
            ]
        ],
        "epoches": [
            0,
            10,
            20
        ]
    },
    "test_avg_precision": {
        "best_results": [
            1.0,
            0.0,
            1.0,
            0.0,
            1.0
        ],
        "all_results": [
            [
                1.0,
                0.0,
                1.0,
                0.0,
                1.0
            ],
            [
                0.0,
                0.0,
                1.0,
                0.0,
                0.0
            ],
            [
                0.9900990099009901,
                0.0,
                1.0,
                0.0,
                1.0
            ]
        ],
        "epoches": [
            0,
            10,
            20
        ]
    },
    "test_avg_recall": {
        "best_results": [
            0.6352201257861635,
            0.0,
            0.7232704402515723,
            0.0,
            0.6540880503144654
        ],
        "all_results": [
            [
                0.6352201257861635,
                0.0,
                0.7232704402515723,
                0.0,
                0.6540880503144654
            ],
            [
                0.0,
                0.0,
                0.7232704402515723,
                0.0,
                0.0
            ],
            [
                0.6329113924050633,
                0.0,
                0.7232704402515723,
                0.0,
                0.6540880503144654
            ]
        ],