{
    "train_avg_precision": {
        "best_results": [
            1.0,
            0.0,
            1.0,
            1.0,
            0.0
        ],
        "all_results": [
            [
                1.0,
                0.0,
                1.0,
                1.0,
                0.0
            ],
            [
                0.9959677419354839,
                0.0,
                1.0,
                0.0,
                0.0
            ]
        ],
        "epoches": [
            0,
            10
        ]
    },
    "train_avg_recall": {
        "best_results": [
            0.543859649122807,
            0.0,
            0.9232456140350878,
            0.5263157894736842,
            0.0
        ],
        "all_results": [
            [
                0.543859649122807,
                0.0,
                0.9232456140350878,
                0.5263157894736842,
                0.0
            ],
            [
                0.5428571428571428,
                0.0,
                0.9232456140350878,
                0.0,
                0.0
            ]
        ],
        "epoches": [
            0,
            10
        ]
    },
    "train_avg_f1": {
        "best_results": [
            0.7045454545454546,
            0.0,
            0.9600912200684151,
            0.6896551724137931,
            0.0
        ],
        "all_results": [
            [
                0.7045454545454546,
                0.0,
                0.9600912200684151,
                0.6896551724137931,
                0.0
            ],
            [
                0.7027027027027027,
                0.0,
                0.9600912200684151,
                0.0,
                0.0
            ]
        ],
        "epoches": [
            0,
            10
        ]
    },
    "train_avg_accuracy": {
        "best_results": [
            0.5438596606254578,
            0.5811403393745422,
            0.9232456088066101,
            0.5263158082962036,
            0.6337719559669495
        ],
        "all_results": [
            [
                0.5438596606254578,
                0.5811403393745422,
                0.9232456088066101,
                0.5263158082962036,
                0.6337719559669495
            ],
            [
                0.5416666865348816,
                0.5811403393745422,
                0.9232456088066101,
                0.4736842215061188,
                0.6337719559669495
            ]
        ],
        "epoches": [
            0,
            10
        ]
    },
    "val_avg_precision": {
        "best_results": [
            1.0,
            0.0,
            1.0,
            1.0,
            0.0
        ],
        "all_results": [
            [
                1.0,
                0.0,
                1.0,
                1.0,
                0.0
            ],
            [
                0.987012987012987,
                0.0,
                1.0,
                0.0,
                0.0
            ]
        ],
        "epoches": [
            0,
            10
        ]
    },
    "val_avg_recall": {
        "best_results": [
            0.506578947368421,
            0.0,
            0.9210526315789473,
            0.5197368421052632,
            0.0
        ],
        "all_results": [
            [
                0.506578947368421,
                0.0,
                0.9210526315789473,
                0.5197368421052632,
                0.0
            ],
            [
                0.5033112582781457,
                0.0,
                0.9210526315789473,
                0.0,
                0.0
            ]
        ],
        "epoches": [
            0,
            10
        ]
    },
    "val_avg_f1": {
        "best_results": [
            0.6724890829694323,
            0.0,
            0.958904109589041,
            0.6839826839826839,
            0.0
        ],
        "all_results": [
            [
                0.6724890829694323,
                0.0,
                0.958904109589041,
                0.6839826839826839,
                0.0
            ],
            [
                0.6666666666666667,
                0.0,
                0.958904109589041,
                0.0,
                0.0
            ]
        ],
        "epoches": [
            0,
            10
        ]
    },
    "val_avg_accuracy": {
        "best_results": [
            0.5065789222717285,
            0.5921052694320679,
            0.9210526347160339,
            0.5197368264198303,
            0.6644737124443054
        ],
        "all_results": [
            [
                0.5065789222717285,
                0.5921052694320679,
                0.9210526347160339,
                0.5197368264198303,
                0.6644737124443054
            ],
            [
                0.5,
                0.5921052694320679,
                0.9210526347160339,
                0.4802631437778473,
                0.6644737124443054
            ]
        ],
        "epoches": [
            0,
            10
        ]
    },
    "test_avg_precision": {
        "best_results": [
            1.0,
            0.0,
            1.0,
            1.0,
            0.0
        ],
        "all_results": [
            [
                1.0,
                0.0,
                1.0,
                1.0,
                0.0
            ],
            [
                0.9574468085106383,
                0.0,
                1.0,
                0.0,
                0.0
            ]
        ],
        "epoches": [
            0,
            10
        ]
    },
    "test_avg_recall": {
        "best_results": [
            0.618421052631579,
            0.0,
            0.7302631578947368,
            0.625,
            0.0
        ],
        "all_results": [
            [
                0.618421052631579,
                0.0,
                0.7302631578947368,
                0.625,
                0.0
            ],
            [
                0.6081081081081081,
                0.0,
                0.7302631578947368,
                0.0,
                0.0
            ]
        ],
        "epoches": [
            0,
            10
        ]
    },
    "test_avg_f1": {
        "best_results": [
            0.7642276422764228,
            0.0,
            0.844106463878327,
            0.7692307692307693,
            0.0
        ],
        "all_results": [
            [
                0.7642276422764228,
                0.0,
                0.844106463878327,
                0.7692307692307693,
                0.0
            ],
            [
                0.7438016528925621,
                0.0,
                0.844106463878327,
                0.0,
                0.0
            ]
        ],
        "epoches": [
            0,
            10
        ]
    },
    "test_avg_accuracy": {
        "best_results": [
            0.6184210777282715,
            0.41447368264198303,
            0.7302631735801697,
            0.625,
            0.5855262875556946
        ],
        "all_results": [
            [
                0.6184210777282715,
                0.41447368264198303,
                0.7302631735801697,
                0.625,
                0.5855262875556946
            ],
            [
                0.5921052694320679,
                0.41447368264198303,
                0.7302631735801697,
                0.375,
                0.5855262875556946
            ]
        ],
        "epoches": [
            0,
            10
        ]
    }
}