{
    "train_avg_precision": {
        "best_results": [
            1.0,
            1.0,
            0.9955555555555555,
            0.0,
            1.0
        ],
        "all_results": [
            [
                1.0,
                1.0,
                0.9955555555555555,
                0.0,
                1.0
            ],
            [
                0.0,
                1.0,
                0.0,
                0.0,
                0.0
            ],
            [
                0.0,
                1.0,
                0.0,
                0.0,
                0.0
            ],
            [
                0.0,
                1.0,
                0.9955555555555555,
                0.0,
                1.0
            ]
        ],
        "epoches": [
            0,
            10,
            20,
            30
        ]
    },
    "train_avg_recall": {
        "best_results": [
            0.46543778801843316,
            0.9216589861751152,
            0.5308056872037915,
            0.0,
            0.5414746543778802
        ],
        "all_results": [
            [
                0.46543778801843316,
                0.9216589861751152,
                0.5308056872037915,
                0.0,
                0.5414746543778802
            ],
            [
                0.0,
                0.9216589861751152,
                0.0,
                0.0,
                0.0
            ],
            [
                0.0,
                0.9216589861751152,
                0.0,
                0.0,
                0.0
            ],
            [
                0.0,
                0.9216589861751152,
                0.5308056872037915,
                0.0,
                0.5414746543778802
            ]
        ],
        "epoches": [
            0,
            10,
            20,
            30
        ]
    },
    "train_avg_f1": {
        "best_results": [
            0.6352201257861635,
            0.9592326139088729,
            0.6924265842349305,
            0.0,
            0.70254110612855
        ],
        "all_results": [
            [
                0.6352201257861635,
                0.9592326139088729,
                0.6924265842349305,
                0.0,
                0.70254110612855
            ],
            [
                0.0,
                0.9592326139088729,
                0.0,
                0.0,
                0.0
            ],
            [
                0.0,
                0.9592326139088729,
                0.0,
                0.0,
                0.0
            ],
            [
                0.0,
                0.9592326139088729,
                0.6924265842349305,
                0.0,
                0.70254110612855
            ]
        ],
        "epoches": [
            0,
            10,
            20,
            30
        ]
    },
    "train_avg_accuracy": {
        "best_results": [
            0.5345622301101685,
            0.921658992767334,
            0.5414746403694153,
            0.6912442445755005,
            0.5414746403694153
        ],
        "all_results": [
            [
                0.5345622301101685,
                0.921658992767334,
                0.5414746403694153,
                0.6912442445755005,
                0.5414746403694153
            ],
            [
                0.5345622301101685,
                0.921658992767334,
                0.48156681656837463,
                0.6912442445755005,
                0.4585253596305847
            ],
            [
                0.5345622301101685,
                0.921658992767334,
                0.48156681656837463,
                0.6912442445755005,
                0.4585253596305847
            ],
            [
                0.5345622301101685,
                0.921658992767334,
                0.5414746403694153,
                0.6912442445755005,
                0.5414746403694153
            ]
        ],
        "epoches": [
            0,
            10,
            20,
            30
        ]
    },
    "val_avg_precision": {
        "best_results": [
            1.0,
            1.0,
            0.9696969696969697,
            0.0,
            1.0
        ],
        "all_results": [
            [
                1.0,
                1.0,
                0.9696969696969697,
                0.0,
                1.0
            ],
            [
                0.0,
                1.0,
                0.0,
                0.0,
                0.0
            ],
            [
                0.0,
                1.0,
                0.0,
                0.0,
                0.0
            ],
            [
                0.0,
                1.0,
                0.9696969696969697,
                0.0,
                1.0
            ]
        ],
        "epoches": [
            0,
            10,
            20,
            30
        ]
    },
    "val_avg_recall": {
        "best_results": [
            0.4413793103448276,
            0.8689655172413793,
            0.460431654676259,
            0.0,
            0.5517241379310345
        ],
        "all_results": [
            [
                0.4413793103448276,
                0.8689655172413793,
                0.460431654676259,
                0.0,
                0.5517241379310345
            ],
            [
                0.0,
                0.8689655172413793,
                0.0,
                0.0,
                0.0
            ],
            [
                0.0,
                0.8689655172413793,
                0.0,
                0.0,
                0.0
            ],
            [
                0.0,
                0.8689655172413793,
                0.460431654676259,
                0.0,
                0.5517241379310345
            ]
        ],
        "epoches": [
            0,
            10,
            20,
            30
        ]
    },
    "val_avg_f1": {
        "best_results": [
            0.6124401913875598,
            0.9298892988929889,
            0.624390243902439,
            0.0,
            0.7111111111111111
        ],
        "all_results": [
            [
                0.6124401913875598,
                0.9298892988929889,
                0.624390243902439,
                0.0,
                0.7111111111111111
            ],
            [
                0.0,
                0.9298892988929889,
                0.0,
                0.0,
                0.0
            ],
            [
                0.0,
                0.9298892988929889,
                0.0,
                0.0,
                0.0
            ],
            [
                0.0,
                0.9298892988929889,
                0.624390243902439,
                0.0,
                0.7111111111111111
            ]
        ],
        "epoches": [
            0,
            10,
            20,
            30
        ]
    },
    "val_avg_accuracy": {
        "best_results": [
            0.5586206912994385,
            0.8689655065536499,
            0.5448275804519653,
            0.6689655184745789,
            0.5517241358757019
        ],