{
    "train_avg_precision": {
        "best_results": [
            1.0,
            1.0,
            1.0,
            1.0,
            1.0
        ],
        "all_results": [
            [
                1.0,
                1.0,
                1.0,
                1.0,
                1.0
            ],
            [
                0.9872881355932204,
                0.0,
                1.0,
                0.0,
                0.0
            ],
            [
                1.0,
                0.0,
                1.0,
                0.0211864406779661,
                0.0
            ]
        ],
        "epoches": [
            0,
            10,
            20
        ]
    },
    "train_avg_recall": {
        "best_results": [
            0.5198237885462555,
            0.4052863436123348,
            0.9317180616740088,
            1.0,
            0.3524229074889868
        ],
        "all_results": [
            [
                0.5198237885462555,
                0.4052863436123348,
                0.9317180616740088,
                1.0,
                0.3524229074889868
            ],
            [
                0.5189309576837416,
                0.0,
                0.9317180616740088,
                0.0,
                0.0
            ],
            [
                0.5198237885462555,
                0.0,
                0.9317180616740088,
                1.0,
                0.0
            ]
        ],
        "epoches": [
            0,
            10,
            20
        ]
    },
    "train_avg_f1": {
        "best_results": [
            0.6840579710144928,
            0.5768025078369906,
            0.9646522234891677,
            0.6840579710144928,
            0.5211726384364821
        ],
        "all_results": [
            [
                0.6840579710144928,
                0.5768025078369906,
                0.9646522234891677,
                0.6840579710144928,
                0.5211726384364821
            ],
            [
                0.6802919708029197,
                0.0,
                0.9646522234891677,
                0.0,
                0.0
            ],
            [
                0.6840579710144928,
                0.0,
                0.9646522234891677,
                0.04149377593360996,
                0.0
            ]
        ],
        "epoches": [
            0,
            10,
            20
        ]
    },
    "train_avg_accuracy": {
        "best_results": [
            0.5198237895965576,
            0.5947136282920837,
            0.9317180514335632,
            0.5198237895965576,
            0.6475771069526672
        ],
        "all_results": [
            [
                0.5198237895965576,
                0.5947136282920837,
                0.9317180514335632,
                0.5198237895965576,
                0.6475771069526672
            ],
            [
                0.5176211595535278,
                0.5947136282920837,
                0.9317180514335632,
                0.4801762104034424,
                0.6475771069526672
            ],
            [
                0.5198237895965576,
                0.5947136282920837,
                0.9317180514335632,
                0.4911894202232361,
                0.6475771069526672
            ]
        ],
        "epoches": [
            0,
            10,
            20
        ]
    },
    "val_avg_precision": {
        "best_results": [
            1.0,
            1.0,
            1.0,
            1.0,
            1.0
        ],
        "all_results": [
            [
                1.0,
                1.0,
                1.0,
                1.0,
                1.0
            ],
            [
                0.9722222222222222,
                0.0,
                1.0,
                0.0,
                0.0
            ],
            [
                1.0,
                0.0,
                1.0,
                0.031578947368421054,
                0.0
            ]
        ],
        "epoches": [
            0,
            10,
            20
        ]
    },
    "val_avg_recall": {
        "best_results": [
            0.47368421052631576,
            0.4934210526315789,
            0.8947368421052632,
            1.0,
            0.4276315789473684
        ],
        "all_results": [
            [
                0.47368421052631576,
                0.4934210526315789,
                0.8947368421052632,
                1.0,
                0.4276315789473684
            ],
            [
                0.4666666666666667,
                0.0,
                0.8947368421052632,
                0.0,
                0.0
            ],
            [
                0.47368421052631576,
                0.0,
                0.8947368421052632,
                1.0,
                0.0
            ]
        ],
        "epoches": [
            0,
            10,
            20
        ]
    },
    "val_avg_f1": {
        "best_results": [
            0.6428571428571429,
            0.6607929515418501,
            0.9444444444444444,
            0.7692307692307693,
            0.599078341013825
        ],
        "all_results": [
            [
                0.6428571428571429,
                0.6607929515418501,
                0.9444444444444444,
                0.7692307692307693,
                0.599078341013825
            ],
            [
                0.6306306306306306,
                0.0,
                0.9444444444444444,
                0.0,
                0.0
            ],
            [
                0.6428571428571429,
                0.0,
                0.9444444444444444,
                0.061224489795918366,
                0.0
            ]
        ],
        "epoches": [
            0,
            10,
            20
        ]
    },
    "val_avg_accuracy": {
        "best_results": [
            0.5263158082962036,
            0.5065789222717285,
            0.8947368264198303,
            0.625,
            0.5723684430122375
        ],
        "all_results": [
            [
                0.5263158082962036,
                0.5065789222717285,
                0.8947368264198303,
                0.625,
                0.5723684430122375
            ],
            [
                0.46052631735801697,
                0.5065789222717285,
                0.8947368264198303,
                0.375,
                0.5723684430122375
            ],
            [
                0.4736842215061188,
                0.5065789222717285,
                0.8947368264198303,
                0.3947368562221527,
                0.5723684430122375
            ]
        ],
        "epoches": [
            0,
            10,
            20
        ]
    },
    "test_avg_precision": {
        "best_results": [
            0.9894736842105263,
            1.0,
            1.0,
            1.0,
            1.0
        ],
        "all_results": [
            [
                0.9894736842105263,
                1.0,
                1.0,
                1.0,
                1.0
            ],
            [
                0.9263157894736842,
                0.0,
                1.0,
                0.0,
                0.0
            ],
            [
                0.9894736842105263,
                0.0,
                1.0,
                0.09734513274336283,
                0.0
            ]
        ],
        "epoches": [
            0,
            10,
            20
        ]
    },
    "test_avg_recall": {
        "best_results": [
            0.6225165562913907,
            0.5197368421052632,
            0.7302631578947368,
            0.8461538461538461,
            0.4473684210526316
        ],