{
    "train_avg_precision": {
        "best_results": [
            1.0,
            1.0,
            1.0,
            0.0,
            1.0
        ],
        "all_results": [
            [
                1.0,
                1.0,
                1.0,
                0.0,
                1.0
            ],
            [
                1.0,
                0.0,
                0.9549180327868853,
                0.0,
                0.0
            ],
            [
                1.0,
                0.0,
                1.0,
                0.0,
                0.0
            ]
        ],
        "epoches": [
            0,
            10,
            20
        ]
    },
    "train_avg_recall": {
        "best_results": [
            0.9041095890410958,
            0.4657534246575342,
            0.5669099756690997,
            0.0,
            0.363013698630137
        ],
        "all_results": [
            [
                0.9041095890410958,
                0.4657534246575342,
                0.5669099756690997,
                0.0,
                0.363013698630137
            ],
            [
                0.9041095890410958,
                0.0,
                0.5669099756690997,
                0.0,
                0.0
            ],
            [
                0.9041095890410958,
                0.0,
                0.5570776255707762,
                0.0,
                0.0
            ]
        ],
        "epoches": [
            0,
            10,
            20
        ]
    },
    "train_avg_f1": {
        "best_results": [
            0.949640287769784,
            0.6355140186915887,
            0.7155425219941349,
            0.0,
            0.5326633165829147
        ],
        "all_results": [
            [
                0.949640287769784,
                0.6355140186915887,
                0.7155425219941349,
                0.0,
                0.5326633165829147
            ],
            [
                0.949640287769784,
                0.0,
                0.7114503816793892,
                0.0,
                0.0
            ],
            [
                0.949640287769784,
                0.0,
                0.7155425219941349,
                0.0,
                0.0
            ]
        ],
        "epoches": [
            0,
            10,
            20
        ]
    },
    "train_avg_accuracy": {
        "best_results": [
            0.9041095972061157,
            0.534246563911438,
            0.568493127822876,
            0.5821917653083801,
            0.6369863152503967
        ],
        "all_results": [
            [
                0.9041095972061157,
                0.534246563911438,
                0.568493127822876,
                0.5821917653083801,
                0.6369863152503967
            ],
            [
                0.9041095972061157,
                0.534246563911438,
                0.568493127822876,
                0.5821917653083801,
                0.6369863152503967
            ],
            [
                0.9041095972061157,
                0.534246563911438,
                0.5570776462554932,
                0.5821917653083801,
                0.6369863152503967
            ]
        ],
        "epoches": [
            0,
            10,
            20
        ]
    },
    "val_avg_precision": {
        "best_results": [
            1.0,
            1.0,
            1.0,
            0.0,
            1.0
        ],
        "all_results": [
            [
                1.0,
                1.0,
                1.0,
                0.0,
                1.0
            ],
            [
                1.0,
                0.0,
                0.9659090909090909,
                0.0,
                0.0
            ],
            [
                1.0,
                0.0,
                1.0,
                0.0,
                0.0
            ]
        ],
        "epoches": [
            0,
            10,
            20
        ]
    },
    "val_avg_recall": {
        "best_results": [
            0.8698630136986302,
            0.5068493150684932,
            0.6027397260273972,
            0.0,
            0.3561643835616438
        ],
        "all_results": [
            [
                0.8698630136986302,
                0.5068493150684932,
                0.6027397260273972,
                0.0,
                0.3561643835616438
            ],
            [
                0.8698630136986302,
                0.0,
                0.5985915492957746,
                0.0,
                0.0
            ],
            [
                0.8698630136986302,
                0.0,
                0.6027397260273972,
                0.0,
                0.0
            ]
        ],
        "epoches": [
            0,
            10,
            20
        ]
    },
    "val_avg_f1": {
        "best_results": [
            0.9304029304029303,
            0.6727272727272727,
            0.7521367521367521,
            0.0,
            0.5252525252525252
        ],
        "all_results": [
            [
                0.9304029304029303,
                0.6727272727272727,
                0.7521367521367521,
                0.0,
                0.5252525252525252
            ],
            [
                0.9304029304029303,
                0.0,
                0.7391304347826086,
                0.0,
                0.0
            ],
            [
                0.9304029304029303,
                0.0,
                0.7521367521367521,
                0.0,
                0.0
            ]
        ],
        "epoches": [
            0,
            10,
            20
        ]
    },
    "val_avg_accuracy": {
        "best_results": [
            0.8698630332946777,
            0.5068492889404297,
            0.6027397513389587,
            0.4931506812572479,
            0.6438356041908264
        ],
        "all_results": [
            [
                0.8698630332946777,
                0.5068492889404297,
                0.6027397513389587,
                0.4931506812572479,
                0.6438356041908264
            ],
            [
                0.8698630332946777,
                0.4931506812572479,
                0.5890411138534546,
                0.4931506812572479,
                0.6438356041908264
            ],
            [
                0.8698630332946777,
                0.4931506812572479,
                0.6027397513389587,
                0.4931506812572479,
                0.6438356041908264
            ]
        ],
        "epoches": [
            0,
            10,
            20
        ]
    },
    "test_avg_precision": {
        "best_results": [
            1.0,
            1.0,
            1.0,
            0.0,
            1.0
        ],
        "all_results": [
            [
                1.0,
                1.0,
                1.0,
                0.0,
                1.0
            ],
            [
                1.0,
                0.0,
                0.9230769230769231,
                0.0,
                0.0
            ],
            [
                1.0,
                0.0,
                1.0,
                0.0,
                0.0
            ]
        ],
        "epoches": [
            0,
            10,
            20
        ]
    },
    "test_avg_recall": {
        "best_results": [
            0.7602739726027398,
            0.6643835616438356,
            0.5454545454545454,
            0.0,
            0.3972602739726027
        ],