{
    "train_avg_precision": {
        "best_results": [
            1.0,
            1.0,
            1.0,
            1.0,
            0.0
        ],
        "all_results": [
            [
                1.0,
                1.0,
                1.0,
                1.0,
                0.0
            ],
            [
                0.0,
                1.0,
                0.0,
                0.0,
                0.0
            ],
            [
                0.0,
                1.0,
                0.0,
                0.0,
                0.0
            ],
            [
                0.9798994974874372,
                1.0,
                0.0,
                0.0,
                0.0
            ]
        ],
        "epoches": [
            0,
            10,
            20,
            30
        ]
    },
    "train_avg_recall": {
        "best_results": [
            0.4830097087378641,
            0.9635922330097088,
            0.4854368932038835,
            0.3131067961165049,
            0.0
        ],
        "all_results": [
            [
                0.4830097087378641,
                0.9635922330097088,
                0.4854368932038835,
                0.3131067961165049,
                0.0
            ],
            [
                0.0,
                0.9635922330097088,
                0.0,
                0.0,
                0.0
            ],
            [
                0.0,
                0.9635922330097088,
                0.0,
                0.0,
                0.0
            ],
            [
                0.4802955665024631,
                0.9635922330097088,
                0.0,
                0.0,
                0.0
            ]
        ],
        "epoches": [
            0,
            10,
            20,
            30
        ]
    },
    "train_avg_f1": {
        "best_results": [
            0.6513911620294599,
            0.9814585908529049,
            0.6535947712418301,
            0.4768946395563771,
            0.0
        ],
        "all_results": [
            [
                0.6513911620294599,
                0.9814585908529049,
                0.6535947712418301,
                0.4768946395563771,
                0.0
            ],
            [
                0.0,
                0.9814585908529049,
                0.0,
                0.0,
                0.0
            ],
            [
                0.0,
                0.9814585908529049,
                0.0,
                0.0,
                0.0
            ],
            [
                0.6446280991735538,
                0.9814585908529049,
                0.0,
                0.0,
                0.0
            ]
        ],
        "epoches": [
            0,
            10,
            20,
            30
        ]
    },
    "train_avg_accuracy": {
        "best_results": [
            0.5169903039932251,
            0.9635922312736511,
            0.5145630836486816,
            0.6868932247161865,
            0.643203854560852
        ],
        "all_results": [
            [
                0.5169903039932251,
                0.9635922312736511,
                0.5145630836486816,
                0.6868932247161865,
                0.643203854560852
            ],
            [
                0.5169903039932251,
                0.9635922312736511,
                0.5145630836486816,
                0.6868932247161865,
                0.643203854560852
            ],
            [
                0.5169903039932251,
                0.9635922312736511,
                0.5145630836486816,
                0.6868932247161865,
                0.643203854560852
            ],
            [
                0.47815534472465515,
                0.9635922312736511,
                0.5145630836486816,
                0.6868932247161865,
                0.643203854560852
            ]
        ],
        "epoches": [
            0,
            10,
            20,
            30
        ]
    },
    "val_avg_precision": {
        "best_results": [
            1.0,
            1.0,
            1.0,
            1.0,
            0.0
        ],
        "all_results": [
            [
                1.0,
                1.0,
                1.0,
                1.0,
                0.0
            ],
            [
                0.0,
                1.0,
                0.0,
                0.0,
                0.0
            ],
            [
                0.0,
                1.0,
                0.0,
                0.0,
                0.0
            ],
            [
                0.9722222222222222,
                1.0,
                0.0,
                0.0,
                0.0
            ]
        ],
        "epoches": [
            0,
            10,
            20,
            30
        ]
    },
    "val_avg_recall": {
        "best_results": [
            0.5223880597014925,
            0.8768115942028986,
            0.5289855072463768,
            0.3188405797101449,
            0.0
        ],
        "all_results": [
            [
                0.5223880597014925,
                0.8768115942028986,
                0.5289855072463768,
                0.3188405797101449,
                0.0
            ],
            [
                0.0,
                0.8768115942028986,
                0.0,
                0.0,
                0.0
            ],
            [
                0.0,
                0.8768115942028986,
                0.0,
                0.0,
                0.0
            ],
            [
                0.5223880597014925,
                0.8768115942028986,
                0.0,
                0.0,
                0.0
            ]
        ],
        "epoches": [
            0,
            10,
            20,
            30
        ]
    },
    "val_avg_f1": {
        "best_results": [
            0.6857142857142856,
            0.9343629343629344,
            0.6919431279620852,
            0.48351648351648346,
            0.0
        ],
        "all_results": [
            [
                0.6857142857142856,
                0.9343629343629344,
                0.6919431279620852,
                0.48351648351648346,
                0.0
            ],
            [
                0.0,
                0.9343629343629344,
                0.0,
                0.0,
                0.0
            ],
            [
                0.0,
                0.9343629343629344,
                0.0,
                0.0,
                0.0
            ],
            [
                0.6796116504854368,
                0.9343629343629344,
                0.0,
                0.0,
                0.0
            ]
        ],
        "epoches": [
            0,
            10,
            20,
            30
        ]
    },
    "val_avg_accuracy": {
        "best_results": [
            0.52173912525177,
            0.8768116235733032,
            0.5289855003356934,
            0.6811594367027283,
            0.47101449966430664
        ],
        "all_results": [
            [
                0.52173912525177,
                0.8768116235733032,
                0.5289855003356934,
                0.6811594367027283,
                0.47101449966430664
            ],
            [
                0.47826087474823,
                0.8768116235733032,
                0.47101449966430664,
                0.6811594367027283,
                0.47101449966430664
            ],
            [
                0.47826087474823,
                0.8768116235733032,
                0.47101449966430664,
                0.6811594367027283,
                0.47101449966430664
            ],
            [
                0.52173912525177,
                0.8768116235733032,
                0.47101449966430664,
                0.6811594367027283,
                0.47101449966430664
            ]
        ],