{
    "train_avg_precision": {
        "best_results": [
            1.0,
            0.005291005291005291,
            1.0,
            1.0,
            0.0
        ],
        "all_results": [
            [
                1.0,
                0.005291005291005291,
                1.0,
                1.0,
                0.0
            ],
            [
                1.0,
                0.0,
                0.0,
                0.0,
                0.0
            ],
            [
                1.0,
                0.005291005291005291,
                1.0,
                0.0,
                0.0
            ]
        ],
        "epoches": [
            0,
            10,
            20
        ]
    },
    "train_avg_recall": {
        "best_results": [
            0.921875,
            1.0,
            0.5,
            0.3880208333333333,
            0.0
        ],
        "all_results": [
            [
                0.921875,
                1.0,
                0.5,
                0.3880208333333333,
                0.0
            ],
            [
                0.921875,
                0.0,
                0.0,
                0.0,
                0.0
            ],
            [
                0.921875,
                1.0,
                0.5,
                0.0,
                0.0
            ]
        ],
        "epoches": [
            0,
            10,
            20
        ]
    },
    "train_avg_f1": {
        "best_results": [
            0.959349593495935,
            0.010526315789473682,
            0.6666666666666666,
            0.5590994371482176,
            0.0
        ],
        "all_results": [
            [
                0.959349593495935,
                0.010526315789473682,
                0.6666666666666666,
                0.5590994371482176,
                0.0
            ],
            [
                0.959349593495935,
                0.0,
                0.0,
                0.0,
                0.0
            ],
            [
                0.959349593495935,
                0.010526315789473682,
                0.6666666666666666,
                0.0,
                0.0
            ]
        ],
        "epoches": [
            0,
            10,
            20
        ]
    },
    "train_avg_accuracy": {
        "best_results": [
            0.921875,
            0.5104166865348816,
            0.5,
            0.6119791865348816,
            0.6901041865348816
        ],
        "all_results": [
            [
                0.921875,
                0.5104166865348816,
                0.5,
                0.6119791865348816,
                0.6901041865348816
            ],
            [
                0.921875,
                0.5078125,
                0.5,
                0.6119791865348816,
                0.6901041865348816
            ],
            [
                0.921875,
                0.5104166865348816,
                0.5,
                0.6119791865348816,
                0.6901041865348816
            ]
        ],
        "epoches": [
            0,
            10,
            20
        ]
    },
    "val_avg_precision": {
        "best_results": [
            1.0,
            0.0136986301369863,
            1.0,
            1.0,
            0.0
        ],
        "all_results": [
            [
                1.0,
                0.0136986301369863,
                1.0,
                1.0,
                0.0
            ],
            [
                1.0,
                0.0,
                0.0,
                0.0,
                0.0
            ],
            [
                1.0,
                0.0136986301369863,
                1.0,
                0.0,
                0.0
            ]
        ],
        "epoches": [
            0,
            10,
            20
        ]
    },
    "val_avg_recall": {
        "best_results": [
            0.9147286821705426,
            1.0,
            0.4573643410852713,
            0.4418604651162791,
            0.0
        ],
        "all_results": [
            [
                0.9147286821705426,
                1.0,
                0.4573643410852713,
                0.4418604651162791,
                0.0
            ],
            [
                0.9147286821705426,
                0.0,
                0.0,
                0.0,
                0.0
            ],
            [
                0.9147286821705426,
                1.0,
                0.4573643410852713,
                0.0,
                0.0
            ]
        ],
        "epoches": [
            0,
            10,
            20
        ]
    },
    "val_avg_f1": {
        "best_results": [
            0.9554655870445344,
            0.027027027027027025,
            0.6276595744680851,
            0.6129032258064516,
            0.0
        ],
        "all_results": [
            [
                0.9554655870445344,
                0.027027027027027025,
                0.6276595744680851,
                0.6129032258064516,
                0.0
            ],
            [
                0.9554655870445344,
                0.0,
                0.0,
                0.0,
                0.0
            ],
            [
                0.9554655870445344,
                0.027027027027027025,
                0.6276595744680851,
                0.0,
                0.0
            ]
        ],
        "epoches": [
            0,
            10,
            20
        ]
    },
    "val_avg_accuracy": {
        "best_results": [
            0.9147287011146545,
            0.44186046719551086,
            0.5426356792449951,
            0.5581395626068115,
            0.6744186282157898
        ],
        "all_results": [
            [
                0.9147287011146545,
                0.44186046719551086,
                0.5426356792449951,
                0.5581395626068115,
                0.6744186282157898
            ],
            [
                0.9147287011146545,
                0.43410852551460266,
                0.5426356792449951,
                0.5581395626068115,
                0.6744186282157898
            ],
            [
                0.9147287011146545,
                0.44186046719551086,
                0.45736435055732727,
                0.5581395626068115,
                0.6744186282157898
            ]
        ],
        "epoches": [
            0,
            10,
            20
        ]
    },
    "test_avg_precision": {
        "best_results": [
            1.0,
            0.012195121951219513,
            1.0,
            1.0,
            0.0
        ],
        "all_results": [
            [
                1.0,
                0.012195121951219513,
                1.0,
                1.0,
                0.0
            ],
            [
                1.0,
                0.0,
                0.0,
                0.0,
                0.0
            ],
            [
                1.0,
                0.012195121951219513,
                1.0,
                0.0,
                0.0
            ]
        ],
        "epoches": [
            0,
            10,
            20
        ]
    },
    "test_avg_recall": {
        "best_results": [
            0.6328125,
            1.0,
            0.6640625,
            0.5546875,
            0.0
        ],
        "all_results": [
            [
                0.6328125,
                1.0,
                0.6640625,
                0.5546875,
                0.0
            ],
            [
                0.6328125,
                0.0,
                0.0,
                0.0,
                0.0
            ],
            [
                0.6328125,
                1.0,
                0.6640625,
                0.0,
                0.0
            ]
        ],
        "epoches": [
            0,
            10,
            20
        ]
    },