{
    "train_avg_precision": {
        "best_results": [
            1.0,
            0.9982993197278912,
            1.0,
            1.0,
            0.9982788296041308
        ],
        "all_results": [
            [
                1.0,
                0.9982993197278912,
                1.0,
                1.0,
                0.9982788296041308
            ],
            [
                1.0,
                0.9982993197278912,
                1.0,
                0.0,
                0.9982788296041308
            ],
            [
                1.0,
                0.9965986394557823,
                1.0,
                0.0,
                0.9982788296041308
            ]
        ],
        "epoches": [
            0,
            10,
            20
        ]
    },
    "train_avg_recall": {
        "best_results": [
            1.0,
            0.8221288515406162,
            1.0,
            0.5588235294117647,
            0.8134642356241234
        ],
        "all_results": [
            [
                1.0,
                0.8221288515406162,
                1.0,
                0.5588235294117647,
                0.8134642356241234
            ],
            [
                1.0,
                0.8221288515406162,
                1.0,
                0.0,
                0.8134642356241234
            ],
            [
                1.0,
                0.8218793828892006,
                1.0,
                0.0,
                0.8134642356241234
            ]
        ],
        "epoches": [
            0,
            10,
            20
        ]
    },
    "train_avg_f1": {
        "best_results": [
            1.0,
            0.901689708141321,
            1.0,
            0.7169811320754718,
            0.8964451313755797
        ],
        "all_results": [
            [
                1.0,
                0.901689708141321,
                1.0,
                0.7169811320754718,
                0.8964451313755797
            ],
            [
                1.0,
                0.901689708141321,
                1.0,
                0.0,
                0.8964451313755797
            ],
            [
                1.0,
                0.9008455034588777,
                1.0,
                0.0,
                0.8964451313755797
            ]
        ],
        "epoches": [
            0,
            10,
            20
        ]
    },
    "train_avg_accuracy": {
        "best_results": [
            1.0,
            0.8209789991378784,
            1.0,
            0.559440553188324,
            0.8125874400138855
        ],
        "all_results": [
            [
                1.0,
                0.8209789991378784,
                1.0,
                0.559440553188324,
                0.8125874400138855
            ],
            [
                1.0,
                0.8209789991378784,
                1.0,
                0.4419580399990082,
                0.8125874400138855
            ],
            [
                1.0,
                0.8195804357528687,
                1.0,
                0.4419580399990082,
                0.8125874400138855
            ]
        ],
        "epoches": [
            0,
            10,
            20
        ]
    },
    "val_avg_precision": {
        "best_results": [
            1.0,
            0.99,
            1.0,
            1.0,
            0.9886363636363636
        ],
        "all_results": [
            [
                1.0,
                0.99,
                1.0,
                1.0,
                0.9886363636363636
            ],
            [
                1.0,
                0.99,
                1.0,
                0.0,
                0.9886363636363636
            ],
            [
                1.0,
                0.99,
                1.0,
                0.0,
                0.9886363636363636
            ]
        ],
        "epoches": [
            0,
            10,
            20
        ]
    },
    "val_avg_recall": {
        "best_results": [
            1.0,
            0.8354430379746836,
            1.0,
            0.540084388185654,
            0.7341772151898734
        ],
        "all_results": [
            [
                1.0,
                0.8354430379746836,
                1.0,
                0.540084388185654,
                0.7341772151898734
            ],
            [
                1.0,
                0.8354430379746836,
                1.0,
                0.0,
                0.7341772151898734
            ],
            [
                1.0,
                0.8354430379746836,
                1.0,
                0.0,
                0.7341772151898734
            ]
        ],
        "epoches": [
            0,
            10,
            20
        ]
    },
    "val_avg_f1": {
        "best_results": [
            1.0,
            0.9061784897025172,
            1.0,
            0.7013698630136985,
            0.8426150121065376
        ],
        "all_results": [
            [
                1.0,
                0.9061784897025172,
                1.0,
                0.7013698630136985,
                0.8426150121065376
            ],
            [
                1.0,
                0.9061784897025172,
                1.0,
                0.0,
                0.8426150121065376
            ],
            [
                1.0,
                0.9061784897025172,
                1.0,
                0.0,
                0.8426150121065376
            ]
        ],
        "epoches": [
            0,
            10,
            20
        ]
    },
    "val_avg_accuracy": {
        "best_results": [
            1.0,
            0.8284518718719482,
            1.0,
            0.5439330339431763,
            0.7280334830284119
        ],
        "all_results": [
            [
                1.0,
                0.8284518718719482,
                1.0,
                0.5439330339431763,
                0.7280334830284119
            ],
            [
                1.0,
                0.8284518718719482,
                1.0,
                0.4644351601600647,
                0.7280334830284119
            ],
            [
                1.0,
                0.8284518718719482,
                1.0,
                0.4644351601600647,
                0.7280334830284119
            ]
        ],
        "epoches": [
            0,
            10,
            20
        ]
    },
    "test_avg_precision": {
        "best_results": [
            1.0,
            0.7463414634146341,
            1.0,
            0.7051282051282052,
            0.8291139240506329
        ],
        "all_results": [
            [
                1.0,
                0.7463414634146341,
                1.0,
                0.7051282051282052,
                0.8291139240506329
            ],
            [
                1.0,
                0.7463414634146341,
                1.0,
                0.0,
                0.8291139240506329
            ],
            [
                1.0,
                0.7414634146341463,
                1.0,
                0.0,
                0.8291139240506329
            ]
        ],
        "epoches": [
            0,
            10,
            20
        ]
    },
    "test_avg_recall": {
        "best_results": [
            1.0,
            0.8306010928961749,
            1.0,
            0.6179775280898876,
            0.7158469945355191
        ],
        "all_results": [
            [
                1.0,
                0.8306010928961749,
                1.0,
                0.6179775280898876,
                0.7158469945355191
            ],
            [
                1.0,
                0.827027027027027,
                1.0,
                0.0,
                0.7158469945355191
            ],
            [
                1.0,
                0.8306010928961749,
                1.0,
                0.0,
                0.7158469945355191
            ]
        ],