{
    "train_avg_precision": {
        "best_results": [
            1.0,
            1.0,
            0.0,
            1.0,
            1.0
        ],
        "all_results": [
            [
                1.0,
                1.0,
                0.0,
                1.0,
                1.0
            ],
            [
                1.0,
                1.0,
                0.0,
                1.0,
                0.19402985074626866
            ]
        ],
        "epoches": [
            0,
            10
        ]
    },
    "train_avg_recall": {
        "best_results": [
            1.0,
            1.0,
            0.0,
            0.8021638330757341,
            0.9203539823008849
        ],
        "all_results": [
            [
                1.0,
                1.0,
                0.0,
                0.8021638330757341,
                0.9203539823008849
            ],
            [
                1.0,
                1.0,
                0.0,
                0.8021638330757341,
                0.9203539823008849
            ]
        ],
        "epoches": [
            0,
            10
        ]
    },
    "train_avg_f1": {
        "best_results": [
            1.0,
            1.0,
            0.0,
            0.8902229845626072,
            0.9061707523245984
        ],
        "all_results": [
            [
                1.0,
                1.0,
                0.0,
                0.8902229845626072,
                0.9061707523245984
            ],
            [
                1.0,
                1.0,
                0.0,
                0.8902229845626072,
                0.32049306625577817
            ]
        ],
        "epoches": [
            0,
            10
        ]
    },
    "train_avg_accuracy": {
        "best_results": [
            1.0,
            1.0,
            0.4513137638568878,
            0.80216383934021,
            0.828438937664032
        ],
        "all_results": [
            [
                1.0,
                1.0,
                0.4513137638568878,
                0.80216383934021,
                0.828438937664032
            ],
            [
                1.0,
                1.0,
                0.4513137638568878,
                0.80216383934021,
                0.3183925747871399
            ]
        ],
        "epoches": [
            0,
            10
        ]
    },
    "val_avg_precision": {
        "best_results": [
            1.0,
            1.0,
            0.0,
            1.0,
            1.0
        ],
        "all_results": [
            [
                1.0,
                1.0,
                0.0,
                1.0,
                1.0
            ],
            [
                1.0,
                1.0,
                0.0,
                1.0,
                0.06111111111111111
            ]
        ],
        "epoches": [
            0,
            10
        ]
    },
    "val_avg_recall": {
        "best_results": [
            1.0,
            1.0,
            0.0,
            0.7777777777777778,
            0.8333333333333334
        ],
        "all_results": [
            [
                1.0,
                1.0,
                0.0,
                0.7777777777777778,
                0.8333333333333334
            ],
            [
                1.0,
                1.0,
                0.0,
                0.7777777777777778,
                0.7857142857142857
            ]
        ],
        "epoches": [
            0,
            10
        ]
    },
    "val_avg_f1": {
        "best_results": [
            1.0,
            1.0,
            0.0,
            0.8750000000000001,
            0.9090909090909091
        ],
        "all_results": [
            [
                1.0,
                1.0,
                0.0,
                0.8750000000000001,
                0.9090909090909091
            ],
            [
                1.0,
                1.0,
                0.0,
                0.8750000000000001,
                0.11340206185567009
            ]
        ],
        "epoches": [
            0,
            10
        ]
    },
    "val_avg_accuracy": {
        "best_results": [
            1.0,
            1.0,
            0.45370370149612427,
            0.7777777910232544,
            0.8333333134651184
        ],
        "all_results": [
            [
                1.0,
                1.0,
                0.45370370149612427,
                0.7777777910232544,
                0.8333333134651184
            ],
            [
                1.0,
                1.0,
                0.45370370149612427,
                0.7777777910232544,
                0.20370370149612427
            ]
        ],
        "epoches": [
            0,
            10
        ]
    },
    "test_avg_precision": {
        "best_results": [
            1.0,
            1.0,
            0.0,
            1.0,
            1.0
        ],
        "all_results": [
            [
                1.0,
                1.0,
                0.0,
                1.0,
                1.0
            ],
            [
                1.0,
                1.0,
                0.0,
                1.0,
                0.11052631578947368
            ]
        ],
        "epoches": [
            0,
            10
        ]
    },
    "test_avg_recall": {
        "best_results": [
            1.0,
            1.0,
            0.0,
            0.7037037037037037,
            0.9545454545454546
        ],
        "all_results": [
            [
                1.0,
                1.0,
                0.0,
                0.7037037037037037,
                0.9545454545454546
            ],
            [
                1.0,
                1.0,
                0.0,
                0.7037037037037037,
                0.9545454545454546
            ]
        ],
        "epoches": [
            0,
            10
        ]
    },
    "test_avg_f1": {
        "best_results": [
            1.0,
            1.0,
            0.0,
            0.8260869565217391,
            0.9359605911330049
        ],
        "all_results": [
            [
                1.0,
                1.0,
                0.0,
                0.8260869565217391,
                0.9359605911330049
            ],
            [
                1.0,
                1.0,
                0.0,
                0.8260869565217391,
                0.19811320754716982
            ]
        ],
        "epoches": [
            0,
            10
        ]
    },
    "test_avg_accuracy": {
        "best_results": [
            1.0,
            1.0,
            0.4722222089767456,
            0.7037037014961243,
            0.8796296119689941
        ],
        "all_results": [
            [
                1.0,
                1.0,
                0.4722222089767456,
                0.7037037014961243,
                0.8796296119689941
            ],
            [
                1.0,
                1.0,
                0.4722222089767456,
                0.7037037014961243,
                0.21296297013759613
            ]
        ],
        "epoches": [
            0,
            10
        ]
    }
}