{
    "train_avg_precision": {
        "best_results": [
            1.0,
            1.0,
            1.0,
            1.0,
            0.0
        ],
        "all_results": [
            [
                1.0,
                1.0,
                1.0,
                1.0,
                0.0
            ],
            [
                1.0,
                1.0,
                1.0,
                1.0,
                0.0
            ]
        ],
        "epoches": [
            0,
            10
        ]
    },
    "train_avg_recall": {
        "best_results": [
            1.0,
            0.8184438040345822,
            1.0,
            0.8559077809798271,
            0.0
        ],
        "all_results": [
            [
                1.0,
                0.8184438040345822,
                1.0,
                0.8559077809798271,
                0.0
            ],
            [
                1.0,
                0.8184438040345822,
                1.0,
                0.8559077809798271,
                0.0
            ]
        ],
        "epoches": [
            0,
            10
        ]
    },
    "train_avg_f1": {
        "best_results": [
            1.0,
            0.9001584786053882,
            1.0,
            0.9223602484472049,
            0.0
        ],
        "all_results": [
            [
                1.0,
                0.9001584786053882,
                1.0,
                0.9223602484472049,
                0.0
            ],
            [
                1.0,
                0.9001584786053882,
                1.0,
                0.9223602484472049,
                0.0
            ]
        ],
        "epoches": [
            0,
            10
        ]
    },
    "train_avg_accuracy": {
        "best_results": [
            1.0,
            0.818443775177002,
            1.0,
            0.8559077978134155,
            0.4524495601654053
        ],
        "all_results": [
            [
                1.0,
                0.818443775177002,
                1.0,
                0.8559077978134155,
                0.4524495601654053
            ],
            [
                1.0,
                0.818443775177002,
                1.0,
                0.8559077978134155,
                0.4524495601654053
            ]
        ],
        "epoches": [
            0,
            10
        ]
    },
    "val_avg_precision": {
        "best_results": [
            1.0,
            1.0,
            1.0,
            1.0,
            0.0
        ],
        "all_results": [
            [
                1.0,
                1.0,
                1.0,
                1.0,
                0.0
            ],
            [
                1.0,
                1.0,
                1.0,
                1.0,
                0.0
            ]
        ],
        "epoches": [
            0,
            10
        ]
    },
    "val_avg_recall": {
        "best_results": [
            1.0,
            0.7758620689655172,
            1.0,
            0.8017241379310345,
            0.0
        ],
        "all_results": [
            [
                1.0,
                0.7758620689655172,
                1.0,
                0.8017241379310345,
                0.0
            ],
            [
                1.0,
                0.7758620689655172,
                1.0,
                0.8017241379310345,
                0.0
            ]
        ],
        "epoches": [
            0,
            10
        ]
    },
    "val_avg_f1": {
        "best_results": [
            1.0,
            0.8737864077669902,
            1.0,
            0.8899521531100478,
            0.0
        ],
        "all_results": [
            [
                1.0,
                0.8737864077669902,
                1.0,
                0.8899521531100478,
                0.0
            ],
            [
                1.0,
                0.8737864077669902,
                1.0,
                0.8899521531100478,
                0.0
            ]
        ],
        "epoches": [
            0,
            10
        ]
    },
    "val_avg_accuracy": {
        "best_results": [
            1.0,
            0.7758620977401733,
            1.0,
            0.8017241358757019,
            0.4396551847457886
        ],
        "all_results": [
            [
                1.0,
                0.7758620977401733,
                1.0,
                0.8017241358757019,
                0.4396551847457886
            ],
            [
                1.0,
                0.7758620977401733,
                1.0,
                0.8017241358757019,
                0.4396551847457886
            ]
        ],
        "epoches": [
            0,
            10
        ]
    },
    "test_avg_precision": {
        "best_results": [
            1.0,
            1.0,
            1.0,
            1.0,
            0.0
        ],
        "all_results": [
            [
                1.0,
                1.0,
                1.0,
                1.0,
                0.0
            ],
            [
                1.0,
                1.0,
                1.0,
                1.0,
                0.0
            ]
        ],
        "epoches": [
            0,
            10
        ]
    },
    "test_avg_recall": {
        "best_results": [
            1.0,
            0.7931034482758621,
            1.0,
            0.8793103448275862,
            0.0
        ],
        "all_results": [
            [
                1.0,
                0.7931034482758621,
                1.0,
                0.8793103448275862,
                0.0
            ],
            [
                1.0,
                0.7931034482758621,
                1.0,
                0.8793103448275862,
                0.0
            ]
        ],
        "epoches": [
            0,
            10
        ]
    },
    "test_avg_f1": {
        "best_results": [
            1.0,
            0.8846153846153846,
            1.0,
            0.9357798165137614,
            0.0
        ],
        "all_results": [
            [
                1.0,
                0.8846153846153846,
                1.0,
                0.9357798165137614,
                0.0
            ],
            [
                1.0,
                0.8846153846153846,
                1.0,
                0.9357798165137614,
                0.0
            ]
        ],
        "epoches": [
            0,
            10
        ]
    },
    "test_avg_accuracy": {
        "best_results": [
            1.0,
            0.7931034564971924,
            1.0,
            0.8793103694915771,
            0.4137931168079376
        ],
        "all_results": [
            [
                1.0,
                0.7931034564971924,
                1.0,
                0.8793103694915771,
                0.4137931168079376
            ],
            [
                1.0,
                0.7931034564971924,
                1.0,
                0.8793103694915771,
                0.4137931168079376
            ]
        ],
        "epoches": [
            0,
            10
        ]
    }
}