{
    "train_avg_precision": {
        "best_results": [
            1.0,
            1.0,
            1.0,
            1.0,
            1.0
        ],
        "all_results": [
            [
                1.0,
                1.0,
                1.0,
                1.0,
                1.0
            ],
            [
                1.0,
                1.0,
                1.0,
                1.0,
                0.0
            ],
            [
                1.0,
                1.0,
                1.0,
                1.0,
                0.0
            ]
        ],
        "epoches": [
            0,
            10,
            20
        ]
    },
    "train_avg_recall": {
        "best_results": [
            1.0,
            0.8338658146964856,
            1.0,
            0.9233226837060703,
            0.4185303514376997
        ],
        "all_results": [
            [
                1.0,
                0.8338658146964856,
                1.0,
                0.9233226837060703,
                0.4185303514376997
            ],
            [
                1.0,
                0.8338658146964856,
                1.0,
                0.9233226837060703,
                0.0
            ],
            [
                1.0,
                0.8338658146964856,
                1.0,
                0.9233226837060703,
                0.0
            ]
        ],
        "epoches": [
            0,
            10,
            20
        ]
    },
    "train_avg_f1": {
        "best_results": [
            1.0,
            0.9094076655052264,
            1.0,
            0.9601328903654486,
            0.5900900900900901
        ],
        "all_results": [
            [
                1.0,
                0.9094076655052264,
                1.0,
                0.9601328903654486,
                0.5900900900900901
            ],
            [
                1.0,
                0.9094076655052264,
                1.0,
                0.9601328903654486,
                0.0
            ],
            [
                1.0,
                0.9094076655052264,
                1.0,
                0.9601328903654486,
                0.0
            ]
        ],
        "epoches": [
            0,
            10,
            20
        ]
    },
    "train_avg_accuracy": {
        "best_results": [
            1.0,
            0.8338658213615417,
            1.0,
            0.9233226776123047,
            0.5814696550369263
        ],
        "all_results": [
            [
                1.0,
                0.8338658213615417,
                1.0,
                0.9233226776123047,
                0.5814696550369263
            ],
            [
                1.0,
                0.8338658213615417,
                1.0,
                0.9233226776123047,
                0.5814696550369263
            ],
            [
                1.0,
                0.8338658213615417,
                1.0,
                0.9233226776123047,
                0.5814696550369263
            ]
        ],
        "epoches": [
            0,
            10,
            20
        ]
    },
    "val_avg_precision": {
        "best_results": [
            1.0,
            1.0,
            1.0,
            1.0,
            1.0
        ],
        "all_results": [
            [
                1.0,
                1.0,
                1.0,
                1.0,
                1.0
            ],
            [
                1.0,
                1.0,
                1.0,
                1.0,
                0.0
            ],
            [
                1.0,
                1.0,
                1.0,
                1.0,
                0.0
            ]
        ],
        "epoches": [
            0,
            10,
            20
        ]
    },
    "val_avg_recall": {
        "best_results": [
            1.0,
            0.8380952380952381,
            1.0,
            0.8380952380952381,
            0.5238095238095238
        ],
        "all_results": [
            [
                1.0,
                0.8380952380952381,
                1.0,
                0.8380952380952381,
                0.5238095238095238
            ],
            [
                1.0,
                0.8380952380952381,
                1.0,
                0.8380952380952381,
                0.0
            ],
            [
                1.0,
                0.8380952380952381,
                1.0,
                0.8380952380952381,
                0.0
            ]
        ],
        "epoches": [
            0,
            10,
            20
        ]
    },
    "val_avg_f1": {
        "best_results": [
            1.0,
            0.9119170984455958,
            1.0,
            0.9119170984455958,
            0.6875000000000001
        ],
        "all_results": [
            [
                1.0,
                0.9119170984455958,
                1.0,
                0.9119170984455958,
                0.6875000000000001
            ],
            [
                1.0,
                0.9119170984455958,
                1.0,
                0.9119170984455958,
                0.0
            ],
            [
                1.0,
                0.9119170984455958,
                1.0,
                0.9119170984455958,
                0.0
            ]
        ],
        "epoches": [
            0,
            10,
            20
        ]
    },
    "val_avg_accuracy": {
        "best_results": [
            1.0,
            0.8380952477455139,
            1.0,
            0.8380952477455139,
            0.523809552192688
        ],
        "all_results": [
            [
                1.0,
                0.8380952477455139,
                1.0,
                0.8380952477455139,
                0.523809552192688
            ],
            [
                1.0,
                0.8380952477455139,
                1.0,
                0.8380952477455139,
                0.4761904776096344
            ],
            [
                1.0,
                0.8380952477455139,
                1.0,
                0.8380952477455139,
                0.4761904776096344
            ]
        ],
        "epoches": [
            0,
            10,
            20
        ]
    },
    "test_avg_precision": {
        "best_results": [
            1.0,
            1.0,
            1.0,
            1.0,
            1.0
        ],
        "all_results": [
            [
                1.0,
                1.0,
                1.0,
                1.0,
                1.0
            ],
            [
                1.0,
                1.0,
                1.0,
                1.0,
                0.0
            ],
            [
                1.0,
                1.0,
                1.0,
                1.0,
                0.0
            ]
        ],
        "epoches": [
            0,
            10,
            20
        ]
    },
    "test_avg_recall": {
        "best_results": [
            1.0,
            0.8857142857142857,
            1.0,
            0.9142857142857143,
            0.41904761904761906
        ],
        "all_results": [
            [
                1.0,
                0.8857142857142857,
                1.0,
                0.9142857142857143,
                0.41904761904761906
            ],
            [
                1.0,
                0.8857142857142857,
                1.0,
                0.9142857142857143,
                0.0
            ],
            [
                1.0,
                0.8857142857142857,
                1.0,
                0.9142857142857143,
                0.0
            ]
        ],
        "epoches": [
            0,
            10,
            20
        ]
    },
    "test_avg_f1": {
        "best_results": [
            1.0,
            0.9393939393939393,
            1.0,
            0.955223880597015,
            0.5906040268456376
        ],