{
    "train_avg_precision": {
        "best_results": [
            1.0,
            1.0,
            1.0,
            1.0,
            1.0
        ],
        "all_results": [
            [
                1.0,
                1.0,
                1.0,
                1.0,
                1.0
            ],
            [
                1.0,
                1.0,
                1.0,
                1.0,
                0.0
            ],
            [
                1.0,
                1.0,
                1.0,
                1.0,
                0.0
            ]
        ],
        "epoches": [
            0,
            10,
            20
        ]
    },
    "train_avg_recall": {
        "best_results": [
            1.0,
            0.8140243902439024,
            1.0,
            0.9298780487804879,
            0.4329268292682927
        ],
        "all_results": [
            [
                1.0,
                0.8140243902439024,
                1.0,
                0.9298780487804879,
                0.4329268292682927
            ],
            [
                1.0,
                0.8140243902439024,
                1.0,
                0.9298780487804879,
                0.0
            ],
            [
                1.0,
                0.8140243902439024,
                1.0,
                0.9298780487804879,
                0.0
            ]
        ],
        "epoches": [
            0,
            10,
            20
        ]
    },
    "train_avg_f1": {
        "best_results": [
            1.0,
            0.8974789915966386,
            1.0,
            0.9636650868878357,
            0.6042553191489362
        ],
        "all_results": [
            [
                1.0,
                0.8974789915966386,
                1.0,
                0.9636650868878357,
                0.6042553191489362
            ],
            [
                1.0,
                0.8974789915966386,
                1.0,
                0.9636650868878357,
                0.0
            ],
            [
                1.0,
                0.8974789915966386,
                1.0,
                0.9636650868878357,
                0.0
            ]
        ],
        "epoches": [
            0,
            10,
            20
        ]
    },
    "train_avg_accuracy": {
        "best_results": [
            1.0,
            0.8140243887901306,
            1.0,
            0.9298780560493469,
            0.5670731663703918
        ],
        "all_results": [
            [
                1.0,
                0.8140243887901306,
                1.0,
                0.9298780560493469,
                0.5670731663703918
            ],
            [
                1.0,
                0.8140243887901306,
                1.0,
                0.9298780560493469,
                0.5670731663703918
            ],
            [
                1.0,
                0.8140243887901306,
                1.0,
                0.9298780560493469,
                0.5670731663703918
            ]
        ],
        "epoches": [
            0,
            10,
            20
        ]
    },
    "val_avg_precision": {
        "best_results": [
            1.0,
            1.0,
            1.0,
            1.0,
            1.0
        ],
        "all_results": [
            [
                1.0,
                1.0,
                1.0,
                1.0,
                1.0
            ],
            [
                1.0,
                1.0,
                1.0,
                1.0,
                0.0
            ],
            [
                1.0,
                1.0,
                1.0,
                1.0,
                0.0
            ]
        ],
        "epoches": [
            0,
            10,
            20
        ]
    },
    "val_avg_recall": {
        "best_results": [
            1.0,
            0.8818181818181818,
            1.0,
            0.8272727272727273,
            0.5363636363636364
        ],
        "all_results": [
            [
                1.0,
                0.8818181818181818,
                1.0,
                0.8272727272727273,
                0.5363636363636364
            ],
            [
                1.0,
                0.8818181818181818,
                1.0,
                0.8272727272727273,
                0.0
            ],
            [
                1.0,
                0.8818181818181818,
                1.0,
                0.8272727272727273,
                0.0
            ]
        ],
        "epoches": [
            0,
            10,
            20
        ]
    },
    "val_avg_f1": {
        "best_results": [
            1.0,
            0.9371980676328503,
            1.0,
            0.9054726368159205,
            0.6982248520710059
        ],
        "all_results": [
            [
                1.0,
                0.9371980676328503,
                1.0,
                0.9054726368159205,
                0.6982248520710059
            ],
            [
                1.0,
                0.9371980676328503,
                1.0,
                0.9054726368159205,
                0.0
            ],
            [
                1.0,
                0.9371980676328503,
                1.0,
                0.9054726368159205,
                0.0
            ]
        ],
        "epoches": [
            0,
            10,
            20
        ]
    },
    "val_avg_accuracy": {
        "best_results": [
            1.0,
            0.8818181753158569,
            1.0,
            0.8272727131843567,
            0.5363636612892151
        ],
        "all_results": [
            [
                1.0,
                0.8818181753158569,
                1.0,
                0.8272727131843567,
                0.5363636612892151
            ],
            [
                1.0,
                0.8818181753158569,
                1.0,
                0.8272727131843567,
                0.4636363685131073
            ],
            [
                1.0,
                0.8818181753158569,
                1.0,
                0.8272727131843567,
                0.4636363685131073
            ]
        ],
        "epoches": [
            0,
            10,
            20
        ]
    },
    "test_avg_precision": {
        "best_results": [
            1.0,
            1.0,
            1.0,
            1.0,
            1.0
        ],
        "all_results": [
            [
                1.0,
                1.0,
                1.0,
                1.0,
                1.0
            ],
            [
                1.0,
                1.0,
                1.0,
                1.0,
                0.0
            ],
            [
                1.0,
                1.0,
                1.0,
                1.0,
                0.0
            ]
        ],
        "epoches": [
            0,
            10,
            20
        ]
    },
    "test_avg_recall": {
        "best_results": [
            1.0,
            0.8899082568807339,
            1.0,
            0.8348623853211009,
            0.4036697247706422
        ],
        "all_results": [
            [
                1.0,
                0.8899082568807339,
                1.0,
                0.8348623853211009,
                0.4036697247706422
            ],
            [
                1.0,
                0.8899082568807339,
                1.0,
                0.8348623853211009,
                0.0
            ],
            [
                1.0,
                0.8899082568807339,
                1.0,
                0.8348623853211009,
                0.0
            ]
        ],
        "epoches": [
            0,
            10,
            20
        ]
    },
    "test_avg_f1": {
        "best_results": [
            1.0,
            0.941747572815534,
            1.0,
            0.9099999999999999,
            0.5751633986928105
        ],