{
    "train_avg_precision": {
        "best_results": [
            1.0,
            1.0,
            1.0,
            0.0,
            1.0
        ],
        "all_results": [
            [
                1.0,
                1.0,
                1.0,
                0.0,
                1.0
            ],
            [
                1.0,
                1.0,
                1.0,
                0.0,
                1.0
            ]
        ],
        "epoches": [
            0,
            10
        ]
    },
    "train_avg_recall": {
        "best_results": [
            1.0,
            0.8979591836734694,
            1.0,
            0.0,
            0.8017492711370262
        ],
        "all_results": [
            [
                1.0,
                0.8979591836734694,
                1.0,
                0.0,
                0.8017492711370262
            ],
            [
                1.0,
                0.8979591836734694,
                1.0,
                0.0,
                0.8017492711370262
            ]
        ],
        "epoches": [
            0,
            10
        ]
    },
    "train_avg_f1": {
        "best_results": [
            1.0,
            0.9462365591397849,
            1.0,
            0.0,
            0.889967637540453
        ],
        "all_results": [
            [
                1.0,
                0.9462365591397849,
                1.0,
                0.0,
                0.889967637540453
            ],
            [
                1.0,
                0.9462365591397849,
                1.0,
                0.0,
                0.889967637540453
            ]
        ],
        "epoches": [
            0,
            10
        ]
    },
    "train_avg_accuracy": {
        "best_results": [
            1.0,
            0.8979591727256775,
            1.0,
            0.5189504623413086,
            0.8017492890357971
        ],
        "all_results": [
            [
                1.0,
                0.8979591727256775,
                1.0,
                0.5189504623413086,
                0.8017492890357971
            ],
            [
                1.0,
                0.8979591727256775,
                1.0,
                0.5189504623413086,
                0.8017492890357971
            ]
        ],
        "epoches": [
            0,
            10
        ]
    },
    "val_avg_precision": {
        "best_results": [
            1.0,
            1.0,
            1.0,
            0.0,
            1.0
        ],
        "all_results": [
            [
                1.0,
                1.0,
                1.0,
                0.0,
                1.0
            ],
            [
                1.0,
                1.0,
                1.0,
                0.0,
                1.0
            ]
        ],
        "epoches": [
            0,
            10
        ]
    },
    "val_avg_recall": {
        "best_results": [
            1.0,
            0.8869565217391304,
            1.0,
            0.0,
            0.8782608695652174
        ],
        "all_results": [
            [
                1.0,
                0.8869565217391304,
                1.0,
                0.0,
                0.8782608695652174
            ],
            [
                1.0,
                0.8869565217391304,
                1.0,
                0.0,
                0.8782608695652174
            ]
        ],
        "epoches": [
            0,
            10
        ]
    },
    "val_avg_f1": {
        "best_results": [
            1.0,
            0.9400921658986175,
            1.0,
            0.0,
            0.9351851851851852
        ],
        "all_results": [
            [
                1.0,
                0.9400921658986175,
                1.0,
                0.0,
                0.9351851851851852
            ],
            [
                1.0,
                0.9400921658986175,
                1.0,
                0.0,
                0.9351851851851852
            ]
        ],
        "epoches": [
            0,
            10
        ]
    },
    "val_avg_accuracy": {
        "best_results": [
            1.0,
            0.886956512928009,
            1.0,
            0.48695650696754456,
            0.8782608509063721
        ],
        "all_results": [
            [
                1.0,
                0.886956512928009,
                1.0,
                0.48695650696754456,
                0.8782608509063721
            ],
            [
                1.0,
                0.886956512928009,
                1.0,
                0.48695650696754456,
                0.8782608509063721
            ]
        ],
        "epoches": [
            0,
            10
        ]
    },
    "test_avg_precision": {
        "best_results": [
            1.0,
            1.0,
            1.0,
            0.0,
            1.0
        ],
        "all_results": [
            [
                1.0,
                1.0,
                1.0,
                0.0,
                1.0
            ],
            [
                1.0,
                1.0,
                1.0,
                0.0,
                1.0
            ]
        ],
        "epoches": [
            0,
            10
        ]
    },
    "test_avg_recall": {
        "best_results": [
            1.0,
            0.9043478260869565,
            1.0,
            0.0,
            0.782608695652174
        ],
        "all_results": [
            [
                1.0,
                0.9043478260869565,
                1.0,
                0.0,
                0.782608695652174
            ],
            [
                1.0,
                0.9043478260869565,
                1.0,
                0.0,
                0.782608695652174
            ]
        ],
        "epoches": [
            0,
            10
        ]
    },
    "test_avg_f1": {
        "best_results": [
            1.0,
            0.9497716894977168,
            1.0,
            0.0,
            0.878048780487805
        ],
        "all_results": [
            [
                1.0,
                0.9497716894977168,
                1.0,
                0.0,
                0.878048780487805
            ],
            [
                1.0,
                0.9497716894977168,
                1.0,
                0.0,
                0.878048780487805
            ]
        ],
        "epoches": [
            0,
            10
        ]
    },
    "test_avg_accuracy": {
        "best_results": [
            1.0,
            0.904347836971283,
            1.0,
            0.40869563817977905,
            0.782608687877655
        ],
        "all_results": [
            [
                1.0,
                0.904347836971283,
                1.0,
                0.40869563817977905,
                0.782608687877655
            ],
            [
                1.0,
                0.904347836971283,
                1.0,
                0.40869563817977905,
                0.782608687877655
            ]
        ],
        "epoches": [
            0,
            10
        ]
    }
}