{
    "train_avg_precision": {
        "best_results": [
            1.0,
            1.0,
            1.0,
            1.0,
            1.0
        ],
        "all_results": [
            [
                1.0,
                1.0,
                1.0,
                1.0,
                1.0
            ],
            [
                1.0,
                0.0,
                1.0,
                0.0,
                1.0
            ],
            [
                1.0,
                1.0,
                1.0,
                0.0,
                1.0
            ]
        ],
        "epoches": [
            0,
            10,
            20
        ]
    },
    "train_avg_recall": {
        "best_results": [
            0.9968944099378882,
            0.7795031055900621,
            1.0,
            0.468944099378882,
            0.9130434782608695
        ],
        "all_results": [
            [
                0.9968944099378882,
                0.7795031055900621,
                1.0,
                0.468944099378882,
                0.9130434782608695
            ],
            [
                0.9968944099378882,
                0.0,
                1.0,
                0.0,
                0.9130434782608695
            ],
            [
                0.9968944099378882,
                0.7795031055900621,
                1.0,
                0.0,
                0.9130434782608695
            ]
        ],
        "epoches": [
            0,
            10,
            20
        ]
    },
    "train_avg_f1": {
        "best_results": [
            0.9984447900466563,
            0.8760907504363001,
            1.0,
            0.638477801268499,
            0.9545454545454545
        ],
        "all_results": [
            [
                0.9984447900466563,
                0.8760907504363001,
                1.0,
                0.638477801268499,
                0.9545454545454545
            ],
            [
                0.9984447900466563,
                0.0,
                1.0,
                0.0,
                0.9545454545454545
            ],
            [
                0.9984447900466563,
                0.8760907504363001,
                1.0,
                0.0,
                0.9545454545454545
            ]
        ],
        "epoches": [
            0,
            10,
            20
        ]
    },
    "train_avg_accuracy": {
        "best_results": [
            0.9968944191932678,
            0.7795031070709229,
            1.0,
            0.5310559272766113,
            0.9130434989929199
        ],
        "all_results": [
            [
                0.9968944191932678,
                0.7795031070709229,
                1.0,
                0.5310559272766113,
                0.9130434989929199
            ],
            [
                0.9968944191932678,
                0.22049689292907715,
                1.0,
                0.5310559272766113,
                0.9130434989929199
            ],
            [
                0.9968944191932678,
                0.7795031070709229,
                1.0,
                0.5310559272766113,
                0.9130434989929199
            ]
        ],
        "epoches": [
            0,
            10,
            20
        ]
    },
    "val_avg_precision": {
        "best_results": [
            1.0,
            1.0,
            1.0,
            1.0,
            1.0
        ],
        "all_results": [
            [
                1.0,
                1.0,
                1.0,
                1.0,
                1.0
            ],
            [
                1.0,
                0.0,
                1.0,
                0.0,
                1.0
            ],
            [
                1.0,
                1.0,
                1.0,
                0.0,
                1.0
            ]
        ],
        "epoches": [
            0,
            10,
            20
        ]
    },
    "val_avg_recall": {
        "best_results": [
            0.9814814814814815,
            0.7685185185185185,
            1.0,
            0.5833333333333334,
            0.8055555555555556
        ],
        "all_results": [
            [
                0.9814814814814815,
                0.7685185185185185,
                1.0,
                0.5833333333333334,
                0.8055555555555556
            ],
            [
                0.9814814814814815,
                0.0,
                1.0,
                0.0,
                0.8055555555555556
            ],
            [
                0.9814814814814815,
                0.7685185185185185,
                1.0,
                0.0,
                0.8055555555555556
            ]
        ],
        "epoches": [
            0,
            10,
            20
        ]
    },
    "val_avg_f1": {
        "best_results": [
            0.9906542056074767,
            0.869109947643979,
            1.0,
            0.7368421052631579,
            0.8923076923076924
        ],
        "all_results": [
            [
                0.9906542056074767,
                0.869109947643979,
                1.0,
                0.7368421052631579,
                0.8923076923076924
            ],
            [
                0.9906542056074767,
                0.0,
                1.0,
                0.0,
                0.8923076923076924
            ],
            [
                0.9906542056074767,
                0.869109947643979,
                1.0,
                0.0,
                0.8923076923076924
            ]
        ],
        "epoches": [
            0,
            10,
            20
        ]
    },
    "val_avg_accuracy": {
        "best_results": [
            0.9814814925193787,
            0.7685185074806213,
            1.0,
            0.5833333134651184,
            0.8055555820465088
        ],
        "all_results": [
            [
                0.9814814925193787,
                0.7685185074806213,
                1.0,
                0.5833333134651184,
                0.8055555820465088
            ],
            [
                0.9814814925193787,
                0.23148147761821747,
                1.0,
                0.4166666567325592,
                0.8055555820465088
            ],
            [
                0.9814814925193787,
                0.7685185074806213,
                1.0,
                0.4166666567325592,
                0.8055555820465088
            ]
        ],
        "epoches": [
            0,
            10,
            20
        ]
    },
    "test_avg_precision": {
        "best_results": [
            1.0,
            1.0,
            1.0,
            1.0,
            1.0
        ],
        "all_results": [
            [
                1.0,
                1.0,
                1.0,
                1.0,
                1.0
            ],
            [
                1.0,
                0.0,
                1.0,
                0.0,
                1.0
            ],
            [
                1.0,
                1.0,
                1.0,
                0.0,
                1.0
            ]
        ],
        "epoches": [
            0,
            10,
            20
        ]
    },
    "test_avg_recall": {
        "best_results": [
            0.9345794392523364,
            0.794392523364486,
            1.0,
            0.4953271028037383,
            0.897196261682243
        ],