{
    "train_avg_precision": {
        "best_results": [
            1.0,
            1.0,
            1.0,
            1.0,
            0.0
        ],
        "all_results": [
            [
                1.0,
                1.0,
                1.0,
                1.0,
                0.0
            ],
            [
                1.0,
                1.0,
                1.0,
                1.0,
                0.0
            ],
            [
                1.0,
                1.0,
                1.0,
                1.0,
                0.0
            ]
        ],
        "epoches": [
            0,
            10,
            20
        ]
    },
    "train_avg_recall": {
        "best_results": [
            1.0,
            0.8269896193771626,
            1.0,
            0.9204152249134948,
            0.0
        ],
        "all_results": [
            [
                1.0,
                0.8269896193771626,
                1.0,
                0.9204152249134948,
                0.0
            ],
            [
                1.0,
                0.8269896193771626,
                1.0,
                0.9204152249134948,
                0.0
            ],
            [
                1.0,
                0.8269896193771626,
                1.0,
                0.9204152249134948,
                0.0
            ]
        ],
        "epoches": [
            0,
            10,
            20
        ]
    },
    "train_avg_f1": {
        "best_results": [
            1.0,
            0.9053030303030303,
            1.0,
            0.9585585585585586,
            0.0
        ],
        "all_results": [
            [
                1.0,
                0.9053030303030303,
                1.0,
                0.9585585585585586,
                0.0
            ],
            [
                1.0,
                0.9053030303030303,
                1.0,
                0.9585585585585586,
                0.0
            ],
            [
                1.0,
                0.9053030303030303,
                1.0,
                0.9585585585585586,
                0.0
            ]
        ],
        "epoches": [
            0,
            10,
            20
        ]
    },
    "train_avg_accuracy": {
        "best_results": [
            1.0,
            0.8269895911216736,
            1.0,
            0.9204152226448059,
            0.5674740672111511
        ],
        "all_results": [
            [
                1.0,
                0.8269895911216736,
                1.0,
                0.9204152226448059,
                0.5674740672111511
            ],
            [
                1.0,
                0.8269895911216736,
                1.0,
                0.9204152226448059,
                0.5674740672111511
            ],
            [
                1.0,
                0.8269895911216736,
                1.0,
                0.9204152226448059,
                0.5674740672111511
            ]
        ],
        "epoches": [
            0,
            10,
            20
        ]
    },
    "val_avg_precision": {
        "best_results": [
            1.0,
            1.0,
            1.0,
            1.0,
            0.0
        ],
        "all_results": [
            [
                1.0,
                1.0,
                1.0,
                1.0,
                0.0
            ],
            [
                1.0,
                1.0,
                1.0,
                1.0,
                0.0
            ],
            [
                1.0,
                1.0,
                1.0,
                1.0,
                0.0
            ]
        ],
        "epoches": [
            0,
            10,
            20
        ]
    },
    "val_avg_recall": {
        "best_results": [
            1.0,
            0.7216494845360825,
            1.0,
            0.8969072164948454,
            0.0
        ],
        "all_results": [
            [
                1.0,
                0.7216494845360825,
                1.0,
                0.8969072164948454,
                0.0
            ],
            [
                1.0,
                0.7216494845360825,
                1.0,
                0.8969072164948454,
                0.0
            ],
            [
                1.0,
                0.7216494845360825,
                1.0,
                0.8969072164948454,
                0.0
            ]
        ],
        "epoches": [
            0,
            10,
            20
        ]
    },
    "val_avg_f1": {
        "best_results": [
            1.0,
            0.8383233532934131,
            1.0,
            0.9456521739130436,
            0.0
        ],
        "all_results": [
            [
                1.0,
                0.8383233532934131,
                1.0,
                0.9456521739130436,
                0.0
            ],
            [
                1.0,
                0.8383233532934131,
                1.0,
                0.9456521739130436,
                0.0
            ],
            [
                1.0,
                0.8383233532934131,
                1.0,
                0.9456521739130436,
                0.0
            ]
        ],
        "epoches": [
            0,
            10,
            20
        ]
    },
    "val_avg_accuracy": {
        "best_results": [
            1.0,
            0.7216494679450989,
            1.0,
            0.8969072103500366,
            0.4845360815525055
        ],
        "all_results": [
            [
                1.0,
                0.7216494679450989,
                1.0,
                0.8969072103500366,
                0.4845360815525055
            ],
            [
                1.0,
                0.7216494679450989,
                1.0,
                0.8969072103500366,
                0.4845360815525055
            ],
            [
                1.0,
                0.7216494679450989,
                1.0,
                0.8969072103500366,
                0.4845360815525055
            ]
        ],
        "epoches": [
            0,
            10,
            20
        ]
    },
    "test_avg_precision": {
        "best_results": [
            1.0,
            1.0,
            1.0,
            1.0,
            0.0
        ],
        "all_results": [
            [
                1.0,
                1.0,
                1.0,
                1.0,
                0.0
            ],
            [
                1.0,
                1.0,
                1.0,
                1.0,
                0.0
            ],
            [
                1.0,
                1.0,
                1.0,
                1.0,
                0.0
            ]
        ],
        "epoches": [
            0,
            10,
            20
        ]
    },
    "test_avg_recall": {
        "best_results": [
            1.0,
            0.6804123711340206,
            1.0,
            0.8247422680412371,
            0.0
        ],
        "all_results": [
            [
                1.0,
                0.6804123711340206,
                1.0,
                0.8247422680412371,
                0.0
            ],
            [
                1.0,
                0.6804123711340206,
                1.0,
                0.8247422680412371,
                0.0
            ],
            [
                1.0,
                0.6804123711340206,
                1.0,
                0.8247422680412371,
                0.0
            ]
        ],
        "epoches": [
            0,
            10,
            20
        ]
    },
    "test_avg_f1": {
        "best_results": [
            1.0,
            0.8098159509202454,
            1.0,
            0.903954802259887,
            0.0
        ],