{
    "train_avg_precision": {
        "best_results": [
            1.0,
            1.0,
            1.0,
            1.0,
            0.0
        ],
        "all_results": [
            [
                1.0,
                1.0,
                1.0,
                1.0,
                0.0
            ],
            [
                1.0,
                1.0,
                1.0,
                1.0,
                0.0
            ]
        ],
        "epoches": [
            0,
            10
        ]
    },
    "train_avg_recall": {
        "best_results": [
            1.0,
            0.8107255520504731,
            1.0,
            0.9022082018927445,
            0.0
        ],
        "all_results": [
            [
                1.0,
                0.8107255520504731,
                1.0,
                0.9022082018927445,
                0.0
            ],
            [
                1.0,
                0.8107255520504731,
                1.0,
                0.9022082018927445,
                0.0
            ]
        ],
        "epoches": [
            0,
            10
        ]
    },
    "train_avg_f1": {
        "best_results": [
            1.0,
            0.8954703832752614,
            1.0,
            0.9485903814262023,
            0.0
        ],
        "all_results": [
            [
                1.0,
                0.8954703832752614,
                1.0,
                0.9485903814262023,
                0.0
            ],
            [
                1.0,
                0.8954703832752614,
                1.0,
                0.9485903814262023,
                0.0
            ]
        ],
        "epoches": [
            0,
            10
        ]
    },
    "train_avg_accuracy": {
        "best_results": [
            1.0,
            0.8107255697250366,
            1.0,
            0.9022082090377808,
            0.4952681362628937
        ],
        "all_results": [
            [
                1.0,
                0.8107255697250366,
                1.0,
                0.9022082090377808,
                0.4952681362628937
            ],
            [
                1.0,
                0.8107255697250366,
                1.0,
                0.9022082090377808,
                0.4952681362628937
            ]
        ],
        "epoches": [
            0,
            10
        ]
    },
    "val_avg_precision": {
        "best_results": [
            1.0,
            1.0,
            1.0,
            1.0,
            0.0
        ],
        "all_results": [
            [
                1.0,
                1.0,
                1.0,
                1.0,
                0.0
            ],
            [
                1.0,
                1.0,
                1.0,
                1.0,
                0.0
            ]
        ],
        "epoches": [
            0,
            10
        ]
    },
    "val_avg_recall": {
        "best_results": [
            1.0,
            0.7924528301886793,
            1.0,
            0.9056603773584906,
            0.0
        ],
        "all_results": [
            [
                1.0,
                0.7924528301886793,
                1.0,
                0.9056603773584906,
                0.0
            ],
            [
                1.0,
                0.7924528301886793,
                1.0,
                0.9056603773584906,
                0.0
            ]
        ],
        "epoches": [
            0,
            10
        ]
    },
    "val_avg_f1": {
        "best_results": [
            1.0,
            0.8842105263157896,
            1.0,
            0.9504950495049505,
            0.0
        ],
        "all_results": [
            [
                1.0,
                0.8842105263157896,
                1.0,
                0.9504950495049505,
                0.0
            ],
            [
                1.0,
                0.8842105263157896,
                1.0,
                0.9504950495049505,
                0.0
            ]
        ],
        "epoches": [
            0,
            10
        ]
    },
    "val_avg_accuracy": {
        "best_results": [
            1.0,
            0.7924528121948242,
            1.0,
            0.9056603908538818,
            0.5094339847564697
        ],
        "all_results": [
            [
                1.0,
                0.7924528121948242,
                1.0,
                0.9056603908538818,
                0.5094339847564697
            ],
            [
                1.0,
                0.7924528121948242,
                1.0,
                0.9056603908538818,
                0.5094339847564697
            ]
        ],
        "epoches": [
            0,
            10
        ]
    },
    "test_avg_precision": {
        "best_results": [
            1.0,
            1.0,
            1.0,
            1.0,
            0.0
        ],
        "all_results": [
            [
                1.0,
                1.0,
                1.0,
                1.0,
                0.0
            ],
            [
                1.0,
                1.0,
                1.0,
                1.0,
                0.0
            ]
        ],
        "epoches": [
            0,
            10
        ]
    },
    "test_avg_recall": {
        "best_results": [
            1.0,
            0.8490566037735849,
            1.0,
            0.9056603773584906,
            0.0
        ],
        "all_results": [
            [
                1.0,
                0.8490566037735849,
                1.0,
                0.9056603773584906,
                0.0
            ],
            [
                1.0,
                0.8490566037735849,
                1.0,
                0.9056603773584906,
                0.0
            ]
        ],
        "epoches": [
            0,
            10
        ]
    },
    "test_avg_f1": {
        "best_results": [
            1.0,
            0.9183673469387755,
            1.0,
            0.9504950495049505,
            0.0
        ],
        "all_results": [
            [
                1.0,
                0.9183673469387755,
                1.0,
                0.9504950495049505,
                0.0
            ],
            [
                1.0,
                0.9183673469387755,
                1.0,
                0.9504950495049505,
                0.0
            ]
        ],
        "epoches": [
            0,
            10
        ]
    },
    "test_avg_accuracy": {
        "best_results": [
            1.0,
            0.849056601524353,
            1.0,
            0.9056603908538818,
            0.5660377144813538
        ],
        "all_results": [
            [
                1.0,
                0.849056601524353,
                1.0,
                0.9056603908538818,
                0.5660377144813538
            ],
            [
                1.0,
                0.849056601524353,
                1.0,
                0.9056603908538818,
                0.5660377144813538
            ]
        ],
        "epoches": [
            0,
            10
        ]
    }
}