{
    "train_avg_precision": {
        "best_results": [
            1.0,
            1.0,
            1.0,
            1.0,
            0.0
        ],
        "all_results": [
            [
                1.0,
                1.0,
                1.0,
                1.0,
                0.0
            ],
            [
                1.0,
                1.0,
                1.0,
                1.0,
                0.0
            ]
        ],
        "epoches": [
            0,
            10
        ]
    },
    "train_avg_recall": {
        "best_results": [
            1.0,
            0.8608695652173913,
            1.0,
            0.831304347826087,
            0.0
        ],
        "all_results": [
            [
                1.0,
                0.8608695652173913,
                1.0,
                0.831304347826087,
                0.0
            ],
            [
                1.0,
                0.8608695652173913,
                1.0,
                0.831304347826087,
                0.0
            ]
        ],
        "epoches": [
            0,
            10
        ]
    },
    "train_avg_f1": {
        "best_results": [
            1.0,
            0.9252336448598132,
            1.0,
            0.9078822412155746,
            0.0
        ],
        "all_results": [
            [
                1.0,
                0.9252336448598132,
                1.0,
                0.9078822412155746,
                0.0
            ],
            [
                1.0,
                0.9252336448598132,
                1.0,
                0.9078822412155746,
                0.0
            ]
        ],
        "epoches": [
            0,
            10
        ]
    },
    "train_avg_accuracy": {
        "best_results": [
            1.0,
            0.8608695864677429,
            1.0,
            0.8313043713569641,
            0.4956521689891815
        ],
        "all_results": [
            [
                1.0,
                0.8608695864677429,
                1.0,
                0.8313043713569641,
                0.4956521689891815
            ],
            [
                1.0,
                0.8608695864677429,
                1.0,
                0.8313043713569641,
                0.4956521689891815
            ]
        ],
        "epoches": [
            0,
            10
        ]
    },
    "val_avg_precision": {
        "best_results": [
            1.0,
            1.0,
            1.0,
            1.0,
            0.0
        ],
        "all_results": [
            [
                1.0,
                1.0,
                1.0,
                1.0,
                0.0
            ],
            [
                1.0,
                1.0,
                1.0,
                1.0,
                0.0
            ]
        ],
        "epoches": [
            0,
            10
        ]
    },
    "val_avg_recall": {
        "best_results": [
            1.0,
            0.8958333333333334,
            1.0,
            0.75,
            0.0
        ],
        "all_results": [
            [
                1.0,
                0.8958333333333334,
                1.0,
                0.75,
                0.0
            ],
            [
                1.0,
                0.8958333333333334,
                1.0,
                0.75,
                0.0
            ]
        ],
        "epoches": [
            0,
            10
        ]
    },
    "val_avg_f1": {
        "best_results": [
            1.0,
            0.945054945054945,
            1.0,
            0.8571428571428571,
            0.0
        ],
        "all_results": [
            [
                1.0,
                0.945054945054945,
                1.0,
                0.8571428571428571,
                0.0
            ],
            [
                1.0,
                0.945054945054945,
                1.0,
                0.8571428571428571,
                0.0
            ]
        ],
        "epoches": [
            0,
            10
        ]
    },
    "val_avg_accuracy": {
        "best_results": [
            1.0,
            0.8958333134651184,
            1.0,
            0.75,
            0.4739583432674408
        ],
        "all_results": [
            [
                1.0,
                0.8958333134651184,
                1.0,
                0.75,
                0.4739583432674408
            ],
            [
                1.0,
                0.8958333134651184,
                1.0,
                0.75,
                0.4739583432674408
            ]
        ],
        "epoches": [
            0,
            10
        ]
    },
    "test_avg_precision": {
        "best_results": [
            1.0,
            1.0,
            1.0,
            1.0,
            0.0
        ],
        "all_results": [
            [
                1.0,
                1.0,
                1.0,
                1.0,
                0.0
            ],
            [
                1.0,
                1.0,
                1.0,
                1.0,
                0.0
            ]
        ],
        "epoches": [
            0,
            10
        ]
    },
    "test_avg_recall": {
        "best_results": [
            1.0,
            0.8854166666666666,
            1.0,
            0.796875,
            0.0
        ],
        "all_results": [
            [
                1.0,
                0.8854166666666666,
                1.0,
                0.796875,
                0.0
            ],
            [
                1.0,
                0.8854166666666666,
                1.0,
                0.796875,
                0.0
            ]
        ],
        "epoches": [
            0,
            10
        ]
    },
    "test_avg_f1": {
        "best_results": [
            1.0,
            0.9392265193370166,
            1.0,
            0.8869565217391304,
            0.0
        ],
        "all_results": [
            [
                1.0,
                0.9392265193370166,
                1.0,
                0.8869565217391304,
                0.0
            ],
            [
                1.0,
                0.9392265193370166,
                1.0,
                0.8869565217391304,
                0.0
            ]
        ],
        "epoches": [
            0,
            10
        ]
    },
    "test_avg_accuracy": {
        "best_results": [
            1.0,
            0.8854166865348816,
            1.0,
            0.796875,
            0.484375
        ],
        "all_results": [
            [
                1.0,
                0.8854166865348816,
                1.0,
                0.796875,
                0.484375
            ],
            [
                1.0,
                0.8854166865348816,
                1.0,
                0.796875,
                0.484375
            ]
        ],
        "epoches": [
            0,
            10
        ]
    }
}