{
    "train_avg_precision": {
        "best_results": [
            1.0,
            1.0,
            1.0,
            1.0,
            0.0
        ],
        "all_results": [
            [
                1.0,
                1.0,
                1.0,
                1.0,
                0.0
            ],
            [
                1.0,
                1.0,
                1.0,
                1.0,
                0.0
            ]
        ],
        "epoches": [
            0,
            10
        ]
    },
    "train_avg_recall": {
        "best_results": [
            1.0,
            0.8504273504273504,
            1.0,
            0.9166666666666666,
            0.0
        ],
        "all_results": [
            [
                1.0,
                0.8504273504273504,
                1.0,
                0.9166666666666666,
                0.0
            ],
            [
                1.0,
                0.8504273504273504,
                1.0,
                0.9166666666666666,
                0.0
            ]
        ],
        "epoches": [
            0,
            10
        ]
    },
    "train_avg_f1": {
        "best_results": [
            1.0,
            0.9191685912240184,
            1.0,
            0.9565217391304348,
            0.0
        ],
        "all_results": [
            [
                1.0,
                0.9191685912240184,
                1.0,
                0.9565217391304348,
                0.0
            ],
            [
                1.0,
                0.9191685912240184,
                1.0,
                0.9565217391304348,
                0.0
            ]
        ],
        "epoches": [
            0,
            10
        ]
    },
    "train_avg_accuracy": {
        "best_results": [
            1.0,
            0.8504273295402527,
            1.0,
            0.9166666865348816,
            0.5427350401878357
        ],
        "all_results": [
            [
                1.0,
                0.8504273295402527,
                1.0,
                0.9166666865348816,
                0.5427350401878357
            ],
            [
                1.0,
                0.8504273295402527,
                1.0,
                0.9166666865348816,
                0.5427350401878357
            ]
        ],
        "epoches": [
            0,
            10
        ]
    },
    "val_avg_precision": {
        "best_results": [
            1.0,
            1.0,
            1.0,
            1.0,
            0.0
        ],
        "all_results": [
            [
                1.0,
                1.0,
                1.0,
                1.0,
                0.0
            ],
            [
                1.0,
                1.0,
                1.0,
                1.0,
                0.0
            ]
        ],
        "epoches": [
            0,
            10
        ]
    },
    "val_avg_recall": {
        "best_results": [
            1.0,
            0.8152866242038217,
            1.0,
            0.8598726114649682,
            0.0
        ],
        "all_results": [
            [
                1.0,
                0.8152866242038217,
                1.0,
                0.8598726114649682,
                0.0
            ],
            [
                1.0,
                0.8152866242038217,
                1.0,
                0.8598726114649682,
                0.0
            ]
        ],
        "epoches": [
            0,
            10
        ]
    },
    "val_avg_f1": {
        "best_results": [
            1.0,
            0.8982456140350877,
            1.0,
            0.9246575342465754,
            0.0
        ],
        "all_results": [
            [
                1.0,
                0.8982456140350877,
                1.0,
                0.9246575342465754,
                0.0
            ],
            [
                1.0,
                0.8982456140350877,
                1.0,
                0.9246575342465754,
                0.0
            ]
        ],
        "epoches": [
            0,
            10
        ]
    },
    "val_avg_accuracy": {
        "best_results": [
            1.0,
            0.8152866363525391,
            1.0,
            0.8598726391792297,
            0.47770699858665466
        ],
        "all_results": [
            [
                1.0,
                0.8152866363525391,
                1.0,
                0.8598726391792297,
                0.47770699858665466
            ],
            [
                1.0,
                0.8152866363525391,
                1.0,
                0.8598726391792297,
                0.47770699858665466
            ]
        ],
        "epoches": [
            0,
            10
        ]
    },
    "test_avg_precision": {
        "best_results": [
            1.0,
            1.0,
            1.0,
            1.0,
            0.0
        ],
        "all_results": [
            [
                1.0,
                1.0,
                1.0,
                1.0,
                0.0
            ],
            [
                1.0,
                1.0,
                1.0,
                1.0,
                0.0
            ]
        ],
        "epoches": [
            0,
            10
        ]
    },
    "test_avg_recall": {
        "best_results": [
            1.0,
            0.8782051282051282,
            1.0,
            0.7756410256410257,
            0.0
        ],
        "all_results": [
            [
                1.0,
                0.8782051282051282,
                1.0,
                0.7756410256410257,
                0.0
            ],
            [
                1.0,
                0.8782051282051282,
                1.0,
                0.7756410256410257,
                0.0
            ]
        ],
        "epoches": [
            0,
            10
        ]
    },
    "test_avg_f1": {
        "best_results": [
            1.0,
            0.9351535836177475,
            1.0,
            0.8736462093862817,
            0.0
        ],
        "all_results": [
            [
                1.0,
                0.9351535836177475,
                1.0,
                0.8736462093862817,
                0.0
            ],
            [
                1.0,
                0.9351535836177475,
                1.0,
                0.8736462093862817,
                0.0
            ]
        ],
        "epoches": [
            0,
            10
        ]
    },
    "test_avg_accuracy": {
        "best_results": [
            1.0,
            0.8782051205635071,
            1.0,
            0.7756410241127014,
            0.41025641560554504
        ],
        "all_results": [
            [
                1.0,
                0.8782051205635071,
                1.0,
                0.7756410241127014,
                0.41025641560554504
            ],
            [
                1.0,
                0.8782051205635071,
                1.0,
                0.7756410241127014,
                0.41025641560554504
            ]
        ],
        "epoches": [
            0,
            10
        ]
    }
}