{
    "train_avg_precision": {
        "best_results": [
            1.0,
            1.0,
            1.0,
            1.0,
            0.0
        ],
        "all_results": [
            [
                1.0,
                1.0,
                1.0,
                1.0,
                0.0
            ],
            [
                1.0,
                1.0,
                1.0,
                1.0,
                0.0
            ]
        ],
        "epoches": [
            0,
            10
        ]
    },
    "train_avg_recall": {
        "best_results": [
            1.0,
            0.8169642857142857,
            1.0,
            0.8348214285714286,
            0.0
        ],
        "all_results": [
            [
                1.0,
                0.8169642857142857,
                1.0,
                0.8348214285714286,
                0.0
            ],
            [
                1.0,
                0.8169642857142857,
                1.0,
                0.8348214285714286,
                0.0
            ]
        ],
        "epoches": [
            0,
            10
        ]
    },
    "train_avg_f1": {
        "best_results": [
            1.0,
            0.8992628992628993,
            1.0,
            0.9099756690997567,
            0.0
        ],
        "all_results": [
            [
                1.0,
                0.8992628992628993,
                1.0,
                0.9099756690997567,
                0.0
            ],
            [
                1.0,
                0.8992628992628993,
                1.0,
                0.9099756690997567,
                0.0
            ]
        ],
        "epoches": [
            0,
            10
        ]
    },
    "train_avg_accuracy": {
        "best_results": [
            1.0,
            0.8169642686843872,
            1.0,
            0.8348214030265808,
            0.4620535671710968
        ],
        "all_results": [
            [
                1.0,
                0.8169642686843872,
                1.0,
                0.8348214030265808,
                0.4620535671710968
            ],
            [
                1.0,
                0.8169642686843872,
                1.0,
                0.8348214030265808,
                0.4620535671710968
            ]
        ],
        "epoches": [
            0,
            10
        ]
    },
    "val_avg_precision": {
        "best_results": [
            1.0,
            1.0,
            1.0,
            1.0,
            0.0
        ],
        "all_results": [
            [
                1.0,
                1.0,
                1.0,
                1.0,
                0.0
            ],
            [
                1.0,
                1.0,
                1.0,
                1.0,
                0.0
            ]
        ],
        "epoches": [
            0,
            10
        ]
    },
    "val_avg_recall": {
        "best_results": [
            1.0,
            0.84,
            1.0,
            0.74,
            0.0
        ],
        "all_results": [
            [
                1.0,
                0.84,
                1.0,
                0.74,
                0.0
            ],
            [
                1.0,
                0.84,
                1.0,
                0.74,
                0.0
            ]
        ],
        "epoches": [
            0,
            10
        ]
    },
    "val_avg_f1": {
        "best_results": [
            1.0,
            0.9130434782608696,
            1.0,
            0.8505747126436781,
            0.0
        ],
        "all_results": [
            [
                1.0,
                0.9130434782608696,
                1.0,
                0.8505747126436781,
                0.0
            ],
            [
                1.0,
                0.9130434782608696,
                1.0,
                0.8505747126436781,
                0.0
            ]
        ],
        "epoches": [
            0,
            10
        ]
    },
    "val_avg_accuracy": {
        "best_results": [
            1.0,
            0.8399999737739563,
            1.0,
            0.7400000095367432,
            0.41333332657814026
        ],
        "all_results": [
            [
                1.0,
                0.8399999737739563,
                1.0,
                0.7400000095367432,
                0.41333332657814026
            ],
            [
                1.0,
                0.8399999737739563,
                1.0,
                0.7400000095367432,
                0.41333332657814026
            ]
        ],
        "epoches": [
            0,
            10
        ]
    },
    "test_avg_precision": {
        "best_results": [
            1.0,
            1.0,
            1.0,
            1.0,
            0.0
        ],
        "all_results": [
            [
                1.0,
                1.0,
                1.0,
                1.0,
                0.0
            ],
            [
                1.0,
                0.9844961240310077,
                1.0,
                1.0,
                0.0
            ]
        ],
        "epoches": [
            0,
            10
        ]
    },
    "test_avg_recall": {
        "best_results": [
            1.0,
            0.86,
            1.0,
            0.76,
            0.0
        ],
        "all_results": [
            [
                1.0,
                0.86,
                1.0,
                0.76,
                0.0
            ],
            [
                1.0,
                0.8581081081081081,
                1.0,
                0.76,
                0.0
            ]
        ],
        "epoches": [
            0,
            10
        ]
    },
    "test_avg_f1": {
        "best_results": [
            1.0,
            0.924731182795699,
            1.0,
            0.8636363636363636,
            0.0
        ],
        "all_results": [
            [
                1.0,
                0.924731182795699,
                1.0,
                0.8636363636363636,
                0.0
            ],
            [
                1.0,
                0.9169675090252708,
                1.0,
                0.8636363636363636,
                0.0
            ]
        ],
        "epoches": [
            0,
            10
        ]
    },
    "test_avg_accuracy": {
        "best_results": [
            1.0,
            0.8600000143051147,
            1.0,
            0.7599999904632568,
            0.3400000035762787
        ],
        "all_results": [
            [
                1.0,
                0.8600000143051147,
                1.0,
                0.7599999904632568,
                0.3400000035762787
            ],
            [
                1.0,
                0.846666693687439,
                1.0,
                0.7599999904632568,
                0.3400000035762787
            ]
        ],
        "epoches": [
            0,
            10
        ]
    }
}