{
    "train_avg_precision": {
        "best_results": [
            1.0,
            1.0,
            1.0,
            1.0,
            1.0
        ],
        "all_results": [
            [
                1.0,
                1.0,
                1.0,
                1.0,
                1.0
            ],
            [
                1.0,
                0.9945945945945946,
                1.0,
                1.0,
                0.0
            ],
            [
                1.0,
                1.0,
                1.0,
                1.0,
                0.0
            ]
        ],
        "epoches": [
            0,
            10,
            20
        ]
    },
    "train_avg_recall": {
        "best_results": [
            1.0,
            0.8371040723981901,
            1.0,
            0.8506787330316742,
            0.48868778280542985
        ],
        "all_results": [
            [
                1.0,
                0.8371040723981901,
                1.0,
                0.8506787330316742,
                0.48868778280542985
            ],
            [
                1.0,
                0.8363636363636363,
                1.0,
                0.8506787330316742,
                0.0
            ],
            [
                1.0,
                0.8371040723981901,
                1.0,
                0.8506787330316742,
                0.0
            ]
        ],
        "epoches": [
            0,
            10,
            20
        ]
    },
    "train_avg_f1": {
        "best_results": [
            1.0,
            0.9113300492610837,
            1.0,
            0.9193154034229828,
            0.6565349544072948
        ],
        "all_results": [
            [
                1.0,
                0.9113300492610837,
                1.0,
                0.9193154034229828,
                0.6565349544072948
            ],
            [
                1.0,
                0.9086419753086419,
                1.0,
                0.9193154034229828,
                0.0
            ],
            [
                1.0,
                0.9113300492610837,
                1.0,
                0.9193154034229828,
                0.0
            ]
        ],
        "epoches": [
            0,
            10,
            20
        ]
    },
    "train_avg_accuracy": {
        "best_results": [
            1.0,
            0.837104082107544,
            1.0,
            0.8506787419319153,
            0.5113122463226318
        ],
        "all_results": [
            [
                1.0,
                0.837104082107544,
                1.0,
                0.8506787419319153,
                0.5113122463226318
            ],
            [
                1.0,
                0.8325791954994202,
                1.0,
                0.8506787419319153,
                0.5113122463226318
            ],
            [
                1.0,
                0.837104082107544,
                1.0,
                0.8506787419319153,
                0.5113122463226318
            ]
        ],
        "epoches": [
            0,
            10,
            20
        ]
    },
    "val_avg_precision": {
        "best_results": [
            1.0,
            1.0,
            1.0,
            1.0,
            1.0
        ],
        "all_results": [
            [
                1.0,
                1.0,
                1.0,
                1.0,
                1.0
            ],
            [
                1.0,
                0.9763779527559056,
                1.0,
                1.0,
                0.0
            ],
            [
                1.0,
                1.0,
                1.0,
                1.0,
                0.0
            ]
        ],
        "epoches": [
            0,
            10,
            20
        ]
    },
    "val_avg_recall": {
        "best_results": [
            1.0,
            0.8581081081081081,
            1.0,
            0.8581081081081081,
            0.5135135135135135
        ],
        "all_results": [
            [
                1.0,
                0.8581081081081081,
                1.0,
                0.8581081081081081,
                0.5135135135135135
            ],
            [
                1.0,
                0.8551724137931035,
                1.0,
                0.8581081081081081,
                0.0
            ],
            [
                1.0,
                0.8581081081081081,
                1.0,
                0.8581081081081081,
                0.0
            ]
        ],
        "epoches": [
            0,
            10,
            20
        ]
    },
    "val_avg_f1": {
        "best_results": [
            1.0,
            0.9236363636363636,
            1.0,
            0.9236363636363636,
            0.6785714285714285
        ],
        "all_results": [
            [
                1.0,
                0.9236363636363636,
                1.0,
                0.9236363636363636,
                0.6785714285714285
            ],
            [
                1.0,
                0.911764705882353,
                1.0,
                0.9236363636363636,
                0.0
            ],
            [
                1.0,
                0.9236363636363636,
                1.0,
                0.9236363636363636,
                0.0
            ]
        ],
        "epoches": [
            0,
            10,
            20
        ]
    },
    "val_avg_accuracy": {
        "best_results": [
            1.0,
            0.8581081032752991,
            1.0,
            0.8581081032752991,
            0.5135135054588318
        ],
        "all_results": [
            [
                1.0,
                0.8581081032752991,
                1.0,
                0.8581081032752991,
                0.5135135054588318
            ],
            [
                1.0,
                0.837837815284729,
                1.0,
                0.8581081032752991,
                0.4864864945411682
            ],
            [
                1.0,
                0.8581081032752991,
                1.0,
                0.8581081032752991,
                0.4864864945411682
            ]
        ],
        "epoches": [
            0,
            10,
            20
        ]
    },
    "test_avg_precision": {
        "best_results": [
            1.0,
            1.0,
            1.0,
            1.0,
            1.0
        ],
        "all_results": [
            [
                1.0,
                1.0,
                1.0,
                1.0,
                1.0
            ],
            [
                1.0,
                0.9174311926605505,
                1.0,
                1.0,
                0.0
            ],
            [
                1.0,
                1.0,
                1.0,
                1.0,
                0.0
            ]
        ],
        "epoches": [
            0,
            10,
            20
        ]
    },
    "test_avg_recall": {
        "best_results": [
            1.0,
            0.7575757575757576,
            1.0,
            0.8581081081081081,
            0.6148648648648649
        ],
        "all_results": [
            [
                1.0,
                0.7575757575757576,
                1.0,
                0.8581081081081081,
                0.6148648648648649
            ],
            [
                1.0,
                0.7575757575757576,
                1.0,
                0.8581081081081081,
                0.0
            ],
            [
                1.0,
                0.7364864864864865,
                1.0,
                0.8581081081081081,
                0.0
            ]
        ],
        "epoches": [
            0,
            10,
            20
        ]
    },
    "test_avg_f1": {
        "best_results": [
            1.0,
            0.8482490272373542,
            1.0,
            0.9236363636363636,
            0.7615062761506276
        ],