{
    "train_avg_precision": {
        "best_results": [
            1.0,
            1.0,
            1.0,
            1.0,
            0.0
        ],
        "all_results": [
            [
                1.0,
                1.0,
                1.0,
                1.0,
                0.0
            ],
            [
                1.0,
                1.0,
                1.0,
                1.0,
                0.0
            ],
            [
                1.0,
                1.0,
                1.0,
                1.0,
                0.0
            ]
        ],
        "epoches": [
            0,
            10,
            20
        ]
    },
    "train_avg_recall": {
        "best_results": [
            1.0,
            0.8380281690140845,
            1.0,
            0.8967136150234741,
            0.0
        ],
        "all_results": [
            [
                1.0,
                0.8380281690140845,
                1.0,
                0.8967136150234741,
                0.0
            ],
            [
                1.0,
                0.8380281690140845,
                1.0,
                0.8967136150234741,
                0.0
            ],
            [
                1.0,
                0.8380281690140845,
                1.0,
                0.8967136150234741,
                0.0
            ]
        ],
        "epoches": [
            0,
            10,
            20
        ]
    },
    "train_avg_f1": {
        "best_results": [
            1.0,
            0.9118773946360154,
            1.0,
            0.9455445544554456,
            0.0
        ],
        "all_results": [
            [
                1.0,
                0.9118773946360154,
                1.0,
                0.9455445544554456,
                0.0
            ],
            [
                1.0,
                0.9118773946360154,
                1.0,
                0.9455445544554456,
                0.0
            ],
            [
                1.0,
                0.9118773946360154,
                1.0,
                0.9455445544554456,
                0.0
            ]
        ],
        "epoches": [
            0,
            10,
            20
        ]
    },
    "train_avg_accuracy": {
        "best_results": [
            1.0,
            0.8380281925201416,
            1.0,
            0.8967136144638062,
            0.5305164456367493
        ],
        "all_results": [
            [
                1.0,
                0.8380281925201416,
                1.0,
                0.8967136144638062,
                0.5305164456367493
            ],
            [
                1.0,
                0.8380281925201416,
                1.0,
                0.8967136144638062,
                0.5305164456367493
            ],
            [
                1.0,
                0.8380281925201416,
                1.0,
                0.8967136144638062,
                0.5305164456367493
            ]
        ],
        "epoches": [
            0,
            10,
            20
        ]
    },
    "val_avg_precision": {
        "best_results": [
            1.0,
            1.0,
            1.0,
            1.0,
            0.0
        ],
        "all_results": [
            [
                1.0,
                1.0,
                1.0,
                1.0,
                0.0
            ],
            [
                1.0,
                1.0,
                1.0,
                1.0,
                0.0
            ],
            [
                1.0,
                1.0,
                1.0,
                1.0,
                0.0
            ]
        ],
        "epoches": [
            0,
            10,
            20
        ]
    },
    "val_avg_recall": {
        "best_results": [
            1.0,
            0.7832167832167832,
            1.0,
            0.8181818181818182,
            0.0
        ],
        "all_results": [
            [
                1.0,
                0.7832167832167832,
                1.0,
                0.8181818181818182,
                0.0
            ],
            [
                1.0,
                0.7832167832167832,
                1.0,
                0.8181818181818182,
                0.0
            ],
            [
                1.0,
                0.7832167832167832,
                1.0,
                0.8181818181818182,
                0.0
            ]
        ],
        "epoches": [
            0,
            10,
            20
        ]
    },
    "val_avg_f1": {
        "best_results": [
            1.0,
            0.8784313725490196,
            1.0,
            0.9,
            0.0
        ],
        "all_results": [
            [
                1.0,
                0.8784313725490196,
                1.0,
                0.9,
                0.0
            ],
            [
                1.0,
                0.8784313725490196,
                1.0,
                0.9,
                0.0
            ],
            [
                1.0,
                0.8784313725490196,
                1.0,
                0.9,
                0.0
            ]
        ],
        "epoches": [
            0,
            10,
            20
        ]
    },
    "val_avg_accuracy": {
        "best_results": [
            1.0,
            0.7832167744636536,
            1.0,
            0.8181818127632141,
            0.4475524425506592
        ],
        "all_results": [
            [
                1.0,
                0.7832167744636536,
                1.0,
                0.8181818127632141,
                0.4475524425506592
            ],
            [
                1.0,
                0.7832167744636536,
                1.0,
                0.8181818127632141,
                0.4475524425506592
            ],
            [
                1.0,
                0.7832167744636536,
                1.0,
                0.8181818127632141,
                0.4475524425506592
            ]
        ],
        "epoches": [
            0,
            10,
            20
        ]
    },
    "test_avg_precision": {
        "best_results": [
            1.0,
            1.0,
            1.0,
            1.0,
            0.0
        ],
        "all_results": [
            [
                1.0,
                1.0,
                1.0,
                1.0,
                0.0
            ],
            [
                1.0,
                1.0,
                1.0,
                1.0,
                0.0
            ],
            [
                1.0,
                1.0,
                1.0,
                1.0,
                0.0
            ]
        ],
        "epoches": [
            0,
            10,
            20
        ]
    },
    "test_avg_recall": {
        "best_results": [
            1.0,
            0.7253521126760564,
            1.0,
            0.8098591549295775,
            0.0
        ],
        "all_results": [
            [
                1.0,
                0.7253521126760564,
                1.0,
                0.8098591549295775,
                0.0
            ],
            [
                1.0,
                0.7253521126760564,
                1.0,
                0.8098591549295775,
                0.0
            ],
            [
                1.0,
                0.7253521126760564,
                1.0,
                0.8098591549295775,
                0.0
            ]
        ],
        "epoches": [
            0,
            10,
            20
        ]
    },
    "test_avg_f1": {
        "best_results": [
            1.0,
            0.8408163265306122,
            1.0,
            0.8949416342412452,
            0.0
        ],