{
    "train_avg_precision": {
        "best_results": [
            1.0,
            1.0,
            1.0,
            1.0,
            1.0
        ],
        "all_results": [
            [
                1.0,
                1.0,
                1.0,
                1.0,
                1.0
            ],
            [
                1.0,
                0.0,
                1.0,
                0.0,
                0.9940119760479041
            ],
            [
                1.0,
                1.0,
                1.0,
                0.0,
                1.0
            ]
        ],
        "epoches": [
            0,
            10,
            20
        ]
    },
    "train_avg_recall": {
        "best_results": [
            1.0,
            0.7969924812030075,
            1.0,
            0.543859649122807,
            0.8370927318295739
        ],
        "all_results": [
            [
                1.0,
                0.7969924812030075,
                1.0,
                0.543859649122807,
                0.8370927318295739
            ],
            [
                1.0,
                0.0,
                1.0,
                0.0,
                0.836272040302267
            ],
            [
                1.0,
                0.7969924812030075,
                1.0,
                0.0,
                0.8370927318295739
            ]
        ],
        "epoches": [
            0,
            10,
            20
        ]
    },
    "train_avg_f1": {
        "best_results": [
            1.0,
            0.8870292887029287,
            1.0,
            0.7045454545454546,
            0.9113233287858117
        ],
        "all_results": [
            [
                1.0,
                0.8870292887029287,
                1.0,
                0.7045454545454546,
                0.9113233287858117
            ],
            [
                1.0,
                0.0,
                1.0,
                0.0,
                0.9083447332421339
            ],
            [
                1.0,
                0.8870292887029287,
                1.0,
                0.0,
                0.9113233287858117
            ]
        ],
        "epoches": [
            0,
            10,
            20
        ]
    },
    "train_avg_accuracy": {
        "best_results": [
            1.0,
            0.7969924807548523,
            1.0,
            0.5438596606254578,
            0.8370927572250366
        ],
        "all_results": [
            [
                1.0,
                0.7969924807548523,
                1.0,
                0.5438596606254578,
                0.8370927572250366
            ],
            [
                1.0,
                0.2030075192451477,
                1.0,
                0.45614033937454224,
                0.8320801854133606
            ],
            [
                1.0,
                0.7969924807548523,
                1.0,
                0.45614033937454224,
                0.8370927572250366
            ]
        ],
        "epoches": [
            0,
            10,
            20
        ]
    },
    "val_avg_precision": {
        "best_results": [
            1.0,
            1.0,
            1.0,
            1.0,
            1.0
        ],
        "all_results": [
            [
                1.0,
                1.0,
                1.0,
                1.0,
                1.0
            ],
            [
                1.0,
                0.0,
                1.0,
                0.0,
                0.981651376146789
            ],
            [
                1.0,
                1.0,
                1.0,
                0.0,
                1.0
            ]
        ],
        "epoches": [
            0,
            10,
            20
        ]
    },
    "val_avg_recall": {
        "best_results": [
            1.0,
            0.7686567164179104,
            1.0,
            0.6044776119402985,
            0.8134328358208955
        ],
        "all_results": [
            [
                1.0,
                0.7686567164179104,
                1.0,
                0.6044776119402985,
                0.8134328358208955
            ],
            [
                1.0,
                0.0,
                1.0,
                0.0,
                0.8106060606060606
            ],
            [
                1.0,
                0.7686567164179104,
                1.0,
                0.0,
                0.8134328358208955
            ]
        ],
        "epoches": [
            0,
            10,
            20
        ]
    },
    "val_avg_f1": {
        "best_results": [
            1.0,
            0.869198312236287,
            1.0,
            0.7534883720930232,
            0.897119341563786
        ],
        "all_results": [
            [
                1.0,
                0.869198312236287,
                1.0,
                0.7534883720930232,
                0.897119341563786
            ],
            [
                1.0,
                0.0,
                1.0,
                0.0,
                0.8879668049792531
            ],
            [
                1.0,
                0.869198312236287,
                1.0,
                0.0,
                0.897119341563786
            ]
        ],
        "epoches": [
            0,
            10,
            20
        ]
    },
    "val_avg_accuracy": {
        "best_results": [
            1.0,
            0.7686567306518555,
            1.0,
            0.60447758436203,
            0.8134328126907349
        ],
        "all_results": [
            [
                1.0,
                0.7686567306518555,
                1.0,
                0.60447758436203,
                0.8134328126907349
            ],
            [
                1.0,
                0.23134328424930573,
                1.0,
                0.3955223858356476,
                0.7985074520111084
            ],
            [
                1.0,
                0.7686567306518555,
                1.0,
                0.3955223858356476,
                0.8134328126907349
            ]
        ],
        "epoches": [
            0,
            10,
            20
        ]
    },
    "test_avg_precision": {
        "best_results": [
            1.0,
            0.9905660377358491,
            1.0,
            1.0,
            1.0
        ],
        "all_results": [
            [
                1.0,
                0.9905660377358491,
                1.0,
                1.0,
                1.0
            ],
            [
                1.0,
                0.0,
                1.0,
                0.0,
                0.9649122807017544
            ],
            [
                1.0,
                0.9905660377358491,
                1.0,
                0.0,
                1.0
            ]
        ],
        "epoches": [
            0,
            10,
            20
        ]
    },
    "test_avg_recall": {
        "best_results": [
            1.0,
            0.7954545454545454,
            1.0,
            0.48872180451127817,
            0.8571428571428571
        ],
        "all_results": [
            [
                1.0,
                0.7954545454545454,
                1.0,
                0.48872180451127817,
                0.8571428571428571
            ],
            [
                1.0,
                0.0,
                1.0,
                0.0,
                0.8527131782945736
            ],
            [
                1.0,
                0.7954545454545454,
                1.0,
                0.0,
                0.8571428571428571
            ]
        ],
        "epoches": [
            0,
            10,
            20
        ]
    },
    "test_avg_f1": {
        "best_results": [
            1.0,
            0.8823529411764706,
            1.0,
            0.6565656565656565,
            0.923076923076923
        ],