{
    "train_avg_precision": {
        "best_results": [
            1.0,
            1.0,
            1.0,
            0.0,
            0.0
        ],
        "all_results": [
            [
                1.0,
                1.0,
                1.0,
                0.0,
                0.0
            ],
            [
                1.0,
                1.0,
                1.0,
                0.0,
                0.0
            ]
        ],
        "epoches": [
            0,
            10
        ]
    },
    "train_avg_recall": {
        "best_results": [
            0.8965034965034965,
            0.7118881118881119,
            0.9636363636363636,
            0.0,
            0.0
        ],
        "all_results": [
            [
                0.8965034965034965,
                0.7118881118881119,
                0.9636363636363636,
                0.0,
                0.0
            ],
            [
                0.8965034965034965,
                0.7118881118881119,
                0.9636363636363636,
                0.0,
                0.0
            ]
        ],
        "epoches": [
            0,
            10
        ]
    },
    "train_avg_f1": {
        "best_results": [
            0.9454277286135693,
            0.8316993464052288,
            0.9814814814814815,
            0.0,
            0.0
        ],
        "all_results": [
            [
                0.9454277286135693,
                0.8316993464052288,
                0.9814814814814815,
                0.0,
                0.0
            ],
            [
                0.9454277286135693,
                0.8316993464052288,
                0.9814814814814815,
                0.0,
                0.0
            ]
        ],
        "epoches": [
            0,
            10
        ]
    },
    "train_avg_accuracy": {
        "best_results": [
            0.8965035080909729,
            0.7118881344795227,
            0.9636363387107849,
            0.44895103573799133,
            0.5118880867958069
        ],
        "all_results": [
            [
                0.8965035080909729,
                0.7118881344795227,
                0.9636363387107849,
                0.44895103573799133,
                0.5118880867958069
            ],
            [
                0.8965035080909729,
                0.7118881344795227,
                0.9636363387107849,
                0.44895103573799133,
                0.5118880867958069
            ]
        ],
        "epoches": [
            0,
            10
        ]
    },
    "val_avg_precision": {
        "best_results": [
            1.0,
            1.0,
            1.0,
            0.0,
            0.0
        ],
        "all_results": [
            [
                1.0,
                1.0,
                1.0,
                0.0,
                0.0
            ],
            [
                1.0,
                1.0,
                1.0,
                0.0,
                0.0
            ]
        ],
        "epoches": [
            0,
            10
        ]
    },
    "val_avg_recall": {
        "best_results": [
            0.9581589958158996,
            0.7112970711297071,
            0.9790794979079498,
            0.0,
            0.0
        ],
        "all_results": [
            [
                0.9581589958158996,
                0.7112970711297071,
                0.9790794979079498,
                0.0,
                0.0
            ],
            [
                0.9581589958158996,
                0.7112970711297071,
                0.9790794979079498,
                0.0,
                0.0
            ]
        ],
        "epoches": [
            0,
            10
        ]
    },
    "val_avg_f1": {
        "best_results": [
            0.9786324786324786,
            0.8312958435207823,
            0.9894291754756871,
            0.0,
            0.0
        ],
        "all_results": [
            [
                0.9786324786324786,
                0.8312958435207823,
                0.9894291754756871,
                0.0,
                0.0
            ],
            [
                0.9786324786324786,
                0.8312958435207823,
                0.9894291754756871,
                0.0,
                0.0
            ]
        ],
        "epoches": [
            0,
            10
        ]
    },
    "val_avg_accuracy": {
        "best_results": [
            0.9581589698791504,
            0.7112970948219299,
            0.9790794849395752,
            0.3682008385658264,
            0.5648535490036011
        ],
        "all_results": [
            [
                0.9581589698791504,
                0.7112970948219299,
                0.9790794849395752,
                0.3682008385658264,
                0.5648535490036011
            ],
            [
                0.9581589698791504,
                0.7112970948219299,
                0.9790794849395752,
                0.3682008385658264,
                0.5648535490036011
            ]
        ],
        "epoches": [
            0,
            10
        ]
    },
    "test_avg_precision": {
        "best_results": [
            1.0,
            0.8571428571428571,
            1.0,
            0.0,
            0.0
        ],
        "all_results": [
            [
                1.0,
                0.8571428571428571,
                1.0,
                0.0,
                0.0
            ],
            [
                1.0,
                0.8571428571428571,
                1.0,
                0.0,
                0.0
            ]
        ],
        "epoches": [
            0,
            10
        ]
    },
    "test_avg_recall": {
        "best_results": [
            0.9957983193277311,
            0.81,
            0.91,
            0.0,
            0.0
        ],
        "all_results": [
            [
                0.9957983193277311,
                0.81,
                0.91,
                0.0,
                0.0
            ],
            [
                0.9957983193277311,
                0.81,
                0.8781512605042017,
                0.0,
                0.0
            ]
        ],
        "epoches": [
            0,
            10
        ]
    },
    "test_avg_f1": {
        "best_results": [
            0.9978947368421053,
            0.832904884318766,
            0.9351230425055929,
            0.0,
            0.0
        ],
        "all_results": [
            [
                0.9978947368421053,
                0.832904884318766,
                0.9351230425055929,
                0.0,
                0.0
            ],
            [
                0.9978947368421053,
                0.832904884318766,
                0.9351230425055929,
                0.0,
                0.0
            ]
        ],
        "epoches": [
            0,
            10
        ]
    },
    "test_avg_accuracy": {
        "best_results": [
            0.9957982897758484,
            0.7268907427787781,
            0.8781512379646301,
            0.38655462861061096,
            0.5210084319114685
        ],
        "all_results": [
            [
                0.9957982897758484,
                0.7268907427787781,
                0.8781512379646301,
                0.38655462861061096,
                0.5210084319114685
            ],
            [
                0.9957982897758484,
                0.7268907427787781,
                0.8781512379646301,
                0.38655462861061096,
                0.5210084319114685
            ]
        ],
        "epoches": [
            0,
            10
        ]
    }
}