{
    "train_avg_precision": {
        "best_results": [
            1.0,
            1.0,
            1.0,
            0.0,
            0.0
        ],
        "all_results": [
            [
                1.0,
                1.0,
                1.0,
                0.0,
                0.0
            ],
            [
                1.0,
                0.0,
                1.0,
                0.0,
                0.0
            ],
            [
                1.0,
                1.0,
                1.0,
                0.0,
                0.0
            ]
        ],
        "epoches": [
            0,
            10,
            20
        ]
    },
    "train_avg_recall": {
        "best_results": [
            0.9175084175084175,
            0.7272727272727273,
            0.9865319865319865,
            0.0,
            0.0
        ],
        "all_results": [
            [
                0.9175084175084175,
                0.7272727272727273,
                0.9865319865319865,
                0.0,
                0.0
            ],
            [
                0.9175084175084175,
                0.0,
                0.9865319865319865,
                0.0,
                0.0
            ],
            [
                0.9175084175084175,
                0.7272727272727273,
                0.9865319865319865,
                0.0,
                0.0
            ]
        ],
        "epoches": [
            0,
            10,
            20
        ]
    },
    "train_avg_f1": {
        "best_results": [
            0.9569798068481125,
            0.8421052631578948,
            0.9932203389830507,
            0.0,
            0.0
        ],
        "all_results": [
            [
                0.9569798068481125,
                0.8421052631578948,
                0.9932203389830507,
                0.0,
                0.0
            ],
            [
                0.9569798068481125,
                0.0,
                0.9932203389830507,
                0.0,
                0.0
            ],
            [
                0.9569798068481125,
                0.8421052631578948,
                0.9932203389830507,
                0.0,
                0.0
            ]
        ],
        "epoches": [
            0,
            10,
            20
        ]
    },
    "train_avg_accuracy": {
        "best_results": [
            0.9175084233283997,
            0.7272727489471436,
            0.9865319728851318,
            0.563973069190979,
            0.5050504803657532
        ],
        "all_results": [
            [
                0.9175084233283997,
                0.7272727489471436,
                0.9865319728851318,
                0.563973069190979,
                0.5050504803657532
            ],
            [
                0.9175084233283997,
                0.27272728085517883,
                0.9865319728851318,
                0.563973069190979,
                0.5050504803657532
            ],
            [
                0.9175084233283997,
                0.7272727489471436,
                0.9865319728851318,
                0.563973069190979,
                0.5050504803657532
            ]
        ],
        "epoches": [
            0,
            10,
            20
        ]
    },
    "val_avg_precision": {
        "best_results": [
            1.0,
            1.0,
            1.0,
            0.0,
            0.0
        ],
        "all_results": [
            [
                1.0,
                1.0,
                1.0,
                0.0,
                0.0
            ],
            [
                1.0,
                0.0,
                1.0,
                0.0,
                0.0
            ],
            [
                1.0,
                1.0,
                1.0,
                0.0,
                0.0
            ]
        ],
        "epoches": [
            0,
            10,
            20
        ]
    },
    "val_avg_recall": {
        "best_results": [
            0.9547738693467337,
            0.7939698492462312,
            0.9447236180904522,
            0.0,
            0.0
        ],
        "all_results": [
            [
                0.9547738693467337,
                0.7939698492462312,
                0.9447236180904522,
                0.0,
                0.0
            ],
            [
                0.9547738693467337,
                0.0,
                0.9447236180904522,
                0.0,
                0.0
            ],
            [
                0.9547738693467337,
                0.7939698492462312,
                0.9447236180904522,
                0.0,
                0.0
            ]
        ],
        "epoches": [
            0,
            10,
            20
        ]
    },
    "val_avg_f1": {
        "best_results": [
            0.9768637532133677,
            0.8851540616246498,
            0.9715762273901808,
            0.0,
            0.0
        ],
        "all_results": [
            [
                0.9768637532133677,
                0.8851540616246498,
                0.9715762273901808,
                0.0,
                0.0
            ],
            [
                0.9768637532133677,
                0.0,
                0.9715762273901808,
                0.0,
                0.0
            ],
            [
                0.9768637532133677,
                0.8851540616246498,
                0.9715762273901808,
                0.0,
                0.0
            ]
        ],
        "epoches": [
            0,
            10,
            20
        ]
    },
    "val_avg_accuracy": {
        "best_results": [
            0.9547738432884216,
            0.7939698696136475,
            0.9447236061096191,
            0.5075376629829407,
            0.4271356761455536
        ],
        "all_results": [
            [
                0.9547738432884216,
                0.7939698696136475,
                0.9447236061096191,
                0.5075376629829407,
                0.4271356761455536
            ],
            [
                0.9547738432884216,
                0.20603014528751373,
                0.9447236061096191,
                0.5075376629829407,
                0.4271356761455536
            ],
            [
                0.9547738432884216,
                0.7939698696136475,
                0.9447236061096191,
                0.5075376629829407,
                0.4271356761455536
            ]
        ],
        "epoches": [
            0,
            10,
            20
        ]
    },
    "test_avg_precision": {
        "best_results": [
            1.0,
            1.0,
            1.0,
            0.0,
            0.0
        ],
        "all_results": [
            [
                1.0,
                1.0,
                1.0,
                0.0,
                0.0
            ],
            [
                1.0,
                0.05649717514124294,
                1.0,
                0.0,
                0.0
            ],
            [
                1.0,
                1.0,
                1.0,
                0.0,
                0.0
            ]
        ],
        "epoches": [
            0,
            10,
            20
        ]
    },
    "test_avg_recall": {
        "best_results": [
            0.9545454545454546,
            1.0,
            0.9444444444444444,
            0.0,
            0.0
        ],
        "all_results": [
            [
                0.9545454545454546,
                1.0,
                0.9444444444444444,
                0.0,
                0.0
            ],
            [
                0.9545454545454546,
                1.0,
                0.9444444444444444,
                0.0,
                0.0
            ],
            [
                0.9545454545454546,
                0.8939393939393939,
                0.9444444444444444,
                0.0,
                0.0
            ]
        ],