{
    "train_avg_precision": {
        "best_results": [
            1.0,
            1.0,
            1.0,
            1.0,
            1.0
        ],
        "all_results": [
            [
                1.0,
                1.0,
                1.0,
                1.0,
                1.0
            ],
            [
                1.0,
                1.0,
                1.0,
                0.0,
                0.0
            ],
            [
                1.0,
                1.0,
                1.0,
                0.0,
                0.0
            ]
        ],
        "epoches": [
            0,
            10,
            20
        ]
    },
    "train_avg_recall": {
        "best_results": [
            0.869281045751634,
            0.7254901960784313,
            0.9803921568627451,
            0.46405228758169936,
            0.3660130718954248
        ],
        "all_results": [
            [
                0.869281045751634,
                0.7254901960784313,
                0.9803921568627451,
                0.46405228758169936,
                0.3660130718954248
            ],
            [
                0.869281045751634,
                0.7254901960784313,
                0.9803921568627451,
                0.0,
                0.0
            ],
            [
                0.869281045751634,
                0.7254901960784313,
                0.9803921568627451,
                0.0,
                0.0
            ]
        ],
        "epoches": [
            0,
            10,
            20
        ]
    },
    "train_avg_f1": {
        "best_results": [
            0.9300699300699301,
            0.8409090909090908,
            0.99009900990099,
            0.6339285714285714,
            0.5358851674641147
        ],
        "all_results": [
            [
                0.9300699300699301,
                0.8409090909090908,
                0.99009900990099,
                0.6339285714285714,
                0.5358851674641147
            ],
            [
                0.9300699300699301,
                0.8409090909090908,
                0.99009900990099,
                0.0,
                0.0
            ],
            [
                0.9300699300699301,
                0.8409090909090908,
                0.99009900990099,
                0.0,
                0.0
            ]
        ],
        "epoches": [
            0,
            10,
            20
        ]
    },
    "train_avg_accuracy": {
        "best_results": [
            0.8692810535430908,
            0.7254902124404907,
            0.9803921580314636,
            0.5359477400779724,
            0.6339869499206543
        ],
        "all_results": [
            [
                0.8692810535430908,
                0.7254902124404907,
                0.9803921580314636,
                0.5359477400779724,
                0.6339869499206543
            ],
            [
                0.8692810535430908,
                0.7254902124404907,
                0.9803921580314636,
                0.5359477400779724,
                0.6339869499206543
            ],
            [
                0.8692810535430908,
                0.7254902124404907,
                0.9803921580314636,
                0.5359477400779724,
                0.6339869499206543
            ]
        ],
        "epoches": [
            0,
            10,
            20
        ]
    },
    "val_avg_precision": {
        "best_results": [
            1.0,
            1.0,
            1.0,
            1.0,
            1.0
        ],
        "all_results": [
            [
                1.0,
                1.0,
                1.0,
                1.0,
                1.0
            ],
            [
                1.0,
                1.0,
                1.0,
                0.0,
                0.0
            ],
            [
                1.0,
                1.0,
                1.0,
                0.0,
                0.0
            ]
        ],
        "epoches": [
            0,
            10,
            20
        ]
    },
    "val_avg_recall": {
        "best_results": [
            0.7766990291262136,
            0.6504854368932039,
            0.941747572815534,
            0.6504854368932039,
            0.4563106796116505
        ],
        "all_results": [
            [
                0.7766990291262136,
                0.6504854368932039,
                0.941747572815534,
                0.6504854368932039,
                0.4563106796116505
            ],
            [
                0.7766990291262136,
                0.6504854368932039,
                0.941747572815534,
                0.0,
                0.0
            ],
            [
                0.7766990291262136,
                0.6504854368932039,
                0.941747572815534,
                0.0,
                0.0
            ]
        ],
        "epoches": [
            0,
            10,
            20
        ]
    },
    "val_avg_f1": {
        "best_results": [
            0.8743169398907104,
            0.788235294117647,
            0.97,
            0.788235294117647,
            0.6266666666666667
        ],
        "all_results": [
            [
                0.8743169398907104,
                0.788235294117647,
                0.97,
                0.788235294117647,
                0.6266666666666667
            ],
            [
                0.8743169398907104,
                0.788235294117647,
                0.97,
                0.0,
                0.0
            ],
            [
                0.8743169398907104,
                0.788235294117647,
                0.97,
                0.0,
                0.0
            ]
        ],
        "epoches": [
            0,
            10,
            20
        ]
    },
    "val_avg_accuracy": {
        "best_results": [
            0.7766990065574646,
            0.6504854559898376,
            0.9417475461959839,
            0.6504854559898376,
            0.5436893105506897
        ],
        "all_results": [
            [
                0.7766990065574646,
                0.6504854559898376,
                0.9417475461959839,
                0.6504854559898376,
                0.5436893105506897
            ],
            [
                0.7766990065574646,
                0.6504854559898376,
                0.9417475461959839,
                0.34951457381248474,
                0.5436893105506897
            ],
            [
                0.7766990065574646,
                0.6504854559898376,
                0.9417475461959839,
                0.34951457381248474,
                0.5436893105506897
            ]
        ],
        "epoches": [
            0,
            10,
            20
        ]
    },
    "test_avg_precision": {
        "best_results": [
            1.0,
            1.0,
            1.0,
            1.0,
            1.0
        ],
        "all_results": [
            [
                1.0,
                1.0,
                1.0,
                1.0,
                1.0
            ],
            [
                1.0,
                1.0,
                1.0,
                0.0,
                0.0
            ],
            [
                1.0,
                1.0,
                1.0,
                0.0,
                0.0
            ]
        ],
        "epoches": [
            0,
            10,
            20
        ]
    },
    "test_avg_recall": {
        "best_results": [
            0.8235294117647058,
            0.6666666666666666,
            0.8235294117647058,
            0.6372549019607843,
            0.5784313725490197
        ],