{
    "train_avg_precision": {
        "best_results": [
            1.0,
            1.0,
            1.0,
            1.0,
            1.0
        ],
        "all_results": [
            [
                1.0,
                1.0,
                1.0,
                1.0,
                1.0
            ],
            [
                1.0,
                1.0,
                1.0,
                0.0,
                0.0
            ],
            [
                1.0,
                1.0,
                1.0,
                0.0,
                0.0
            ],
            [
                1.0,
                1.0,
                1.0,
                0.0,
                0.0
            ],
            [
                1.0,
                1.0,
                1.0,
                0.0,
                0.0
            ]
        ],
        "epoches": [
            0,
            10,
            20,
            30,
            40
        ]
    },
    "train_avg_recall": {
        "best_results": [
            0.8592057761732852,
            0.776173285198556,
            0.9711191335740073,
            0.5487364620938628,
            0.2924187725631769
        ],
        "all_results": [
            [
                0.8592057761732852,
                0.776173285198556,
                0.9711191335740073,
                0.5487364620938628,
                0.2924187725631769
            ],
            [
                0.8592057761732852,
                0.776173285198556,
                0.9711191335740073,
                0.0,
                0.0
            ],
            [
                0.8592057761732852,
                0.776173285198556,
                0.9711191335740073,
                0.0,
                0.0
            ],
            [
                0.8592057761732852,
                0.776173285198556,
                0.9711191335740073,
                0.0,
                0.0
            ],
            [
                0.8592057761732852,
                0.776173285198556,
                0.9711191335740073,
                0.0,
                0.0
            ]
        ],
        "epoches": [
            0,
            10,
            20,
            30,
            40
        ]
    },
    "train_avg_f1": {
        "best_results": [
            0.9242718446601942,
            0.8739837398373984,
            0.9853479853479854,
            0.7086247086247086,
            0.45251396648044695
        ],
        "all_results": [
            [
                0.9242718446601942,
                0.8739837398373984,
                0.9853479853479854,
                0.7086247086247086,
                0.45251396648044695
            ],
            [
                0.9242718446601942,
                0.8739837398373984,
                0.9853479853479854,
                0.0,
                0.0
            ],
            [
                0.9242718446601942,
                0.8739837398373984,
                0.9853479853479854,
                0.0,
                0.0
            ],
            [
                0.9242718446601942,
                0.8739837398373984,
                0.9853479853479854,
                0.0,
                0.0
            ],
            [
                0.9242718446601942,
                0.8739837398373984,
                0.9853479853479854,
                0.0,
                0.0
            ]
        ],
        "epoches": [
            0,
            10,
            20,
            30,
            40
        ]
    },
    "train_avg_accuracy": {
        "best_results": [
            0.8592057824134827,
            0.7761732935905457,
            0.9711191058158875,
            0.5487364530563354,
            0.7075812220573425
        ],
        "all_results": [
            [
                0.8592057824134827,
                0.7761732935905457,
                0.9711191058158875,
                0.5487364530563354,
                0.7075812220573425
            ],
            [
                0.8592057824134827,
                0.7761732935905457,
                0.9711191058158875,
                0.45126354694366455,
                0.7075812220573425
            ],
            [
                0.8592057824134827,
                0.7761732935905457,
                0.9711191058158875,
                0.45126354694366455,
                0.7075812220573425
            ],
            [
                0.8592057824134827,
                0.7761732935905457,
                0.9711191058158875,
                0.45126354694366455,
                0.7075812220573425
            ],
            [
                0.8592057824134827,
                0.7761732935905457,
                0.9711191058158875,
                0.45126354694366455,
                0.7075812220573425
            ]
        ],
        "epoches": [
            0,
            10,
            20,
            30,
            40
        ]
    },
    "val_avg_precision": {
        "best_results": [
            1.0,
            1.0,
            1.0,
            1.0,
            1.0
        ],
        "all_results": [
            [
                1.0,
                1.0,
                1.0,
                1.0,
                1.0
            ],
            [
                1.0,
                1.0,
                1.0,
                0.0,
                0.0
            ],
            [
                1.0,
                1.0,
                1.0,
                0.0,
                0.0
            ],
            [
                1.0,
                1.0,
                1.0,
                0.0,
                0.0
            ],
            [
                1.0,
                1.0,
                1.0,
                0.0,
                0.0
            ]
        ],
        "epoches": [
            0,
            10,
            20,
            30,
            40
        ]
    },
    "val_avg_recall": {
        "best_results": [
            0.8709677419354839,
            0.7096774193548387,
            0.967741935483871,
            0.6989247311827957,
            0.44086021505376344
        ],
        "all_results": [
            [
                0.8709677419354839,
                0.7096774193548387,
                0.967741935483871,
                0.6989247311827957,
                0.44086021505376344
            ],
            [
                0.8709677419354839,
                0.7096774193548387,
                0.967741935483871,
                0.0,
                0.0
            ],
            [
                0.8709677419354839,
                0.7096774193548387,
                0.967741935483871,
                0.0,
                0.0
            ],
            [
                0.8709677419354839,
                0.7096774193548387,
                0.967741935483871,
                0.0,
                0.0
            ],
            [
                0.8709677419354839,
                0.7096774193548387,
                0.967741935483871,
                0.0,
                0.0
            ]
        ],
        "epoches": [
            0,
            10,
            20,
            30,
            40
        ]
    },
    "val_avg_f1": {
        "best_results": [
            0.9310344827586207,
            0.8301886792452831,
            0.9836065573770492,
            0.8227848101265823,
            0.6119402985074627
        ],