{
    "train_avg_precision": {
        "best_results": [
            1.0,
            1.0,
            1.0,
            1.0,
            0.0
        ],
        "all_results": [
            [
                1.0,
                1.0,
                1.0,
                1.0,
                0.0
            ],
            [
                1.0,
                1.0,
                1.0,
                0.0,
                0.0
            ],
            [
                1.0,
                1.0,
                1.0,
                0.0,
                0.0
            ]
        ],
        "epoches": [
            0,
            10,
            20
        ]
    },
    "train_avg_recall": {
        "best_results": [
            0.8589743589743589,
            0.7275641025641025,
            0.967948717948718,
            0.47115384615384615,
            0.0
        ],
        "all_results": [
            [
                0.8589743589743589,
                0.7275641025641025,
                0.967948717948718,
                0.47115384615384615,
                0.0
            ],
            [
                0.8589743589743589,
                0.7275641025641025,
                0.967948717948718,
                0.0,
                0.0
            ],
            [
                0.8589743589743589,
                0.7275641025641025,
                0.967948717948718,
                0.0,
                0.0
            ]
        ],
        "epoches": [
            0,
            10,
            20
        ]
    },
    "train_avg_f1": {
        "best_results": [
            0.9241379310344827,
            0.8423005565862708,
            0.9837133550488599,
            0.6405228758169934,
            0.0
        ],
        "all_results": [
            [
                0.9241379310344827,
                0.8423005565862708,
                0.9837133550488599,
                0.6405228758169934,
                0.0
            ],
            [
                0.9241379310344827,
                0.8423005565862708,
                0.9837133550488599,
                0.0,
                0.0
            ],
            [
                0.9241379310344827,
                0.8423005565862708,
                0.9837133550488599,
                0.0,
                0.0
            ]
        ],
        "epoches": [
            0,
            10,
            20
        ]
    },
    "train_avg_accuracy": {
        "best_results": [
            0.8589743375778198,
            0.7275640964508057,
            0.9679487347602844,
            0.5288461446762085,
            0.6538461446762085
        ],
        "all_results": [
            [
                0.8589743375778198,
                0.7275640964508057,
                0.9679487347602844,
                0.5288461446762085,
                0.6538461446762085
            ],
            [
                0.8589743375778198,
                0.7275640964508057,
                0.9679487347602844,
                0.5288461446762085,
                0.6538461446762085
            ],
            [
                0.8589743375778198,
                0.7275640964508057,
                0.9679487347602844,
                0.5288461446762085,
                0.6538461446762085
            ]
        ],
        "epoches": [
            0,
            10,
            20
        ]
    },
    "val_avg_precision": {
        "best_results": [
            1.0,
            1.0,
            1.0,
            1.0,
            0.0
        ],
        "all_results": [
            [
                1.0,
                1.0,
                1.0,
                1.0,
                0.0
            ],
            [
                1.0,
                1.0,
                1.0,
                0.0,
                0.0
            ],
            [
                1.0,
                1.0,
                1.0,
                0.0,
                0.0
            ]
        ],
        "epoches": [
            0,
            10,
            20
        ]
    },
    "val_avg_recall": {
        "best_results": [
            0.8285714285714286,
            0.7428571428571429,
            0.9714285714285714,
            0.6571428571428571,
            0.0
        ],
        "all_results": [
            [
                0.8285714285714286,
                0.7428571428571429,
                0.9714285714285714,
                0.6571428571428571,
                0.0
            ],
            [
                0.8285714285714286,
                0.7428571428571429,
                0.9714285714285714,
                0.0,
                0.0
            ],
            [
                0.8285714285714286,
                0.7428571428571429,
                0.9714285714285714,
                0.0,
                0.0
            ]
        ],
        "epoches": [
            0,
            10,
            20
        ]
    },
    "val_avg_f1": {
        "best_results": [
            0.90625,
            0.8524590163934427,
            0.9855072463768115,
            0.7931034482758621,
            0.0
        ],
        "all_results": [
            [
                0.90625,
                0.8524590163934427,
                0.9855072463768115,
                0.7931034482758621,
                0.0
            ],
            [
                0.90625,
                0.8524590163934427,
                0.9855072463768115,
                0.0,
                0.0
            ],
            [
                0.90625,
                0.8524590163934427,
                0.9855072463768115,
                0.0,
                0.0
            ]
        ],
        "epoches": [
            0,
            10,
            20
        ]
    },
    "val_avg_accuracy": {
        "best_results": [
            0.8285714387893677,
            0.7428571581840515,
            0.9714285731315613,
            0.6571428775787354,
            0.5904762148857117
        ],
        "all_results": [
            [
                0.8285714387893677,
                0.7428571581840515,
                0.9714285731315613,
                0.6571428775787354,
                0.5904762148857117
            ],
            [
                0.8285714387893677,
                0.7428571581840515,
                0.9714285731315613,
                0.34285715222358704,
                0.5904762148857117
            ],
            [
                0.8285714387893677,
                0.7428571581840515,
                0.9714285731315613,
                0.34285715222358704,
                0.5904762148857117
            ]
        ],
        "epoches": [
            0,
            10,
            20
        ]
    },
    "test_avg_precision": {
        "best_results": [
            1.0,
            1.0,
            1.0,
            1.0,
            0.0
        ],
        "all_results": [
            [
                1.0,
                1.0,
                1.0,
                1.0,
                0.0
            ],
            [
                1.0,
                1.0,
                1.0,
                0.0,
                0.0
            ],
            [
                1.0,
                1.0,
                1.0,
                0.0,
                0.0
            ]
        ],
        "epoches": [
            0,
            10,
            20
        ]
    },
    "test_avg_recall": {
        "best_results": [
            0.9519230769230769,
            0.6346153846153846,
            0.9326923076923077,
            0.7211538461538461,
            0.0
        ],