{
    "train_avg_precision": {
        "best_results": [
            1.0,
            1.0,
            1.0,
            1.0,
            1.0
        ],
        "all_results": [
            [
                1.0,
                1.0,
                1.0,
                1.0,
                1.0
            ],
            [
                1.0,
                1.0,
                0.0,
                0.0,
                1.0
            ],
            [
                1.0,
                1.0,
                0.0,
                0.0,
                1.0
            ]
        ],
        "epoches": [
            0,
            10,
            20
        ]
    },
    "train_avg_recall": {
        "best_results": [
            0.911504424778761,
            0.9587020648967551,
            0.41297935103244837,
            0.4896755162241888,
            0.6696165191740413
        ],
        "all_results": [
            [
                0.911504424778761,
                0.9587020648967551,
                0.41297935103244837,
                0.4896755162241888,
                0.6696165191740413
            ],
            [
                0.911504424778761,
                0.9587020648967551,
                0.0,
                0.0,
                0.6696165191740413
            ],
            [
                0.911504424778761,
                0.9587020648967551,
                0.0,
                0.0,
                0.6696165191740413
            ]
        ],
        "epoches": [
            0,
            10,
            20
        ]
    },
    "train_avg_f1": {
        "best_results": [
            0.9537037037037037,
            0.9789156626506024,
            0.5845511482254697,
            0.6574257425742575,
            0.8021201413427562
        ],
        "all_results": [
            [
                0.9537037037037037,
                0.9789156626506024,
                0.5845511482254697,
                0.6574257425742575,
                0.8021201413427562
            ],
            [
                0.9537037037037037,
                0.9789156626506024,
                0.0,
                0.0,
                0.8021201413427562
            ],
            [
                0.9537037037037037,
                0.9789156626506024,
                0.0,
                0.0,
                0.8021201413427562
            ]
        ],
        "epoches": [
            0,
            10,
            20
        ]
    },
    "train_avg_accuracy": {
        "best_results": [
            0.9115044474601746,
            0.9587020874023438,
            0.5870206356048584,
            0.5103244781494141,
            0.6696165204048157
        ],
        "all_results": [
            [
                0.9115044474601746,
                0.9587020874023438,
                0.5870206356048584,
                0.5103244781494141,
                0.6696165204048157
            ],
            [
                0.9115044474601746,
                0.9587020874023438,
                0.5870206356048584,
                0.5103244781494141,
                0.6696165204048157
            ],
            [
                0.9115044474601746,
                0.9587020874023438,
                0.5870206356048584,
                0.5103244781494141,
                0.6696165204048157
            ]
        ],
        "epoches": [
            0,
            10,
            20
        ]
    },
    "val_avg_precision": {
        "best_results": [
            1.0,
            1.0,
            1.0,
            1.0,
            1.0
        ],
        "all_results": [
            [
                1.0,
                1.0,
                1.0,
                1.0,
                1.0
            ],
            [
                1.0,
                1.0,
                0.0,
                0.0,
                1.0
            ],
            [
                1.0,
                1.0,
                0.0,
                0.0,
                1.0
            ]
        ],
        "epoches": [
            0,
            10,
            20
        ]
    },
    "val_avg_recall": {
        "best_results": [
            0.8584070796460177,
            0.9380530973451328,
            0.4336283185840708,
            0.6194690265486725,
            0.7079646017699115
        ],
        "all_results": [
            [
                0.8584070796460177,
                0.9380530973451328,
                0.4336283185840708,
                0.6194690265486725,
                0.7079646017699115
            ],
            [
                0.8584070796460177,
                0.9380530973451328,
                0.0,
                0.0,
                0.7079646017699115
            ],
            [
                0.8584070796460177,
                0.9380530973451328,
                0.0,
                0.0,
                0.7079646017699115
            ]
        ],
        "epoches": [
            0,
            10,
            20
        ]
    },
    "val_avg_f1": {
        "best_results": [
            0.9238095238095239,
            0.9680365296803652,
            0.6049382716049383,
            0.7650273224043715,
            0.8290155440414507
        ],
        "all_results": [
            [
                0.9238095238095239,
                0.9680365296803652,
                0.6049382716049383,
                0.7650273224043715,
                0.8290155440414507
            ],
            [
                0.9238095238095239,
                0.9680365296803652,
                0.0,
                0.0,
                0.8290155440414507
            ],
            [
                0.9238095238095239,
                0.9680365296803652,
                0.0,
                0.0,
                0.8290155440414507
            ]
        ],
        "epoches": [
            0,
            10,
            20
        ]
    },
    "val_avg_accuracy": {
        "best_results": [
            0.8584070801734924,
            0.9380530714988708,
            0.5663716793060303,
            0.6194690465927124,
            0.7079645991325378
        ],
        "all_results": [
            [
                0.8584070801734924,
                0.9380530714988708,
                0.5663716793060303,
                0.6194690465927124,
                0.7079645991325378
            ],
            [
                0.8584070801734924,
                0.9380530714988708,
                0.5663716793060303,
                0.38053098320961,
                0.7079645991325378
            ],
            [
                0.8584070801734924,
                0.9380530714988708,
                0.5663716793060303,
                0.38053098320961,
                0.7079645991325378
            ]
        ],
        "epoches": [
            0,
            10,
            20
        ]
    },
    "test_avg_precision": {
        "best_results": [
            1.0,
            1.0,
            1.0,
            1.0,
            1.0
        ],
        "all_results": [
            [
                1.0,
                1.0,
                1.0,
                1.0,
                1.0
            ],
            [
                1.0,
                1.0,
                0.0,
                0.0,
                1.0
            ],
            [
                1.0,
                1.0,
                0.0,
                0.0,
                1.0
            ]
        ],
        "epoches": [
            0,
            10,
            20
        ]
    },
    "test_avg_recall": {
        "best_results": [
            0.9026548672566371,
            0.9203539823008849,
            0.48672566371681414,
            0.672566371681416,
            0.7433628318584071
        ],