{
    "train_avg_precision": {
        "best_results": [
            1.0,
            1.0,
            1.0,
            1.0,
            1.0
        ],
        "all_results": [
            [
                1.0,
                1.0,
                1.0,
                1.0,
                1.0
            ],
            [
                1.0,
                1.0,
                0.0,
                0.0,
                0.0
            ],
            [
                1.0,
                1.0,
                0.0,
                0.0,
                1.0
            ]
        ],
        "epoches": [
            0,
            10,
            20
        ]
    },
    "train_avg_recall": {
        "best_results": [
            0.8852941176470588,
            0.9764705882352941,
            0.37058823529411766,
            0.5,
            0.6705882352941176
        ],
        "all_results": [
            [
                0.8852941176470588,
                0.9764705882352941,
                0.37058823529411766,
                0.5,
                0.6705882352941176
            ],
            [
                0.8852941176470588,
                0.9764705882352941,
                0.0,
                0.0,
                0.0
            ],
            [
                0.8852941176470588,
                0.9764705882352941,
                0.0,
                0.0,
                0.6705882352941176
            ]
        ],
        "epoches": [
            0,
            10,
            20
        ]
    },
    "train_avg_f1": {
        "best_results": [
            0.9391575663026521,
            0.988095238095238,
            0.5407725321888412,
            0.6666666666666666,
            0.8028169014084507
        ],
        "all_results": [
            [
                0.9391575663026521,
                0.988095238095238,
                0.5407725321888412,
                0.6666666666666666,
                0.8028169014084507
            ],
            [
                0.9391575663026521,
                0.988095238095238,
                0.0,
                0.0,
                0.0
            ],
            [
                0.9391575663026521,
                0.988095238095238,
                0.0,
                0.0,
                0.8028169014084507
            ]
        ],
        "epoches": [
            0,
            10,
            20
        ]
    },
    "train_avg_accuracy": {
        "best_results": [
            0.8852941393852234,
            0.9764705896377563,
            0.6294117569923401,
            0.5,
            0.6705882549285889
        ],
        "all_results": [
            [
                0.8852941393852234,
                0.9764705896377563,
                0.6294117569923401,
                0.5,
                0.6705882549285889
            ],
            [
                0.8852941393852234,
                0.9764705896377563,
                0.6294117569923401,
                0.5,
                0.3294117748737335
            ],
            [
                0.8852941393852234,
                0.9764705896377563,
                0.6294117569923401,
                0.5,
                0.6705882549285889
            ]
        ],
        "epoches": [
            0,
            10,
            20
        ]
    },
    "val_avg_precision": {
        "best_results": [
            1.0,
            1.0,
            1.0,
            1.0,
            1.0
        ],
        "all_results": [
            [
                1.0,
                1.0,
                1.0,
                1.0,
                1.0
            ],
            [
                1.0,
                1.0,
                0.0,
                0.0,
                0.0
            ],
            [
                1.0,
                1.0,
                0.0,
                0.0,
                1.0
            ]
        ],
        "epoches": [
            0,
            10,
            20
        ]
    },
    "val_avg_recall": {
        "best_results": [
            0.8157894736842105,
            0.9824561403508771,
            0.5350877192982456,
            0.5614035087719298,
            0.6403508771929824
        ],
        "all_results": [
            [
                0.8157894736842105,
                0.9824561403508771,
                0.5350877192982456,
                0.5614035087719298,
                0.6403508771929824
            ],
            [
                0.8157894736842105,
                0.9824561403508771,
                0.0,
                0.0,
                0.0
            ],
            [
                0.8157894736842105,
                0.9824561403508771,
                0.0,
                0.0,
                0.6403508771929824
            ]
        ],
        "epoches": [
            0,
            10,
            20
        ]
    },
    "val_avg_f1": {
        "best_results": [
            0.898550724637681,
            0.9911504424778761,
            0.6971428571428571,
            0.7191011235955056,
            0.7807486631016043
        ],
        "all_results": [
            [
                0.898550724637681,
                0.9911504424778761,
                0.6971428571428571,
                0.7191011235955056,
                0.7807486631016043
            ],
            [
                0.898550724637681,
                0.9911504424778761,
                0.0,
                0.0,
                0.0
            ],
            [
                0.898550724637681,
                0.9911504424778761,
                0.0,
                0.0,
                0.7807486631016043
            ]
        ],
        "epoches": [
            0,
            10,
            20
        ]
    },
    "val_avg_accuracy": {
        "best_results": [
            0.8157894611358643,
            0.9824561476707458,
            0.5350877046585083,
            0.5614035129547119,
            0.640350878238678
        ],
        "all_results": [
            [
                0.8157894611358643,
                0.9824561476707458,
                0.5350877046585083,
                0.5614035129547119,
                0.640350878238678
            ],
            [
                0.8157894611358643,
                0.9824561476707458,
                0.4649122953414917,
                0.4385964870452881,
                0.359649121761322
            ],
            [
                0.8157894611358643,
                0.9824561476707458,
                0.4649122953414917,
                0.4385964870452881,
                0.640350878238678
            ]
        ],
        "epoches": [
            0,
            10,
            20
        ]
    },
    "test_avg_precision": {
        "best_results": [
            1.0,
            1.0,
            1.0,
            1.0,
            1.0
        ],
        "all_results": [
            [
                1.0,
                1.0,
                1.0,
                1.0,
                1.0
            ],
            [
                1.0,
                1.0,
                0.0,
                0.0,
                0.0
            ],
            [
                1.0,
                1.0,
                0.0,
                0.0,
                1.0
            ]
        ],
        "epoches": [
            0,
            10,
            20
        ]
    },
    "test_avg_recall": {
        "best_results": [
            0.9380530973451328,
            0.911504424778761,
            0.4424778761061947,
            0.584070796460177,
            0.7876106194690266
        ],