{
    "train_avg_precision": {
        "best_results": [
            1.0,
            1.0,
            1.0,
            1.0,
            1.0
        ],
        "all_results": [
            [
                1.0,
                1.0,
                1.0,
                1.0,
                1.0
            ],
            [
                1.0,
                1.0,
                0.0,
                1.0,
                0.0
            ],
            [
                1.0,
                1.0,
                0.0,
                1.0,
                0.0
            ]
        ],
        "epoches": [
            0,
            10,
            20
        ]
    },
    "train_avg_recall": {
        "best_results": [
            0.8489425981873112,
            0.9637462235649547,
            0.5105740181268882,
            0.6676737160120846,
            0.3957703927492447
        ],
        "all_results": [
            [
                0.8489425981873112,
                0.9637462235649547,
                0.5105740181268882,
                0.6676737160120846,
                0.3957703927492447
            ],
            [
                0.8489425981873112,
                0.9637462235649547,
                0.0,
                0.6676737160120846,
                0.0
            ],
            [
                0.8489425981873112,
                0.9637462235649547,
                0.0,
                0.6676737160120846,
                0.0
            ]
        ],
        "epoches": [
            0,
            10,
            20
        ]
    },
    "train_avg_f1": {
        "best_results": [
            0.9183006535947712,
            0.9815384615384616,
            0.676,
            0.8007246376811594,
            0.5670995670995671
        ],
        "all_results": [
            [
                0.9183006535947712,
                0.9815384615384616,
                0.676,
                0.8007246376811594,
                0.5670995670995671
            ],
            [
                0.9183006535947712,
                0.9815384615384616,
                0.0,
                0.8007246376811594,
                0.0
            ],
            [
                0.9183006535947712,
                0.9815384615384616,
                0.0,
                0.8007246376811594,
                0.0
            ]
        ],
        "epoches": [
            0,
            10,
            20
        ]
    },
    "train_avg_accuracy": {
        "best_results": [
            0.8489425778388977,
            0.9637462496757507,
            0.5105740427970886,
            0.6676737070083618,
            0.6042296290397644
        ],
        "all_results": [
            [
                0.8489425778388977,
                0.9637462496757507,
                0.5105740427970886,
                0.6676737070083618,
                0.6042296290397644
            ],
            [
                0.8489425778388977,
                0.9637462496757507,
                0.48942598700523376,
                0.6676737070083618,
                0.6042296290397644
            ],
            [
                0.8489425778388977,
                0.9637462496757507,
                0.48942598700523376,
                0.6676737070083618,
                0.6042296290397644
            ]
        ],
        "epoches": [
            0,
            10,
            20
        ]
    },
    "val_avg_precision": {
        "best_results": [
            1.0,
            1.0,
            1.0,
            1.0,
            1.0
        ],
        "all_results": [
            [
                1.0,
                1.0,
                1.0,
                1.0,
                1.0
            ],
            [
                1.0,
                1.0,
                0.0,
                1.0,
                0.0
            ],
            [
                1.0,
                1.0,
                0.0,
                1.0,
                0.0
            ]
        ],
        "epoches": [
            0,
            10,
            20
        ]
    },
    "val_avg_recall": {
        "best_results": [
            0.8918918918918919,
            0.9279279279279279,
            0.5225225225225225,
            0.7117117117117117,
            0.44144144144144143
        ],
        "all_results": [
            [
                0.8918918918918919,
                0.9279279279279279,
                0.5225225225225225,
                0.7117117117117117,
                0.44144144144144143
            ],
            [
                0.8918918918918919,
                0.9279279279279279,
                0.0,
                0.7117117117117117,
                0.0
            ],
            [
                0.8918918918918919,
                0.9279279279279279,
                0.0,
                0.7117117117117117,
                0.0
            ]
        ],
        "epoches": [
            0,
            10,
            20
        ]
    },
    "val_avg_f1": {
        "best_results": [
            0.9428571428571428,
            0.9626168224299065,
            0.6863905325443787,
            0.8315789473684211,
            0.6125
        ],
        "all_results": [
            [
                0.9428571428571428,
                0.9626168224299065,
                0.6863905325443787,
                0.8315789473684211,
                0.6125
            ],
            [
                0.9428571428571428,
                0.9626168224299065,
                0.0,
                0.8315789473684211,
                0.0
            ],
            [
                0.9428571428571428,
                0.9626168224299065,
                0.0,
                0.8315789473684211,
                0.0
            ]
        ],
        "epoches": [
            0,
            10,
            20
        ]
    },
    "val_avg_accuracy": {
        "best_results": [
            0.8918918967247009,
            0.9279279112815857,
            0.522522509098053,
            0.7117117047309875,
            0.5585585832595825
        ],
        "all_results": [
            [
                0.8918918967247009,
                0.9279279112815857,
                0.522522509098053,
                0.7117117047309875,
                0.5585585832595825
            ],
            [
                0.8918918967247009,
                0.9279279112815857,
                0.477477490901947,
                0.7117117047309875,
                0.5585585832595825
            ],
            [
                0.8918918967247009,
                0.9279279112815857,
                0.477477490901947,
                0.7117117047309875,
                0.5585585832595825
            ]
        ],
        "epoches": [
            0,
            10,
            20
        ]
    },
    "test_avg_precision": {
        "best_results": [
            1.0,
            1.0,
            1.0,
            1.0,
            1.0
        ],
        "all_results": [
            [
                1.0,
                1.0,
                1.0,
                1.0,
                1.0
            ],
            [
                1.0,
                1.0,
                0.0,
                1.0,
                0.0
            ],
            [
                1.0,
                1.0,
                0.0,
                1.0,
                0.0
            ]
        ],
        "epoches": [
            0,
            10,
            20
        ]
    },
    "test_avg_recall": {
        "best_results": [
            0.9545454545454546,
            0.9090909090909091,
            0.6636363636363637,
            0.6454545454545455,
            0.5272727272727272
        ],