{
    "train_avg_precision": {
        "best_results": [
            1.0,
            1.0,
            1.0,
            0.0,
            1.0
        ],
        "all_results": [
            [
                1.0,
                1.0,
                1.0,
                0.0,
                1.0
            ],
            [
                1.0,
                1.0,
                0.0,
                0.0,
                1.0
            ],
            [
                1.0,
                1.0,
                0.0,
                0.0,
                1.0
            ]
        ],
        "epoches": [
            0,
            10,
            20
        ]
    },
    "train_avg_recall": {
        "best_results": [
            0.8539325842696629,
            0.9700374531835206,
            0.3408239700374532,
            0.0,
            0.7116104868913857
        ],
        "all_results": [
            [
                0.8539325842696629,
                0.9700374531835206,
                0.3408239700374532,
                0.0,
                0.7116104868913857
            ],
            [
                0.8539325842696629,
                0.9700374531835206,
                0.0,
                0.0,
                0.7116104868913857
            ],
            [
                0.8539325842696629,
                0.9700374531835206,
                0.0,
                0.0,
                0.7116104868913857
            ]
        ],
        "epoches": [
            0,
            10,
            20
        ]
    },
    "train_avg_f1": {
        "best_results": [
            0.9212121212121213,
            0.9847908745247149,
            0.5083798882681565,
            0.0,
            0.8315098468271335
        ],
        "all_results": [
            [
                0.9212121212121213,
                0.9847908745247149,
                0.5083798882681565,
                0.0,
                0.8315098468271335
            ],
            [
                0.9212121212121213,
                0.9847908745247149,
                0.0,
                0.0,
                0.8315098468271335
            ],
            [
                0.9212121212121213,
                0.9847908745247149,
                0.0,
                0.0,
                0.8315098468271335
            ]
        ],
        "epoches": [
            0,
            10,
            20
        ]
    },
    "train_avg_accuracy": {
        "best_results": [
            0.8539325594902039,
            0.9700374603271484,
            0.6591760516166687,
            0.5917602777481079,
            0.7116104960441589
        ],
        "all_results": [
            [
                0.8539325594902039,
                0.9700374603271484,
                0.6591760516166687,
                0.5917602777481079,
                0.7116104960441589
            ],
            [
                0.8539325594902039,
                0.9700374603271484,
                0.6591760516166687,
                0.5917602777481079,
                0.7116104960441589
            ],
            [
                0.8539325594902039,
                0.9700374603271484,
                0.6591760516166687,
                0.5917602777481079,
                0.7116104960441589
            ]
        ],
        "epoches": [
            0,
            10,
            20
        ]
    },
    "val_avg_precision": {
        "best_results": [
            1.0,
            1.0,
            1.0,
            0.0,
            1.0
        ],
        "all_results": [
            [
                1.0,
                1.0,
                1.0,
                0.0,
                1.0
            ],
            [
                1.0,
                1.0,
                0.0,
                0.0,
                1.0
            ],
            [
                1.0,
                1.0,
                0.0,
                0.0,
                1.0
            ]
        ],
        "epoches": [
            0,
            10,
            20
        ]
    },
    "val_avg_recall": {
        "best_results": [
            0.8764044943820225,
            0.9550561797752809,
            0.4606741573033708,
            0.0,
            0.6629213483146067
        ],
        "all_results": [
            [
                0.8764044943820225,
                0.9550561797752809,
                0.4606741573033708,
                0.0,
                0.6629213483146067
            ],
            [
                0.8764044943820225,
                0.9550561797752809,
                0.0,
                0.0,
                0.6629213483146067
            ],
            [
                0.8764044943820225,
                0.9550561797752809,
                0.0,
                0.0,
                0.6629213483146067
            ]
        ],
        "epoches": [
            0,
            10,
            20
        ]
    },
    "val_avg_f1": {
        "best_results": [
            0.9341317365269461,
            0.9770114942528736,
            0.6307692307692307,
            0.0,
            0.7972972972972973
        ],
        "all_results": [
            [
                0.9341317365269461,
                0.9770114942528736,
                0.6307692307692307,
                0.0,
                0.7972972972972973
            ],
            [
                0.9341317365269461,
                0.9770114942528736,
                0.0,
                0.0,
                0.7972972972972973
            ],
            [
                0.9341317365269461,
                0.9770114942528736,
                0.0,
                0.0,
                0.7972972972972973
            ]
        ],
        "epoches": [
            0,
            10,
            20
        ]
    },
    "val_avg_accuracy": {
        "best_results": [
            0.8764045238494873,
            0.9550561904907227,
            0.5393258333206177,
            0.40449437499046326,
            0.6629213690757751
        ],
        "all_results": [
            [
                0.8764045238494873,
                0.9550561904907227,
                0.5393258333206177,
                0.40449437499046326,
                0.6629213690757751
            ],
            [
                0.8764045238494873,
                0.9550561904907227,
                0.5393258333206177,
                0.40449437499046326,
                0.6629213690757751
            ],
            [
                0.8764045238494873,
                0.9550561904907227,
                0.5393258333206177,
                0.40449437499046326,
                0.6629213690757751
            ]
        ],
        "epoches": [
            0,
            10,
            20
        ]
    },
    "test_avg_precision": {
        "best_results": [
            1.0,
            1.0,
            1.0,
            0.0,
            1.0
        ],
        "all_results": [
            [
                1.0,
                1.0,
                1.0,
                0.0,
                1.0
            ],
            [
                1.0,
                1.0,
                0.0,
                0.0,
                1.0
            ],
            [
                1.0,
                1.0,
                0.0,
                0.0,
                1.0
            ]
        ],
        "epoches": [
            0,
            10,
            20
        ]
    },
    "test_avg_recall": {
        "best_results": [
            0.9213483146067416,
            0.9101123595505618,
            0.4943820224719101,
            0.0,
            0.7415730337078652
        ],