{
    "train_avg_precision": {
        "best_results": [
            1.0,
            1.0,
            1.0,
            1.0,
            0.0
        ],
        "all_results": [
            [
                1.0,
                1.0,
                1.0,
                1.0,
                0.0
            ],
            [
                1.0,
                1.0,
                1.0,
                0.0,
                0.0
            ],
            [
                1.0,
                1.0,
                1.0,
                0.0,
                0.0
            ],
            [
                1.0,
                1.0,
                1.0,
                0.0,
                0.0
            ],
            [
                1.0,
                1.0,
                1.0,
                0.0,
                0.0
            ]
        ],
        "epoches": [
            0,
            10,
            20,
            30,
            40
        ]
    },
    "train_avg_recall": {
        "best_results": [
            0.8740740740740741,
            0.7592592592592593,
            0.9703703703703703,
            0.2777777777777778,
            0.0
        ],
        "all_results": [
            [
                0.8740740740740741,
                0.7592592592592593,
                0.9703703703703703,
                0.2777777777777778,
                0.0
            ],
            [
                0.8740740740740741,
                0.7592592592592593,
                0.9703703703703703,
                0.0,
                0.0
            ],
            [
                0.8740740740740741,
                0.7592592592592593,
                0.9703703703703703,
                0.0,
                0.0
            ],
            [
                0.8740740740740741,
                0.7592592592592593,
                0.9703703703703703,
                0.0,
                0.0
            ],
            [
                0.8740740740740741,
                0.7592592592592593,
                0.9703703703703703,
                0.0,
                0.0
            ]
        ],
        "epoches": [
            0,
            10,
            20,
            30,
            40
        ]
    },
    "train_avg_f1": {
        "best_results": [
            0.9328063241106719,
            0.8631578947368421,
            0.9849624060150376,
            0.4347826086956522,
            0.0
        ],
        "all_results": [
            [
                0.9328063241106719,
                0.8631578947368421,
                0.9849624060150376,
                0.4347826086956522,
                0.0
            ],
            [
                0.9328063241106719,
                0.8631578947368421,
                0.9849624060150376,
                0.0,
                0.0
            ],
            [
                0.9328063241106719,
                0.8631578947368421,
                0.9849624060150376,
                0.0,
                0.0
            ],
            [
                0.9328063241106719,
                0.8631578947368421,
                0.9849624060150376,
                0.0,
                0.0
            ],
            [
                0.9328063241106719,
                0.8631578947368421,
                0.9849624060150376,
                0.0,
                0.0
            ]
        ],
        "epoches": [
            0,
            10,
            20,
            30,
            40
        ]
    },
    "train_avg_accuracy": {
        "best_results": [
            0.8740741014480591,
            0.7592592835426331,
            0.970370352268219,
            0.7222222089767456,
            0.5370370149612427
        ],
        "all_results": [
            [
                0.8740741014480591,
                0.7592592835426331,
                0.970370352268219,
                0.7222222089767456,
                0.5370370149612427
            ],
            [
                0.8740741014480591,
                0.7592592835426331,
                0.970370352268219,
                0.7222222089767456,
                0.5370370149612427
            ],
            [
                0.8740741014480591,
                0.7592592835426331,
                0.970370352268219,
                0.7222222089767456,
                0.5370370149612427
            ],
            [
                0.8740741014480591,
                0.7592592835426331,
                0.970370352268219,
                0.7222222089767456,
                0.5370370149612427
            ],
            [
                0.8740741014480591,
                0.7592592835426331,
                0.970370352268219,
                0.7222222089767456,
                0.5370370149612427
            ]
        ],
        "epoches": [
            0,
            10,
            20,
            30,
            40
        ]
    },
    "val_avg_precision": {
        "best_results": [
            1.0,
            1.0,
            1.0,
            1.0,
            0.0
        ],
        "all_results": [
            [
                1.0,
                1.0,
                1.0,
                1.0,
                0.0
            ],
            [
                1.0,
                1.0,
                1.0,
                0.0,
                0.0
            ],
            [
                1.0,
                1.0,
                1.0,
                0.0,
                0.0
            ],
            [
                1.0,
                1.0,
                1.0,
                0.0,
                0.0
            ],
            [
                1.0,
                1.0,
                1.0,
                0.0,
                0.0
            ]
        ],
        "epoches": [
            0,
            10,
            20,
            30,
            40
        ]
    },
    "val_avg_recall": {
        "best_results": [
            0.9333333333333333,
            0.7333333333333333,
            0.9222222222222223,
            0.35555555555555557,
            0.0
        ],
        "all_results": [
            [
                0.9333333333333333,
                0.7333333333333333,
                0.9222222222222223,
                0.35555555555555557,
                0.0
            ],
            [
                0.9333333333333333,
                0.7333333333333333,
                0.9222222222222223,
                0.0,
                0.0
            ],
            [
                0.9333333333333333,
                0.7333333333333333,
                0.9222222222222223,
                0.0,
                0.0
            ],
            [
                0.9333333333333333,
                0.7333333333333333,
                0.9222222222222223,
                0.0,
                0.0
            ],
            [
                0.9333333333333333,
                0.7333333333333333,
                0.9222222222222223,
                0.0,
                0.0
            ]
        ],
        "epoches": [
            0,
            10,
            20,
            30,
            40
        ]
    },
    "val_avg_f1": {
        "best_results": [
            0.9655172413793104,
            0.846153846153846,
            0.9595375722543353,
            0.5245901639344263,
            0.0
        ],