{
    "train_avg_precision": {
        "best_results": [
            1.0,
            1.0,
            1.0,
            1.0,
            0.0
        ],
        "all_results": [
            [
                1.0,
                1.0,
                1.0,
                1.0,
                0.0
            ],
            [
                1.0,
                1.0,
                1.0,
                0.0,
                0.0
            ],
            [
                1.0,
                1.0,
                1.0,
                0.0,
                0.0
            ],
            [
                1.0,
                1.0,
                1.0,
                0.0,
                0.0
            ]
        ],
        "epoches": [
            0,
            10,
            20,
            30
        ]
    },
    "train_avg_recall": {
        "best_results": [
            0.8921161825726142,
            0.6929460580912863,
            0.979253112033195,
            0.29045643153526973,
            0.0
        ],
        "all_results": [
            [
                0.8921161825726142,
                0.6929460580912863,
                0.979253112033195,
                0.29045643153526973,
                0.0
            ],
            [
                0.8921161825726142,
                0.6929460580912863,
                0.979253112033195,
                0.0,
                0.0
            ],
            [
                0.8921161825726142,
                0.6929460580912863,
                0.979253112033195,
                0.0,
                0.0
            ],
            [
                0.8921161825726142,
                0.6929460580912863,
                0.979253112033195,
                0.0,
                0.0
            ]
        ],
        "epoches": [
            0,
            10,
            20,
            30
        ]
    },
    "train_avg_f1": {
        "best_results": [
            0.9429824561403509,
            0.8186274509803921,
            0.9895178197064989,
            0.45016077170418006,
            0.0
        ],
        "all_results": [
            [
                0.9429824561403509,
                0.8186274509803921,
                0.9895178197064989,
                0.45016077170418006,
                0.0
            ],
            [
                0.9429824561403509,
                0.8186274509803921,
                0.9895178197064989,
                0.0,
                0.0
            ],
            [
                0.9429824561403509,
                0.8186274509803921,
                0.9895178197064989,
                0.0,
                0.0
            ],
            [
                0.9429824561403509,
                0.8186274509803921,
                0.9895178197064989,
                0.0,
                0.0
            ]
        ],
        "epoches": [
            0,
            10,
            20,
            30
        ]
    },
    "train_avg_accuracy": {
        "best_results": [
            0.8921161890029907,
            0.6929460763931274,
            0.9792531132698059,
            0.7095435857772827,
            0.5850622653961182
        ],
        "all_results": [
            [
                0.8921161890029907,
                0.6929460763931274,
                0.9792531132698059,
                0.7095435857772827,
                0.5850622653961182
            ],
            [
                0.8921161890029907,
                0.6929460763931274,
                0.9792531132698059,
                0.7095435857772827,
                0.5850622653961182
            ],
            [
                0.8921161890029907,
                0.6929460763931274,
                0.9792531132698059,
                0.7095435857772827,
                0.5850622653961182
            ],
            [
                0.8921161890029907,
                0.6929460763931274,
                0.9792531132698059,
                0.7095435857772827,
                0.5850622653961182
            ]
        ],
        "epoches": [
            0,
            10,
            20,
            30
        ]
    },
    "val_avg_precision": {
        "best_results": [
            1.0,
            1.0,
            1.0,
            1.0,
            0.0
        ],
        "all_results": [
            [
                1.0,
                1.0,
                1.0,
                1.0,
                0.0
            ],
            [
                1.0,
                1.0,
                1.0,
                0.0,
                0.0
            ],
            [
                1.0,
                1.0,
                1.0,
                0.0,
                0.0
            ],
            [
                1.0,
                1.0,
                1.0,
                0.0,
                0.0
            ]
        ],
        "epoches": [
            0,
            10,
            20,
            30
        ]
    },
    "val_avg_recall": {
        "best_results": [
            0.8641975308641975,
            0.7037037037037037,
            0.9506172839506173,
            0.38271604938271603,
            0.0
        ],
        "all_results": [
            [
                0.8641975308641975,
                0.7037037037037037,
                0.9506172839506173,
                0.38271604938271603,
                0.0
            ],
            [
                0.8641975308641975,
                0.7037037037037037,
                0.9506172839506173,
                0.0,
                0.0
            ],
            [
                0.8641975308641975,
                0.7037037037037037,
                0.9506172839506173,
                0.0,
                0.0
            ],
            [
                0.8641975308641975,
                0.7037037037037037,
                0.9506172839506173,
                0.0,
                0.0
            ]
        ],
        "epoches": [
            0,
            10,
            20,
            30
        ]
    },
    "val_avg_f1": {
        "best_results": [
            0.9271523178807948,
            0.8260869565217391,
            0.9746835443037974,
            0.5535714285714286,
            0.0
        ],
        "all_results": [
            [
                0.9271523178807948,
                0.8260869565217391,
                0.9746835443037974,
                0.5535714285714286,
                0.0
            ],
            [
                0.9271523178807948,
                0.8260869565217391,
                0.9746835443037974,
                0.0,
                0.0
            ],
            [
                0.9271523178807948,
                0.8260869565217391,
                0.9746835443037974,
                0.0,
                0.0
            ],
            [
                0.9271523178807948,
                0.8260869565217391,
                0.9746835443037974,
                0.0,
                0.0
            ]
        ],
        "epoches": [
            0,
            10,
            20,
            30
        ]
    },
    "val_avg_accuracy": {
        "best_results": [
            0.8641975522041321,
            0.7037037014961243,
            0.9506173133850098,
            0.6172839403152466,
            0.395061731338501
        ],