{
    "train_avg_precision": {
        "best_results": [
            1.0,
            1.0,
            1.0,
            0.0,
            0.0
        ],
        "all_results": [
            [
                1.0,
                1.0,
                1.0,
                0.0,
                0.0
            ],
            [
                1.0,
                1.0,
                1.0,
                0.0,
                0.0
            ],
            [
                1.0,
                1.0,
                1.0,
                0.0,
                0.0
            ]
        ],
        "epoches": [
            0,
            10,
            20
        ]
    },
    "train_avg_recall": {
        "best_results": [
            0.8557692307692307,
            0.6666666666666666,
            0.9775641025641025,
            0.0,
            0.0
        ],
        "all_results": [
            [
                0.8557692307692307,
                0.6666666666666666,
                0.9775641025641025,
                0.0,
                0.0
            ],
            [
                0.8557692307692307,
                0.6666666666666666,
                0.9775641025641025,
                0.0,
                0.0
            ],
            [
                0.8557692307692307,
                0.6666666666666666,
                0.9775641025641025,
                0.0,
                0.0
            ]
        ],
        "epoches": [
            0,
            10,
            20
        ]
    },
    "train_avg_f1": {
        "best_results": [
            0.9222797927461139,
            0.8,
            0.9886547811993517,
            0.0,
            0.0
        ],
        "all_results": [
            [
                0.9222797927461139,
                0.8,
                0.9886547811993517,
                0.0,
                0.0
            ],
            [
                0.9222797927461139,
                0.8,
                0.9886547811993517,
                0.0,
                0.0
            ],
            [
                0.9222797927461139,
                0.8,
                0.9886547811993517,
                0.0,
                0.0
            ]
        ],
        "epoches": [
            0,
            10,
            20
        ]
    },
    "train_avg_accuracy": {
        "best_results": [
            0.8557692170143127,
            0.6666666865348816,
            0.9775640964508057,
            0.5384615659713745,
            0.6217948794364929
        ],
        "all_results": [
            [
                0.8557692170143127,
                0.6666666865348816,
                0.9775640964508057,
                0.5384615659713745,
                0.6217948794364929
            ],
            [
                0.8557692170143127,
                0.6666666865348816,
                0.9775640964508057,
                0.5384615659713745,
                0.6217948794364929
            ],
            [
                0.8557692170143127,
                0.6666666865348816,
                0.9775640964508057,
                0.5384615659713745,
                0.6217948794364929
            ]
        ],
        "epoches": [
            0,
            10,
            20
        ]
    },
    "val_avg_precision": {
        "best_results": [
            1.0,
            1.0,
            1.0,
            0.0,
            0.0
        ],
        "all_results": [
            [
                1.0,
                1.0,
                1.0,
                0.0,
                0.0
            ],
            [
                1.0,
                1.0,
                1.0,
                0.0,
                0.0
            ],
            [
                1.0,
                1.0,
                1.0,
                0.0,
                0.0
            ]
        ],
        "epoches": [
            0,
            10,
            20
        ]
    },
    "val_avg_recall": {
        "best_results": [
            0.9333333333333333,
            0.7142857142857143,
            0.9333333333333333,
            0.0,
            0.0
        ],
        "all_results": [
            [
                0.9333333333333333,
                0.7142857142857143,
                0.9333333333333333,
                0.0,
                0.0
            ],
            [
                0.9333333333333333,
                0.7142857142857143,
                0.9333333333333333,
                0.0,
                0.0
            ],
            [
                0.9333333333333333,
                0.7142857142857143,
                0.9333333333333333,
                0.0,
                0.0
            ]
        ],
        "epoches": [
            0,
            10,
            20
        ]
    },
    "val_avg_f1": {
        "best_results": [
            0.9655172413793104,
            0.8333333333333333,
            0.9655172413793104,
            0.0,
            0.0
        ],
        "all_results": [
            [
                0.9655172413793104,
                0.8333333333333333,
                0.9655172413793104,
                0.0,
                0.0
            ],
            [
                0.9655172413793104,
                0.8333333333333333,
                0.9655172413793104,
                0.0,
                0.0
            ],
            [
                0.9655172413793104,
                0.8333333333333333,
                0.9655172413793104,
                0.0,
                0.0
            ]
        ],
        "epoches": [
            0,
            10,
            20
        ]
    },
    "val_avg_accuracy": {
        "best_results": [
            0.9333333373069763,
            0.7142857313156128,
            0.9333333373069763,
            0.3619047701358795,
            0.5428571701049805
        ],
        "all_results": [
            [
                0.9333333373069763,
                0.7142857313156128,
                0.9333333373069763,
                0.3619047701358795,
                0.5428571701049805
            ],
            [
                0.9333333373069763,
                0.7142857313156128,
                0.9333333373069763,
                0.3619047701358795,
                0.5428571701049805
            ],
            [
                0.9333333373069763,
                0.7142857313156128,
                0.9333333373069763,
                0.3619047701358795,
                0.5428571701049805
            ]
        ],
        "epoches": [
            0,
            10,
            20
        ]
    },
    "test_avg_precision": {
        "best_results": [
            1.0,
            1.0,
            1.0,
            0.0,
            0.0
        ],
        "all_results": [
            [
                1.0,
                1.0,
                1.0,
                0.0,
                0.0
            ],
            [
                1.0,
                1.0,
                1.0,
                0.0,
                0.0
            ],
            [
                1.0,
                1.0,
                1.0,
                0.0,
                0.0
            ]
        ],
        "epoches": [
            0,
            10,
            20
        ]
    },
    "test_avg_recall": {
        "best_results": [
            0.9519230769230769,
            0.8076923076923077,
            0.9423076923076923,
            0.0,
            0.0
        ],