{
    "train_avg_precision": {
        "best_results": [
            1.0,
            1.0,
            0.0,
            1.0,
            1.0
        ],
        "all_results": [
            [
                1.0,
                1.0,
                0.0,
                1.0,
                1.0
            ],
            [
                1.0,
                1.0,
                0.0,
                0.0,
                0.0
            ],
            [
                1.0,
                1.0,
                0.0,
                0.0,
                0.0
            ]
        ],
        "epoches": [
            0,
            10,
            20
        ]
    },
    "train_avg_recall": {
        "best_results": [
            0.9027237354085603,
            0.9883268482490273,
            0.0,
            0.6867704280155642,
            0.5038910505836576
        ],
        "all_results": [
            [
                0.9027237354085603,
                0.9883268482490273,
                0.0,
                0.6867704280155642,
                0.5038910505836576
            ],
            [
                0.9027237354085603,
                0.9883268482490273,
                0.0,
                0.0,
                0.0
            ],
            [
                0.9027237354085603,
                0.9883268482490273,
                0.0,
                0.0,
                0.0
            ]
        ],
        "epoches": [
            0,
            10,
            20
        ]
    },
    "train_avg_f1": {
        "best_results": [
            0.948875255623722,
            0.9941291585127202,
            0.0,
            0.8143021914648212,
            0.6701164294954721
        ],
        "all_results": [
            [
                0.948875255623722,
                0.9941291585127202,
                0.0,
                0.8143021914648212,
                0.6701164294954721
            ],
            [
                0.948875255623722,
                0.9941291585127202,
                0.0,
                0.0,
                0.0
            ],
            [
                0.948875255623722,
                0.9941291585127202,
                0.0,
                0.0,
                0.0
            ]
        ],
        "epoches": [
            0,
            10,
            20
        ]
    },
    "train_avg_accuracy": {
        "best_results": [
            0.9027237296104431,
            0.9883268475532532,
            0.533073902130127,
            0.6867704391479492,
            0.5038910508155823
        ],
        "all_results": [
            [
                0.9027237296104431,
                0.9883268475532532,
                0.533073902130127,
                0.6867704391479492,
                0.5038910508155823
            ],
            [
                0.9027237296104431,
                0.9883268475532532,
                0.533073902130127,
                0.3132295608520508,
                0.4961089491844177
            ],
            [
                0.9027237296104431,
                0.9883268475532532,
                0.533073902130127,
                0.3132295608520508,
                0.4961089491844177
            ]
        ],
        "epoches": [
            0,
            10,
            20
        ]
    },
    "val_avg_precision": {
        "best_results": [
            1.0,
            1.0,
            0.0,
            1.0,
            1.0
        ],
        "all_results": [
            [
                1.0,
                1.0,
                0.0,
                1.0,
                1.0
            ],
            [
                1.0,
                1.0,
                0.0,
                0.0,
                0.0
            ],
            [
                1.0,
                1.0,
                0.0,
                0.0,
                0.0
            ]
        ],
        "epoches": [
            0,
            10,
            20
        ]
    },
    "val_avg_recall": {
        "best_results": [
            0.8313953488372093,
            0.9476744186046512,
            0.0,
            0.7790697674418605,
            0.627906976744186
        ],
        "all_results": [
            [
                0.8313953488372093,
                0.9476744186046512,
                0.0,
                0.7790697674418605,
                0.627906976744186
            ],
            [
                0.8313953488372093,
                0.9476744186046512,
                0.0,
                0.0,
                0.0
            ],
            [
                0.8313953488372093,
                0.9476744186046512,
                0.0,
                0.0,
                0.0
            ]
        ],
        "epoches": [
            0,
            10,
            20
        ]
    },
    "val_avg_f1": {
        "best_results": [
            0.9079365079365079,
            0.973134328358209,
            0.0,
            0.8758169934640523,
            0.7714285714285715
        ],
        "all_results": [
            [
                0.9079365079365079,
                0.973134328358209,
                0.0,
                0.8758169934640523,
                0.7714285714285715
            ],
            [
                0.9079365079365079,
                0.973134328358209,
                0.0,
                0.0,
                0.0
            ],
            [
                0.9079365079365079,
                0.973134328358209,
                0.0,
                0.0,
                0.0
            ]
        ],
        "epoches": [
            0,
            10,
            20
        ]
    },
    "val_avg_accuracy": {
        "best_results": [
            0.8313953280448914,
            0.9476743936538696,
            0.49418604373931885,
            0.7790697813034058,
            0.6279069781303406
        ],
        "all_results": [
            [
                0.8313953280448914,
                0.9476743936538696,
                0.49418604373931885,
                0.7790697813034058,
                0.6279069781303406
            ],
            [
                0.8313953280448914,
                0.9476743936538696,
                0.49418604373931885,
                0.22093023359775543,
                0.3720930218696594
            ],
            [
                0.8313953280448914,
                0.9476743936538696,
                0.49418604373931885,
                0.22093023359775543,
                0.3720930218696594
            ]
        ],
        "epoches": [
            0,
            10,
            20
        ]
    },
    "test_avg_precision": {
        "best_results": [
            1.0,
            1.0,
            0.0,
            1.0,
            1.0
        ],
        "all_results": [
            [
                1.0,
                1.0,
                0.0,
                1.0,
                1.0
            ],
            [
                1.0,
                1.0,
                0.0,
                0.0,
                0.0
            ],
            [
                1.0,
                1.0,
                0.0,
                0.0,
                0.0
            ]
        ],
        "epoches": [
            0,
            10,
            20
        ]
    },
    "test_avg_recall": {
        "best_results": [
            0.9064327485380117,
            0.7953216374269005,
            0.0,
            0.7602339181286549,
            0.6549707602339181
        ],