{
    "train_avg_precision": {
        "best_results": [
            1.0,
            1.0,
            0.0,
            1.0,
            0.0
        ],
        "all_results": [
            [
                1.0,
                1.0,
                0.0,
                1.0,
                0.0
            ],
            [
                1.0,
                1.0,
                0.0,
                1.0,
                0.0
            ],
            [
                1.0,
                1.0,
                0.0,
                1.0,
                0.0
            ]
        ],
        "epoches": [
            0,
            10,
            20
        ]
    },
    "train_avg_recall": {
        "best_results": [
            0.8803418803418803,
            0.6752136752136753,
            0.0,
            0.9700854700854701,
            0.0
        ],
        "all_results": [
            [
                0.8803418803418803,
                0.6752136752136753,
                0.0,
                0.9700854700854701,
                0.0
            ],
            [
                0.8803418803418803,
                0.6752136752136753,
                0.0,
                0.9700854700854701,
                0.0
            ],
            [
                0.8803418803418803,
                0.6752136752136753,
                0.0,
                0.9700854700854701,
                0.0
            ]
        ],
        "epoches": [
            0,
            10,
            20
        ]
    },
    "train_avg_f1": {
        "best_results": [
            0.9363636363636364,
            0.8061224489795918,
            0.0,
            0.9848156182212581,
            0.0
        ],
        "all_results": [
            [
                0.9363636363636364,
                0.8061224489795918,
                0.0,
                0.9848156182212581,
                0.0
            ],
            [
                0.9363636363636364,
                0.8061224489795918,
                0.0,
                0.9848156182212581,
                0.0
            ],
            [
                0.9363636363636364,
                0.8061224489795918,
                0.0,
                0.9848156182212581,
                0.0
            ]
        ],
        "epoches": [
            0,
            10,
            20
        ]
    },
    "train_avg_accuracy": {
        "best_results": [
            0.8803418874740601,
            0.6752136945724487,
            0.5064102411270142,
            0.9700854420661926,
            0.561965823173523
        ],
        "all_results": [
            [
                0.8803418874740601,
                0.6752136945724487,
                0.5064102411270142,
                0.9700854420661926,
                0.561965823173523
            ],
            [
                0.8803418874740601,
                0.6752136945724487,
                0.5064102411270142,
                0.9700854420661926,
                0.561965823173523
            ],
            [
                0.8803418874740601,
                0.6752136945724487,
                0.5064102411270142,
                0.9700854420661926,
                0.561965823173523
            ]
        ],
        "epoches": [
            0,
            10,
            20
        ]
    },
    "val_avg_precision": {
        "best_results": [
            1.0,
            1.0,
            0.0,
            1.0,
            0.0
        ],
        "all_results": [
            [
                1.0,
                1.0,
                0.0,
                1.0,
                0.0
            ],
            [
                1.0,
                1.0,
                0.0,
                1.0,
                0.0
            ],
            [
                1.0,
                1.0,
                0.0,
                1.0,
                0.0
            ]
        ],
        "epoches": [
            0,
            10,
            20
        ]
    },
    "val_avg_recall": {
        "best_results": [
            0.8853503184713376,
            0.7579617834394905,
            0.0,
            0.9745222929936306,
            0.0
        ],
        "all_results": [
            [
                0.8853503184713376,
                0.7579617834394905,
                0.0,
                0.9745222929936306,
                0.0
            ],
            [
                0.8853503184713376,
                0.7579617834394905,
                0.0,
                0.9745222929936306,
                0.0
            ],
            [
                0.8853503184713376,
                0.7579617834394905,
                0.0,
                0.9745222929936306,
                0.0
            ]
        ],
        "epoches": [
            0,
            10,
            20
        ]
    },
    "val_avg_f1": {
        "best_results": [
            0.9391891891891893,
            0.8623188405797102,
            0.0,
            0.9870967741935484,
            0.0
        ],
        "all_results": [
            [
                0.9391891891891893,
                0.8623188405797102,
                0.0,
                0.9870967741935484,
                0.0
            ],
            [
                0.9391891891891893,
                0.8623188405797102,
                0.0,
                0.9870967741935484,
                0.0
            ],
            [
                0.9391891891891893,
                0.8623188405797102,
                0.0,
                0.9870967741935484,
                0.0
            ]
        ],
        "epoches": [
            0,
            10,
            20
        ]
    },
    "val_avg_accuracy": {
        "best_results": [
            0.8853503465652466,
            0.7579618096351624,
            0.42675158381462097,
            0.9745222926139832,
            0.522292971611023
        ],
        "all_results": [
            [
                0.8853503465652466,
                0.7579618096351624,
                0.42675158381462097,
                0.9745222926139832,
                0.522292971611023
            ],
            [
                0.8853503465652466,
                0.7579618096351624,
                0.42675158381462097,
                0.9745222926139832,
                0.522292971611023
            ],
            [
                0.8853503465652466,
                0.7579618096351624,
                0.42675158381462097,
                0.9745222926139832,
                0.522292971611023
            ]
        ],
        "epoches": [
            0,
            10,
            20
        ]
    },
    "test_avg_precision": {
        "best_results": [
            1.0,
            1.0,
            0.0,
            1.0,
            0.0
        ],
        "all_results": [
            [
                1.0,
                1.0,
                0.0,
                1.0,
                0.0
            ],
            [
                1.0,
                1.0,
                0.0,
                1.0,
                0.0
            ],
            [
                1.0,
                1.0,
                0.0,
                1.0,
                0.0
            ]
        ],
        "epoches": [
            0,
            10,
            20
        ]
    },
    "test_avg_recall": {
        "best_results": [
            0.8653846153846154,
            0.8076923076923077,
            0.0,
            0.9230769230769231,
            0.0
        ],