{
    "train_avg_precision": {
        "best_results": [
            1.0,
            1.0,
            1.0,
            0.0,
            0.0
        ],
        "all_results": [
            [
                1.0,
                1.0,
                1.0,
                0.0,
                0.0
            ],
            [
                1.0,
                0.0,
                1.0,
                0.0,
                0.0
            ],
            [
                1.0,
                0.0,
                1.0,
                0.0,
                0.0
            ]
        ],
        "epoches": [
            0,
            10,
            20
        ]
    },
    "train_avg_recall": {
        "best_results": [
            0.891156462585034,
            0.6780045351473923,
            0.9795918367346939,
            0.0,
            0.0
        ],
        "all_results": [
            [
                0.891156462585034,
                0.6780045351473923,
                0.9795918367346939,
                0.0,
                0.0
            ],
            [
                0.891156462585034,
                0.0,
                0.9795918367346939,
                0.0,
                0.0
            ],
            [
                0.891156462585034,
                0.0,
                0.9795918367346939,
                0.0,
                0.0
            ]
        ],
        "epoches": [
            0,
            10,
            20
        ]
    },
    "train_avg_f1": {
        "best_results": [
            0.9424460431654677,
            0.8081081081081082,
            0.9896907216494846,
            0.0,
            0.0
        ],
        "all_results": [
            [
                0.9424460431654677,
                0.8081081081081082,
                0.9896907216494846,
                0.0,
                0.0
            ],
            [
                0.9424460431654677,
                0.0,
                0.9896907216494846,
                0.0,
                0.0
            ],
            [
                0.9424460431654677,
                0.0,
                0.9896907216494846,
                0.0,
                0.0
            ]
        ],
        "epoches": [
            0,
            10,
            20
        ]
    },
    "train_avg_accuracy": {
        "best_results": [
            0.8911564350128174,
            0.6780045628547668,
            0.9795918464660645,
            0.478458046913147,
            0.5782312750816345
        ],
        "all_results": [
            [
                0.8911564350128174,
                0.6780045628547668,
                0.9795918464660645,
                0.478458046913147,
                0.5782312750816345
            ],
            [
                0.8911564350128174,
                0.32199546694755554,
                0.9795918464660645,
                0.478458046913147,
                0.5782312750816345
            ],
            [
                0.8911564350128174,
                0.32199546694755554,
                0.9795918464660645,
                0.478458046913147,
                0.5782312750816345
            ]
        ],
        "epoches": [
            0,
            10,
            20
        ]
    },
    "val_avg_precision": {
        "best_results": [
            1.0,
            1.0,
            1.0,
            0.0,
            0.0
        ],
        "all_results": [
            [
                1.0,
                1.0,
                1.0,
                0.0,
                0.0
            ],
            [
                1.0,
                0.0,
                1.0,
                0.0,
                0.0
            ],
            [
                1.0,
                0.0,
                1.0,
                0.0,
                0.0
            ]
        ],
        "epoches": [
            0,
            10,
            20
        ]
    },
    "val_avg_recall": {
        "best_results": [
            0.9183673469387755,
            0.8027210884353742,
            0.9115646258503401,
            0.0,
            0.0
        ],
        "all_results": [
            [
                0.9183673469387755,
                0.8027210884353742,
                0.9115646258503401,
                0.0,
                0.0
            ],
            [
                0.9183673469387755,
                0.0,
                0.9115646258503401,
                0.0,
                0.0
            ],
            [
                0.9183673469387755,
                0.0,
                0.9115646258503401,
                0.0,
                0.0
            ]
        ],
        "epoches": [
            0,
            10,
            20
        ]
    },
    "val_avg_f1": {
        "best_results": [
            0.9574468085106383,
            0.8905660377358491,
            0.9537366548042704,
            0.0,
            0.0
        ],
        "all_results": [
            [
                0.9574468085106383,
                0.8905660377358491,
                0.9537366548042704,
                0.0,
                0.0
            ],
            [
                0.9574468085106383,
                0.0,
                0.9537366548042704,
                0.0,
                0.0
            ],
            [
                0.9574468085106383,
                0.0,
                0.9537366548042704,
                0.0,
                0.0
            ]
        ],
        "epoches": [
            0,
            10,
            20
        ]
    },
    "val_avg_accuracy": {
        "best_results": [
            0.918367326259613,
            0.8027210831642151,
            0.9115646481513977,
            0.36054420471191406,
            0.49659863114356995
        ],
        "all_results": [
            [
                0.918367326259613,
                0.8027210831642151,
                0.9115646481513977,
                0.36054420471191406,
                0.49659863114356995
            ],
            [
                0.918367326259613,
                0.1972789168357849,
                0.9115646481513977,
                0.36054420471191406,
                0.49659863114356995
            ],
            [
                0.918367326259613,
                0.1972789168357849,
                0.9115646481513977,
                0.36054420471191406,
                0.49659863114356995
            ]
        ],
        "epoches": [
            0,
            10,
            20
        ]
    },
    "test_avg_precision": {
        "best_results": [
            1.0,
            1.0,
            1.0,
            0.0,
            0.0
        ],
        "all_results": [
            [
                1.0,
                1.0,
                1.0,
                0.0,
                0.0
            ],
            [
                1.0,
                0.0,
                1.0,
                0.0,
                0.0
            ],
            [
                1.0,
                0.0,
                1.0,
                0.0,
                0.0
            ]
        ],
        "epoches": [
            0,
            10,
            20
        ]
    },
    "test_avg_recall": {
        "best_results": [
            0.8979591836734694,
            0.8027210884353742,
            0.8775510204081632,
            0.0,
            0.0
        ],
        "all_results": [
            [
                0.8979591836734694,
                0.8027210884353742,
                0.8775510204081632,
                0.0,
                0.0
            ],
            [
                0.8979591836734694,
                0.0,
                0.8775510204081632,
                0.0,
                0.0
            ],
            [
                0.8979591836734694,
                0.0,
                0.8775510204081632,
                0.0,
                0.0
            ]
        ],
        "epoches": [
            0,
            10,
            20
        ]
    },