{
    "train_avg_precision": {
        "best_results": [
            1.0,
            1.0,
            1.0,
            1.0,
            1.0
        ],
        "all_results": [
            [
                1.0,
                1.0,
                1.0,
                1.0,
                1.0
            ],
            [
                1.0,
                1.0,
                0.0,
                1.0,
                0.0
            ],
            [
                1.0,
                1.0,
                0.0,
                1.0,
                0.0
            ]
        ],
        "epoches": [
            0,
            10,
            20
        ]
    },
    "train_avg_recall": {
        "best_results": [
            0.8982188295165394,
            0.9821882951653944,
            0.3893129770992366,
            0.7379134860050891,
            0.5114503816793893
        ],
        "all_results": [
            [
                0.8982188295165394,
                0.9821882951653944,
                0.3893129770992366,
                0.7379134860050891,
                0.5114503816793893
            ],
            [
                0.8982188295165394,
                0.9821882951653944,
                0.0,
                0.7379134860050891,
                0.0
            ],
            [
                0.8982188295165394,
                0.9821882951653944,
                0.0,
                0.7379134860050891,
                0.0
            ]
        ],
        "epoches": [
            0,
            10,
            20
        ]
    },
    "train_avg_f1": {
        "best_results": [
            0.9463806970509383,
            0.9910141206675225,
            0.5604395604395604,
            0.849194729136164,
            0.6767676767676767
        ],
        "all_results": [
            [
                0.9463806970509383,
                0.9910141206675225,
                0.5604395604395604,
                0.849194729136164,
                0.6767676767676767
            ],
            [
                0.9463806970509383,
                0.9910141206675225,
                0.0,
                0.849194729136164,
                0.0
            ],
            [
                0.9463806970509383,
                0.9910141206675225,
                0.0,
                0.849194729136164,
                0.0
            ]
        ],
        "epoches": [
            0,
            10,
            20
        ]
    },
    "train_avg_accuracy": {
        "best_results": [
            0.8982188105583191,
            0.9821882843971252,
            0.6106870174407959,
            0.7379134893417358,
            0.5114504098892212
        ],
        "all_results": [
            [
                0.8982188105583191,
                0.9821882843971252,
                0.6106870174407959,
                0.7379134893417358,
                0.5114504098892212
            ],
            [
                0.8982188105583191,
                0.9821882843971252,
                0.6106870174407959,
                0.7379134893417358,
                0.4885496199131012
            ],
            [
                0.8982188105583191,
                0.9821882843971252,
                0.6106870174407959,
                0.7379134893417358,
                0.4885496199131012
            ]
        ],
        "epoches": [
            0,
            10,
            20
        ]
    },
    "val_avg_precision": {
        "best_results": [
            1.0,
            1.0,
            1.0,
            1.0,
            1.0
        ],
        "all_results": [
            [
                1.0,
                1.0,
                1.0,
                1.0,
                1.0
            ],
            [
                1.0,
                1.0,
                0.0,
                1.0,
                0.0
            ],
            [
                1.0,
                1.0,
                0.0,
                1.0,
                0.0
            ]
        ],
        "epoches": [
            0,
            10,
            20
        ]
    },
    "val_avg_recall": {
        "best_results": [
            0.9242424242424242,
            0.9621212121212122,
            0.5075757575757576,
            0.7424242424242424,
            0.6666666666666666
        ],
        "all_results": [
            [
                0.9242424242424242,
                0.9621212121212122,
                0.5075757575757576,
                0.7424242424242424,
                0.6666666666666666
            ],
            [
                0.9242424242424242,
                0.9621212121212122,
                0.0,
                0.7424242424242424,
                0.0
            ],
            [
                0.9242424242424242,
                0.9621212121212122,
                0.0,
                0.7424242424242424,
                0.0
            ]
        ],
        "epoches": [
            0,
            10,
            20
        ]
    },
    "val_avg_f1": {
        "best_results": [
            0.9606299212598425,
            0.9806949806949807,
            0.6733668341708543,
            0.8521739130434782,
            0.8
        ],
        "all_results": [
            [
                0.9606299212598425,
                0.9806949806949807,
                0.6733668341708543,
                0.8521739130434782,
                0.8
            ],
            [
                0.9606299212598425,
                0.9806949806949807,
                0.0,
                0.8521739130434782,
                0.0
            ],
            [
                0.9606299212598425,
                0.9806949806949807,
                0.0,
                0.8521739130434782,
                0.0
            ]
        ],
        "epoches": [
            0,
            10,
            20
        ]
    },
    "val_avg_accuracy": {
        "best_results": [
            0.9242424368858337,
            0.9621211886405945,
            0.5075757503509521,
            0.7424242496490479,
            0.6666666865348816
        ],
        "all_results": [
            [
                0.9242424368858337,
                0.9621211886405945,
                0.5075757503509521,
                0.7424242496490479,
                0.6666666865348816
            ],
            [
                0.9242424368858337,
                0.9621211886405945,
                0.49242424964904785,
                0.7424242496490479,
                0.3333333432674408
            ],
            [
                0.9242424368858337,
                0.9621211886405945,
                0.49242424964904785,
                0.7424242496490479,
                0.3333333432674408
            ]
        ],
        "epoches": [
            0,
            10,
            20
        ]
    },
    "test_avg_precision": {
        "best_results": [
            1.0,
            1.0,
            1.0,
            1.0,
            1.0
        ],
        "all_results": [
            [
                1.0,
                1.0,
                1.0,
                1.0,
                1.0
            ],
            [
                1.0,
                1.0,
                0.0,
                1.0,
                0.0
            ],
            [
                1.0,
                1.0,
                0.0,
                1.0,
                0.0
            ]
        ],
        "epoches": [
            0,
            10,
            20
        ]
    },
    "test_avg_recall": {
        "best_results": [
            0.9465648854961832,
            0.8625954198473282,
            0.48091603053435117,
            0.732824427480916,
            0.7557251908396947
        ],