{
    "train_avg_precision": {
        "best_results": [
            1.0,
            1.0,
            1.0,
            0.0,
            1.0
        ],
        "all_results": [
            [
                1.0,
                1.0,
                1.0,
                0.0,
                1.0
            ],
            [
                1.0,
                0.0,
                1.0,
                0.0,
                0.0
            ],
            [
                1.0,
                1.0,
                1.0,
                0.0,
                0.0
            ]
        ],
        "epoches": [
            0,
            10,
            20
        ]
    },
    "train_avg_recall": {
        "best_results": [
            0.9076576576576577,
            0.6809954751131222,
            0.9774774774774775,
            0.0,
            0.43243243243243246
        ],
        "all_results": [
            [
                0.9076576576576577,
                0.6809954751131222,
                0.9774774774774775,
                0.0,
                0.43243243243243246
            ],
            [
                0.9076576576576577,
                0.0,
                0.9774774774774775,
                0.0,
                0.0
            ],
            [
                0.9076576576576577,
                0.6809954751131222,
                0.9774774774774775,
                0.0,
                0.0
            ]
        ],
        "epoches": [
            0,
            10,
            20
        ]
    },
    "train_avg_f1": {
        "best_results": [
            0.9515938606847698,
            0.8102288021534321,
            0.9886104783599089,
            0.0,
            0.6037735849056604
        ],
        "all_results": [
            [
                0.9515938606847698,
                0.8102288021534321,
                0.9886104783599089,
                0.0,
                0.6037735849056604
            ],
            [
                0.9515938606847698,
                0.0,
                0.9886104783599089,
                0.0,
                0.0
            ],
            [
                0.9515938606847698,
                0.8102288021534321,
                0.9886104783599089,
                0.0,
                0.0
            ]
        ],
        "epoches": [
            0,
            10,
            20
        ]
    },
    "train_avg_accuracy": {
        "best_results": [
            0.9076576828956604,
            0.6824324131011963,
            0.977477490901947,
            0.4324324429035187,
            0.5675675868988037
        ],
        "all_results": [
            [
                0.9076576828956604,
                0.6824324131011963,
                0.977477490901947,
                0.4324324429035187,
                0.5675675868988037
            ],
            [
                0.9076576828956604,
                0.3220720589160919,
                0.977477490901947,
                0.4324324429035187,
                0.5675675868988037
            ],
            [
                0.9076576828956604,
                0.6824324131011963,
                0.977477490901947,
                0.4324324429035187,
                0.5675675868988037
            ]
        ],
        "epoches": [
            0,
            10,
            20
        ]
    },
    "val_avg_precision": {
        "best_results": [
            1.0,
            1.0,
            1.0,
            0.0,
            1.0
        ],
        "all_results": [
            [
                1.0,
                1.0,
                1.0,
                0.0,
                1.0
            ],
            [
                1.0,
                0.0,
                1.0,
                0.0,
                0.0
            ],
            [
                1.0,
                1.0,
                1.0,
                0.0,
                0.0
            ]
        ],
        "epoches": [
            0,
            10,
            20
        ]
    },
    "val_avg_recall": {
        "best_results": [
            0.8783783783783784,
            0.7724137931034483,
            0.9324324324324325,
            0.0,
            0.3918918918918919
        ],
        "all_results": [
            [
                0.8783783783783784,
                0.7724137931034483,
                0.9324324324324325,
                0.0,
                0.3918918918918919
            ],
            [
                0.8783783783783784,
                0.0,
                0.9324324324324325,
                0.0,
                0.0
            ],
            [
                0.8783783783783784,
                0.7724137931034483,
                0.9324324324324325,
                0.0,
                0.0
            ]
        ],
        "epoches": [
            0,
            10,
            20
        ]
    },
    "val_avg_f1": {
        "best_results": [
            0.935251798561151,
            0.8715953307392996,
            0.965034965034965,
            0.0,
            0.5631067961165048
        ],
        "all_results": [
            [
                0.935251798561151,
                0.8715953307392996,
                0.965034965034965,
                0.0,
                0.5631067961165048
            ],
            [
                0.935251798561151,
                0.0,
                0.965034965034965,
                0.0,
                0.0
            ],
            [
                0.935251798561151,
                0.8715953307392996,
                0.965034965034965,
                0.0,
                0.0
            ]
        ],
        "epoches": [
            0,
            10,
            20
        ]
    },
    "val_avg_accuracy": {
        "best_results": [
            0.8783783912658691,
            0.7770270109176636,
            0.9324324131011963,
            0.36486485600471497,
            0.6081081032752991
        ],
        "all_results": [
            [
                0.8783783912658691,
                0.7770270109176636,
                0.9324324131011963,
                0.36486485600471497,
                0.6081081032752991
            ],
            [
                0.8783783912658691,
                0.2432432472705841,
                0.9324324131011963,
                0.36486485600471497,
                0.6081081032752991
            ],
            [
                0.8783783912658691,
                0.7770270109176636,
                0.9324324131011963,
                0.36486485600471497,
                0.6081081032752991
            ]
        ],
        "epoches": [
            0,
            10,
            20
        ]
    },
    "test_avg_precision": {
        "best_results": [
            1.0,
            1.0,
            1.0,
            0.0,
            1.0
        ],
        "all_results": [
            [
                1.0,
                1.0,
                1.0,
                0.0,
                1.0
            ],
            [
                1.0,
                0.0,
                1.0,
                0.0,
                0.0
            ],
            [
                1.0,
                0.9829059829059829,
                1.0,
                0.0,
                0.0
            ]
        ],
        "epoches": [
            0,
            10,
            20
        ]
    },
    "test_avg_recall": {
        "best_results": [
            0.8918918918918919,
            0.8098591549295775,
            0.8648648648648649,
            0.0,
            0.6013513513513513
        ],