{
    "train_avg_precision": {
        "best_results": [
            1.0,
            1.0,
            1.0,
            0.0,
            1.0
        ],
        "all_results": [
            [
                1.0,
                1.0,
                1.0,
                0.0,
                1.0
            ],
            [
                1.0,
                1.0,
                1.0,
                0.0,
                0.0
            ],
            [
                1.0,
                1.0,
                1.0,
                0.0,
                0.0
            ]
        ],
        "epoches": [
            0,
            10,
            20
        ]
    },
    "train_avg_recall": {
        "best_results": [
            0.8940886699507389,
            0.7142857142857143,
            0.9482758620689655,
            0.0,
            0.42610837438423643
        ],
        "all_results": [
            [
                0.8940886699507389,
                0.7142857142857143,
                0.9482758620689655,
                0.0,
                0.42610837438423643
            ],
            [
                0.8940886699507389,
                0.7142857142857143,
                0.9482758620689655,
                0.0,
                0.0
            ],
            [
                0.8940886699507389,
                0.7142857142857143,
                0.9482758620689655,
                0.0,
                0.0
            ]
        ],
        "epoches": [
            0,
            10,
            20
        ]
    },
    "train_avg_f1": {
        "best_results": [
            0.9440832249674902,
            0.8333333333333333,
            0.9734513274336283,
            0.0,
            0.5975820379965457
        ],
        "all_results": [
            [
                0.9440832249674902,
                0.8333333333333333,
                0.9734513274336283,
                0.0,
                0.5975820379965457
            ],
            [
                0.9440832249674902,
                0.8333333333333333,
                0.9734513274336283,
                0.0,
                0.0
            ],
            [
                0.9440832249674902,
                0.8333333333333333,
                0.9734513274336283,
                0.0,
                0.0
            ]
        ],
        "epoches": [
            0,
            10,
            20
        ]
    },
    "train_avg_accuracy": {
        "best_results": [
            0.8940886855125427,
            0.7142857313156128,
            0.9482758641242981,
            0.4556650221347809,
            0.5738916397094727
        ],
        "all_results": [
            [
                0.8940886855125427,
                0.7142857313156128,
                0.9482758641242981,
                0.4556650221347809,
                0.5738916397094727
            ],
            [
                0.8940886855125427,
                0.7142857313156128,
                0.9482758641242981,
                0.4556650221347809,
                0.5738916397094727
            ],
            [
                0.8940886855125427,
                0.7142857313156128,
                0.9482758641242981,
                0.4556650221347809,
                0.5738916397094727
            ]
        ],
        "epoches": [
            0,
            10,
            20
        ]
    },
    "val_avg_precision": {
        "best_results": [
            1.0,
            1.0,
            1.0,
            0.0,
            1.0
        ],
        "all_results": [
            [
                1.0,
                1.0,
                1.0,
                0.0,
                1.0
            ],
            [
                1.0,
                1.0,
                1.0,
                0.0,
                0.0
            ],
            [
                1.0,
                1.0,
                1.0,
                0.0,
                0.0
            ]
        ],
        "epoches": [
            0,
            10,
            20
        ]
    },
    "val_avg_recall": {
        "best_results": [
            0.9411764705882353,
            0.6985294117647058,
            0.9558823529411765,
            0.0,
            0.4264705882352941
        ],
        "all_results": [
            [
                0.9411764705882353,
                0.6985294117647058,
                0.9558823529411765,
                0.0,
                0.4264705882352941
            ],
            [
                0.9411764705882353,
                0.6985294117647058,
                0.9558823529411765,
                0.0,
                0.0
            ],
            [
                0.9411764705882353,
                0.6985294117647058,
                0.9558823529411765,
                0.0,
                0.0
            ]
        ],
        "epoches": [
            0,
            10,
            20
        ]
    },
    "val_avg_f1": {
        "best_results": [
            0.9696969696969697,
            0.8225108225108225,
            0.9774436090225563,
            0.0,
            0.5979381443298969
        ],
        "all_results": [
            [
                0.9696969696969697,
                0.8225108225108225,
                0.9774436090225563,
                0.0,
                0.5979381443298969
            ],
            [
                0.9696969696969697,
                0.8225108225108225,
                0.9774436090225563,
                0.0,
                0.0
            ],
            [
                0.9696969696969697,
                0.8225108225108225,
                0.9774436090225563,
                0.0,
                0.0
            ]
        ],
        "epoches": [
            0,
            10,
            20
        ]
    },
    "val_avg_accuracy": {
        "best_results": [
            0.9411764740943909,
            0.6985294222831726,
            0.9558823704719543,
            0.27941176295280457,
            0.5735294222831726
        ],
        "all_results": [
            [
                0.9411764740943909,
                0.6985294222831726,
                0.9558823704719543,
                0.27941176295280457,
                0.5735294222831726
            ],
            [
                0.9411764740943909,
                0.6985294222831726,
                0.9558823704719543,
                0.27941176295280457,
                0.5735294222831726
            ],
            [
                0.9411764740943909,
                0.6985294222831726,
                0.9558823704719543,
                0.27941176295280457,
                0.5735294222831726
            ]
        ],
        "epoches": [
            0,
            10,
            20
        ]
    },
    "test_avg_precision": {
        "best_results": [
            1.0,
            1.0,
            1.0,
            0.0,
            1.0
        ],
        "all_results": [
            [
                1.0,
                1.0,
                1.0,
                0.0,
                1.0
            ],
            [
                1.0,
                1.0,
                1.0,
                0.0,
                0.0
            ],
            [
                1.0,
                1.0,
                1.0,
                0.0,
                0.0
            ]
        ],
        "epoches": [
            0,
            10,
            20
        ]
    },
    "test_avg_recall": {
        "best_results": [
            0.9555555555555556,
            0.8148148148148148,
            0.9037037037037037,
            0.0,
            0.45925925925925926
        ],