{
    "train_avg_precision": {
        "best_results": [
            1.0,
            1.0,
            1.0,
            1.0,
            0.0
        ],
        "all_results": [
            [
                1.0,
                1.0,
                1.0,
                1.0,
                0.0
            ],
            [
                1.0,
                1.0,
                1.0,
                0.0,
                0.0
            ],
            [
                1.0,
                1.0,
                1.0,
                0.0,
                0.0
            ]
        ],
        "epoches": [
            0,
            10,
            20
        ]
    },
    "train_avg_recall": {
        "best_results": [
            0.88268156424581,
            0.7346368715083799,
            0.9581005586592178,
            0.41899441340782123,
            0.0
        ],
        "all_results": [
            [
                0.88268156424581,
                0.7346368715083799,
                0.9581005586592178,
                0.41899441340782123,
                0.0
            ],
            [
                0.88268156424581,
                0.7346368715083799,
                0.9581005586592178,
                0.0,
                0.0
            ],
            [
                0.88268156424581,
                0.7346368715083799,
                0.9581005586592178,
                0.0,
                0.0
            ]
        ],
        "epoches": [
            0,
            10,
            20
        ]
    },
    "train_avg_f1": {
        "best_results": [
            0.9376854599406529,
            0.8470209339774557,
            0.9786019971469329,
            0.5905511811023623,
            0.0
        ],
        "all_results": [
            [
                0.9376854599406529,
                0.8470209339774557,
                0.9786019971469329,
                0.5905511811023623,
                0.0
            ],
            [
                0.9376854599406529,
                0.8470209339774557,
                0.9786019971469329,
                0.0,
                0.0
            ],
            [
                0.9376854599406529,
                0.8470209339774557,
                0.9786019971469329,
                0.0,
                0.0
            ]
        ],
        "epoches": [
            0,
            10,
            20
        ]
    },
    "train_avg_accuracy": {
        "best_results": [
            0.8826815485954285,
            0.7346368432044983,
            0.9581005573272705,
            0.5810055732727051,
            0.5363128781318665
        ],
        "all_results": [
            [
                0.8826815485954285,
                0.7346368432044983,
                0.9581005573272705,
                0.5810055732727051,
                0.5363128781318665
            ],
            [
                0.8826815485954285,
                0.7346368432044983,
                0.9581005573272705,
                0.5810055732727051,
                0.5363128781318665
            ],
            [
                0.8826815485954285,
                0.7346368432044983,
                0.9581005573272705,
                0.5810055732727051,
                0.5363128781318665
            ]
        ],
        "epoches": [
            0,
            10,
            20
        ]
    },
    "val_avg_precision": {
        "best_results": [
            1.0,
            1.0,
            1.0,
            1.0,
            0.0
        ],
        "all_results": [
            [
                1.0,
                1.0,
                1.0,
                1.0,
                0.0
            ],
            [
                1.0,
                1.0,
                1.0,
                0.0,
                0.0
            ],
            [
                1.0,
                1.0,
                1.0,
                0.0,
                0.0
            ]
        ],
        "epoches": [
            0,
            10,
            20
        ]
    },
    "val_avg_recall": {
        "best_results": [
            0.9166666666666666,
            0.6583333333333333,
            0.9416666666666667,
            0.49166666666666664,
            0.0
        ],
        "all_results": [
            [
                0.9166666666666666,
                0.6583333333333333,
                0.9416666666666667,
                0.49166666666666664,
                0.0
            ],
            [
                0.9166666666666666,
                0.6583333333333333,
                0.9416666666666667,
                0.0,
                0.0
            ],
            [
                0.9166666666666666,
                0.6583333333333333,
                0.9416666666666667,
                0.0,
                0.0
            ]
        ],
        "epoches": [
            0,
            10,
            20
        ]
    },
    "val_avg_f1": {
        "best_results": [
            0.9565217391304348,
            0.7939698492462312,
            0.9699570815450643,
            0.659217877094972,
            0.0
        ],
        "all_results": [
            [
                0.9565217391304348,
                0.7939698492462312,
                0.9699570815450643,
                0.659217877094972,
                0.0
            ],
            [
                0.9565217391304348,
                0.7939698492462312,
                0.9699570815450643,
                0.0,
                0.0
            ],
            [
                0.9565217391304348,
                0.7939698492462312,
                0.9699570815450643,
                0.0,
                0.0
            ]
        ],
        "epoches": [
            0,
            10,
            20
        ]
    },
    "val_avg_accuracy": {
        "best_results": [
            0.9166666865348816,
            0.6583333611488342,
            0.9416666626930237,
            0.5083333253860474,
            0.44999998807907104
        ],
        "all_results": [
            [
                0.9166666865348816,
                0.6583333611488342,
                0.9416666626930237,
                0.5083333253860474,
                0.44999998807907104
            ],
            [
                0.9166666865348816,
                0.6583333611488342,
                0.9416666626930237,
                0.5083333253860474,
                0.44999998807907104
            ],
            [
                0.9166666865348816,
                0.6583333611488342,
                0.9416666626930237,
                0.5083333253860474,
                0.44999998807907104
            ]
        ],
        "epoches": [
            0,
            10,
            20
        ]
    },
    "test_avg_precision": {
        "best_results": [
            1.0,
            1.0,
            1.0,
            1.0,
            0.0
        ],
        "all_results": [
            [
                1.0,
                1.0,
                1.0,
                1.0,
                0.0
            ],
            [
                1.0,
                1.0,
                1.0,
                0.0,
                0.0
            ],
            [
                1.0,
                1.0,
                1.0,
                0.0,
                0.0
            ]
        ],
        "epoches": [
            0,
            10,
            20
        ]
    },
    "test_avg_recall": {
        "best_results": [
            0.8916666666666667,
            0.7,
            0.9333333333333333,
            0.6083333333333333,
            0.0
        ],