{
    "train_avg_precision": {
        "best_results": [
            1.0,
            1.0,
            1.0,
            1.0,
            0.0
        ],
        "all_results": [
            [
                1.0,
                1.0,
                1.0,
                1.0,
                0.0
            ],
            [
                1.0,
                1.0,
                1.0,
                0.0,
                0.0
            ],
            [
                1.0,
                1.0,
                1.0,
                0.0,
                0.0
            ]
        ],
        "epoches": [
            0,
            10,
            20
        ]
    },
    "train_avg_recall": {
        "best_results": [
            0.8513513513513513,
            0.7405405405405405,
            0.9702702702702702,
            0.37567567567567567,
            0.0
        ],
        "all_results": [
            [
                0.8513513513513513,
                0.7405405405405405,
                0.9702702702702702,
                0.37567567567567567,
                0.0
            ],
            [
                0.8513513513513513,
                0.7405405405405405,
                0.9702702702702702,
                0.0,
                0.0
            ],
            [
                0.8513513513513513,
                0.7405405405405405,
                0.9702702702702702,
                0.0,
                0.0
            ]
        ],
        "epoches": [
            0,
            10,
            20
        ]
    },
    "train_avg_f1": {
        "best_results": [
            0.9197080291970803,
            0.8509316770186335,
            0.9849108367626885,
            0.5461689587426326,
            0.0
        ],
        "all_results": [
            [
                0.9197080291970803,
                0.8509316770186335,
                0.9849108367626885,
                0.5461689587426326,
                0.0
            ],
            [
                0.9197080291970803,
                0.8509316770186335,
                0.9849108367626885,
                0.0,
                0.0
            ],
            [
                0.9197080291970803,
                0.8509316770186335,
                0.9849108367626885,
                0.0,
                0.0
            ]
        ],
        "epoches": [
            0,
            10,
            20
        ]
    },
    "train_avg_accuracy": {
        "best_results": [
            0.8513513803482056,
            0.7405405640602112,
            0.9702702760696411,
            0.6243243217468262,
            0.4837837815284729
        ],
        "all_results": [
            [
                0.8513513803482056,
                0.7405405640602112,
                0.9702702760696411,
                0.6243243217468262,
                0.4837837815284729
            ],
            [
                0.8513513803482056,
                0.7405405640602112,
                0.9702702760696411,
                0.6243243217468262,
                0.4837837815284729
            ],
            [
                0.8513513803482056,
                0.7405405640602112,
                0.9702702760696411,
                0.6243243217468262,
                0.4837837815284729
            ]
        ],
        "epoches": [
            0,
            10,
            20
        ]
    },
    "val_avg_precision": {
        "best_results": [
            1.0,
            1.0,
            1.0,
            1.0,
            0.0
        ],
        "all_results": [
            [
                1.0,
                1.0,
                1.0,
                1.0,
                0.0
            ],
            [
                1.0,
                1.0,
                1.0,
                0.0,
                0.0
            ],
            [
                1.0,
                1.0,
                1.0,
                0.0,
                0.0
            ]
        ],
        "epoches": [
            0,
            10,
            20
        ]
    },
    "val_avg_recall": {
        "best_results": [
            0.8548387096774194,
            0.7580645161290323,
            0.9596774193548387,
            0.4435483870967742,
            0.0
        ],
        "all_results": [
            [
                0.8548387096774194,
                0.7580645161290323,
                0.9596774193548387,
                0.4435483870967742,
                0.0
            ],
            [
                0.8548387096774194,
                0.7580645161290323,
                0.9596774193548387,
                0.0,
                0.0
            ],
            [
                0.8548387096774194,
                0.7580645161290323,
                0.9596774193548387,
                0.0,
                0.0
            ]
        ],
        "epoches": [
            0,
            10,
            20
        ]
    },
    "val_avg_f1": {
        "best_results": [
            0.9217391304347826,
            0.8623853211009175,
            0.9794238683127572,
            0.6145251396648045,
            0.0
        ],
        "all_results": [
            [
                0.9217391304347826,
                0.8623853211009175,
                0.9794238683127572,
                0.6145251396648045,
                0.0
            ],
            [
                0.9217391304347826,
                0.8623853211009175,
                0.9794238683127572,
                0.0,
                0.0
            ],
            [
                0.9217391304347826,
                0.8623853211009175,
                0.9794238683127572,
                0.0,
                0.0
            ]
        ],
        "epoches": [
            0,
            10,
            20
        ]
    },
    "val_avg_accuracy": {
        "best_results": [
            0.8548387289047241,
            0.7580645084381104,
            0.9596773982048035,
            0.5564516186714172,
            0.4193548262119293
        ],
        "all_results": [
            [
                0.8548387289047241,
                0.7580645084381104,
                0.9596773982048035,
                0.5564516186714172,
                0.4193548262119293
            ],
            [
                0.8548387289047241,
                0.7580645084381104,
                0.9596773982048035,
                0.5564516186714172,
                0.4193548262119293
            ],
            [
                0.8548387289047241,
                0.7580645084381104,
                0.9596773982048035,
                0.5564516186714172,
                0.4193548262119293
            ]
        ],
        "epoches": [
            0,
            10,
            20
        ]
    },
    "test_avg_precision": {
        "best_results": [
            1.0,
            1.0,
            1.0,
            1.0,
            0.0
        ],
        "all_results": [
            [
                1.0,
                1.0,
                1.0,
                1.0,
                0.0
            ],
            [
                1.0,
                1.0,
                1.0,
                0.0,
                0.0
            ],
            [
                1.0,
                1.0,
                1.0,
                0.0,
                0.0
            ]
        ],
        "epoches": [
            0,
            10,
            20
        ]
    },
    "test_avg_recall": {
        "best_results": [
            0.9032258064516129,
            0.6451612903225806,
            0.8870967741935484,
            0.45161290322580644,
            0.0
        ],